experiment_id,result_group,model,dataset,seed,summary_path,checkpoint_path,config_path,predictions_path,n,cer,wer,exact,pred_len_mean,blank_logit_penalty,checkpoint_epoch,checkpoint_val_cer,grouped_domains,included_in_thesis,notes,cyrillic_handwriting_cer,cyrillic_handwriting_wer,cyrillic_handwriting_exact,hkr_words_cer,hkr_words_wer,hkr_words_exact,school_notebooks_clean_cer,school_notebooks_clean_wer,school_notebooks_clean_exact
border_suppression_v1,diagnostic,border_suppression_v1,school_notebooks_clean,,outputs/h2_gold_audit_v1/border_suppression_v1/summary.json,,,,23,,,,,,,,,needs_decision,,,,,,,,,,
candidates,diagnostic,candidates,,,outputs/h2_gold_audit_v1/candidates/summary.json,,,,,,,,,,,,,needs_decision,,,,,,,,,,
contact_sheet,diagnostic,contact_sheet,,,outputs/h2_gold_audit_v1/contact_sheet/summary.json,,,,100,,,,,,,,,needs_decision,,,,,,,,,,
school_dark_padding_repair_v1,diagnostic,school_dark_padding_repair_v1,school_notebooks_clean,,outputs/h2_gold_audit_v1/school_dark_padding_repair_v1/summary.json,,,,,,,,,,,,,needs_decision,,,,,,,,,,
school_foreground_v3,diagnostic,school_foreground_v3,school_notebooks_clean,,outputs/h2_gold_audit_v1/school_foreground_v3/summary.json,,,,23,,,,,,,,,needs_decision,,,,,,,,,,
image_only_clean,primary,image_only_clean,,,outputs/h3_graph_quality_v1/image_only_clean/summary.json,,,,,,,,,,,,,needs_decision,,,,,,,,,,
image_only_clean_v2,primary,image_only_clean_v2,,,outputs/h3_graph_quality_v1/image_only_clean_v2/summary.json,,,,,,,,,,,,,needs_decision,,,,,,,,,,
eval_full_cyrillic_v1_test_final,primary,eval_full_cyrillic_v1_test_final,,,outputs/htr_baseline_v1/eval_full_cyrillic_v1_test_final/summary.json,,,outputs/htr_baseline_v1/eval_full_cyrillic_v1_test_final/predictions.jsonl,1563,0.14053150582338028,0.5470036255065046,0.39859245041586694,9.431222008957134,-0.4,63,0.0810908965262766,"cyrillic_handwriting|phrase|None,cyrillic_handwriting|word|None",needs_decision,,,,,,,,,,
eval_full_cyrillic_v1_train_final,primary,eval_full_cyrillic_v1_train_final,,,outputs/htr_baseline_v1/eval_full_cyrillic_v1_train_final/summary.json,,,outputs/htr_baseline_v1/eval_full_cyrillic_v1_train_final/predictions.jsonl,65031,0.003706065303965444,0.02407210919920241,0.9728898525318694,7.467776906398487,-0.4,63,0.0810908965262766,"cyrillic_handwriting|phrase|None,cyrillic_handwriting|word|None",needs_decision,,,,,,,,,,
eval_full_cyrillic_v1_val_final,primary,eval_full_cyrillic_v1_val_final,,,outputs/htr_baseline_v1/eval_full_cyrillic_v1_val_final/summary.json,,,outputs/htr_baseline_v1/eval_full_cyrillic_v1_val_final/predictions.jsonl,7232,0.08085436907536696,0.3268436578171092,0.6645464601769911,7.409430309734513,-0.4,63,0.0810908965262766,"cyrillic_handwriting|phrase|None,cyrillic_handwriting|word|None",needs_decision,,,,,,,,,,
eval_full_hkr_words_v1_test_final,primary,eval_full_hkr_words_v1_test_final,,,outputs/htr_baseline_v1/eval_full_hkr_words_v1_test_final/summary.json,,,outputs/htr_baseline_v1/eval_full_hkr_words_v1_test_final/predictions.jsonl,6495,0.1525421159570027,0.5186425455478618,0.371824480369515,10.273903002309469,-0.6,72,0.13101144310783036,"hkr_words|phrase|None,hkr_words|word|None",needs_decision,,,,,,,,,,
eval_full_hkr_words_v1_train_final,primary,eval_full_hkr_words_v1_train_final,,,outputs/htr_baseline_v1/eval_full_hkr_words_v1_train_final/summary.json,,,outputs/htr_baseline_v1/eval_full_hkr_words_v1_train_final/predictions.jsonl,51954,0.0028537487974202467,0.017722729080853736,0.9713785271586404,11.168321977133619,-0.6,72,0.13101144310783036,"hkr_words|phrase|None,hkr_words|word|None",needs_decision,,,,,,,,,,
eval_full_hkr_words_v1_val_final,primary,eval_full_hkr_words_v1_val_final,,,outputs/htr_baseline_v1/eval_full_hkr_words_v1_val_final/summary.json,,,outputs/htr_baseline_v1/eval_full_hkr_words_v1_val_final/predictions.jsonl,6494,0.1310928369219005,0.4641797556719077,0.4314752078842008,10.154296273483215,-0.6,72,0.13101144310783036,"hkr_words|phrase|None,hkr_words|word|None",needs_decision,,,,,,,,,,
eval_full_iam_v1_test_final,primary,eval_full_iam_v1_test_final,,,outputs/htr_baseline_v1/eval_full_iam_v1_test_final/summary.json,,,outputs/htr_baseline_v1/eval_full_iam_v1_test_final/predictions.jsonl,1039,0.06366733557681778,0.2202036934378109,0.2685274302213667,43.6390760346487,-0.5,76,0.06699550696201605,iam|line|None,needs_decision,,,,,,,,,,
eval_full_iam_v1_train_final,primary,eval_full_iam_v1_train_final,,,outputs/htr_baseline_v1/eval_full_iam_v1_train_final/summary.json,,,outputs/htr_baseline_v1/eval_full_iam_v1_train_final/predictions.jsonl,11134,0.0007167616823019173,0.003717254264993576,0.9718879109035388,43.22354948805461,-0.5,76,0.06699550696201605,iam|line|None,needs_decision,,,,,,,,,,
eval_full_iam_v1_val_final,primary,eval_full_iam_v1_val_final,,,outputs/htr_baseline_v1/eval_full_iam_v1_val_final/summary.json,,,outputs/htr_baseline_v1/eval_full_iam_v1_val_final/predictions.jsonl,1180,0.06700994512899658,0.22772088053743073,0.25084745762711863,42.7135593220339,-0.5,76,0.06699550696201605,iam|line|None,needs_decision,,,,,,,,,,
eval_full_school_notebooks_v1_test_final,primary,eval_full_school_notebooks_v1_test_final,,,outputs/htr_baseline_v1/eval_full_school_notebooks_v1_test_final/summary.json,,,outputs/htr_baseline_v1/eval_full_school_notebooks_v1_test_final/predictions.jsonl,24623,0.08377374948852143,0.30601470170166106,0.6997522641432806,5.828656134508386,-0.2,47,0.04932361069038134,"school_notebooks_clean|phrase|pupil_text,school_notebooks_clean|phrase|teacher_comment,school_notebooks_clean|word|pupil_comment,school_notebooks_clean|word|pupil_text,school_notebooks_clean|word|teacher_comment",needs_decision,,,,,,,,,,
eval_full_school_notebooks_v1_train_final,primary,eval_full_school_notebooks_v1_train_final,,,outputs/htr_baseline_v1/eval_full_school_notebooks_v1_train_final/summary.json,,,outputs/htr_baseline_v1/eval_full_school_notebooks_v1_train_final/predictions.jsonl,234833,0.006103460132414311,0.03717877121593805,0.9629822043750239,5.862161621237219,-0.2,47,0.04932361069038134,"school_notebooks_clean|phrase|pupil_comment,school_notebooks_clean|phrase|pupil_text,school_notebooks_clean|phrase|teacher_comment,school_notebooks_clean|word|pupil_comment,school_notebooks_clean|word|pupil_text,school_notebooks_clean|word|teacher_comment",needs_decision,,,,,,,,,,
eval_full_school_notebooks_v1_val_final,primary,eval_full_school_notebooks_v1_val_final,,,outputs/htr_baseline_v1/eval_full_school_notebooks_v1_val_final/summary.json,,,outputs/htr_baseline_v1/eval_full_school_notebooks_v1_val_final/predictions.jsonl,24214,0.04924816684279359,0.1947495938988464,0.8094077806227802,5.9176096473114725,-0.2,47,0.04932361069038134,"school_notebooks_clean|phrase|pupil_text,school_notebooks_clean|phrase|teacher_comment,school_notebooks_clean|word|pupil_comment,school_notebooks_clean|word|pupil_text,school_notebooks_clean|word|teacher_comment",needs_decision,,,,,,,,,,
eval_mini10k_cyrillic_v1_test,primary,eval_mini10k_cyrillic_v1_test,,,outputs/htr_baseline_v1/eval_mini10k_cyrillic_v1_test/summary.json,,,outputs/htr_baseline_v1/eval_mini10k_cyrillic_v1_test/predictions.jsonl,1563,0.25555111461612673,0.7892727660481978,0.1695457453614843,9.220729366602686,-0.5620253164556961,72,0.1609431527987832,"cyrillic_handwriting|phrase|None,cyrillic_handwriting|word|None",needs_decision,,,,,,,,,,
eval_mini10k_cyrillic_v1_test_final,primary,eval_mini10k_cyrillic_v1_test_final,,,outputs/htr_baseline_v1/eval_mini10k_cyrillic_v1_test_final/summary.json,,,outputs/htr_baseline_v1/eval_mini10k_cyrillic_v1_test_final/predictions.jsonl,1563,0.25556994036073877,0.7890061846875667,0.1708253358925144,9.28342930262316,-0.9,72,0.1609431527987832,"cyrillic_handwriting|phrase|None,cyrillic_handwriting|word|None",needs_decision,,,,,,,,,,
eval_mini10k_cyrillic_v1_train,primary,eval_mini10k_cyrillic_v1_train,,,outputs/htr_baseline_v1/eval_mini10k_cyrillic_v1_train/summary.json,,,outputs/htr_baseline_v1/eval_mini10k_cyrillic_v1_train/predictions.jsonl,10000,0.0005028983238983237,0.0024,0.9973,7.406,-0.4,72,0.1609431527987832,"cyrillic_handwriting|phrase|None,cyrillic_handwriting|word|None",needs_decision,,,,,,,,,,
eval_mini10k_cyrillic_v1_train_final,primary,eval_mini10k_cyrillic_v1_train_final,,,outputs/htr_baseline_v1/eval_mini10k_cyrillic_v1_train_final/summary.json,,,outputs/htr_baseline_v1/eval_mini10k_cyrillic_v1_train_final/predictions.jsonl,10000,0.00047611621711621705,0.0022333333333333337,0.9975,7.4073,-0.9,72,0.1609431527987832,"cyrillic_handwriting|phrase|None,cyrillic_handwriting|word|None",needs_decision,,,,,,,,,,
eval_mini10k_cyrillic_v1_val,primary,eval_mini10k_cyrillic_v1_val,,,outputs/htr_baseline_v1/eval_mini10k_cyrillic_v1_val/summary.json,,,outputs/htr_baseline_v1/eval_mini10k_cyrillic_v1_val/predictions.jsonl,2000,0.1613407232838537,0.5521499999999999,0.437,7.287,-0.4,72,0.1609431527987832,"cyrillic_handwriting|phrase|None,cyrillic_handwriting|word|None",needs_decision,,,,,,,,,,
eval_mini10k_cyrillic_v1_val_final,primary,eval_mini10k_cyrillic_v1_val_final,,,outputs/htr_baseline_v1/eval_mini10k_cyrillic_v1_val_final/summary.json,,,outputs/htr_baseline_v1/eval_mini10k_cyrillic_v1_val_final/predictions.jsonl,2000,0.16015036413320047,0.5506499999999999,0.439,7.3255,-0.9,72,0.1609431527987832,"cyrillic_handwriting|phrase|None,cyrillic_handwriting|word|None",needs_decision,,,,,,,,,,
eval_mini10k_hkr_words_v1_test_final,primary,eval_mini10k_hkr_words_v1_test_final,,,outputs/htr_baseline_v1/eval_mini10k_hkr_words_v1_test_final/summary.json,,,outputs/htr_baseline_v1/eval_mini10k_hkr_words_v1_test_final/predictions.jsonl,2000,0.21581158558288902,0.6825833333333337,0.1955,10.182,-0.9,40,0.20993709594713755,"hkr_words|phrase|None,hkr_words|word|None",needs_decision,,,,,,,,,,
eval_mini10k_hkr_words_v1_test_final_bestpen,primary,eval_mini10k_hkr_words_v1_test_final_bestpen,,,outputs/htr_baseline_v1/eval_mini10k_hkr_words_v1_test_final_bestpen/summary.json,,,outputs/htr_baseline_v1/eval_mini10k_hkr_words_v1_test_final_bestpen/predictions.jsonl,2000,0.21394474943700884,0.6803750000000002,0.1975,10.248,-1.2101265822784808,40,0.20993709594713755,"hkr_words|phrase|None,hkr_words|word|None",needs_decision,,,,,,,,,,
eval_mini10k_hkr_words_v1_train_final,primary,eval_mini10k_hkr_words_v1_train_final,,,outputs/htr_baseline_v1/eval_mini10k_hkr_words_v1_train_final/summary.json,,,outputs/htr_baseline_v1/eval_mini10k_hkr_words_v1_train_final/predictions.jsonl,10000,0.013985738744530534,0.0852700000000003,0.8622,11.1078,-0.9,40,0.20993709594713755,"hkr_words|phrase|None,hkr_words|word|None",needs_decision,,,,,,,,,,
eval_mini10k_hkr_words_v1_train_final_bestpen,primary,eval_mini10k_hkr_words_v1_train_final_bestpen,,,outputs/htr_baseline_v1/eval_mini10k_hkr_words_v1_train_final_bestpen/summary.json,,,outputs/htr_baseline_v1/eval_mini10k_hkr_words_v1_train_final_bestpen/predictions.jsonl,10000,0.013746162683336838,0.08378666666666691,0.8653,11.1258,-1.2101265822784808,40,0.20993709594713755,"hkr_words|phrase|None,hkr_words|word|None",needs_decision,,,,,,,,,,
eval_mini10k_hkr_words_v1_val_final,primary,eval_mini10k_hkr_words_v1_val_final,,,outputs/htr_baseline_v1/eval_mini10k_hkr_words_v1_val_final/summary.json,,,outputs/htr_baseline_v1/eval_mini10k_hkr_words_v1_val_final/predictions.jsonl,2000,0.21031492616430605,0.6395416666666669,0.236,9.915,-0.9,40,0.20993709594713755,"hkr_words|phrase|None,hkr_words|word|None",needs_decision,,,,,,,,,,
eval_mini10k_hkr_words_v1_val_final_bestpen,primary,eval_mini10k_hkr_words_v1_val_final_bestpen,,,outputs/htr_baseline_v1/eval_mini10k_hkr_words_v1_val_final_bestpen/summary.json,,,outputs/htr_baseline_v1/eval_mini10k_hkr_words_v1_val_final_bestpen/predictions.jsonl,2000,0.20993709594713755,0.640541666666667,0.2345,9.967,-1.2101265822784808,40,0.20993709594713755,"hkr_words|phrase|None,hkr_words|word|None",needs_decision,,,,,,,,,,
eval_mini10k_hkr_words_v1_val_recheck,primary,eval_mini10k_hkr_words_v1_val_recheck,,,outputs/htr_baseline_v1/eval_mini10k_hkr_words_v1_val_recheck/summary.json,,,outputs/htr_baseline_v1/eval_mini10k_hkr_words_v1_val_recheck/predictions.jsonl,2000,0.21031492616430605,0.6395416666666669,0.236,9.915,-0.9,40,0.20993709594713755,"hkr_words|phrase|None,hkr_words|word|None",needs_decision,,,,,,,,,,
eval_mini10k_iam_v1_test_final,primary,eval_mini10k_iam_v1_test_final,,,outputs/htr_baseline_v1/eval_mini10k_iam_v1_test_final/summary.json,,,outputs/htr_baseline_v1/eval_mini10k_iam_v1_test_final/predictions.jsonl,1039,0.0665786261116855,0.22363374926270335,0.2550529355149182,43.50240615976901,-0.3,71,0.07014890118543075,iam|line|None,needs_decision,,,,,,,,,,
eval_mini10k_iam_v1_train_final,primary,eval_mini10k_iam_v1_train_final,,,outputs/htr_baseline_v1/eval_mini10k_iam_v1_train_final/summary.json,,,outputs/htr_baseline_v1/eval_mini10k_iam_v1_train_final/predictions.jsonl,10000,0.0011075322599555218,0.005861318012053326,0.9573,43.1993,-0.3,71,0.07014890118543075,iam|line|None,needs_decision,,,,,,,,,,
eval_mini10k_iam_v1_val_final,primary,eval_mini10k_iam_v1_val_final,,,outputs/htr_baseline_v1/eval_mini10k_iam_v1_val_final/summary.json,,,outputs/htr_baseline_v1/eval_mini10k_iam_v1_val_final/predictions.jsonl,1180,0.06947127542964358,0.2320579738750229,0.20508474576271185,42.599152542372885,-0.3,71,0.07014890118543075,iam|line|None,needs_decision,,,,,,,,,,
eval_mini10k_school_notebooks_v1_test_final,primary,eval_mini10k_school_notebooks_v1_test_final,,,outputs/htr_baseline_v1/eval_mini10k_school_notebooks_v1_test_final/summary.json,,,outputs/htr_baseline_v1/eval_mini10k_school_notebooks_v1_test_final/predictions.jsonl,2000,0.22374851676101645,0.6195,0.3875,5.6635,-1.0,74,0.15209059486265358,"school_notebooks_clean|phrase|pupil_text,school_notebooks_clean|word|pupil_comment,school_notebooks_clean|word|pupil_text,school_notebooks_clean|word|teacher_comment",needs_decision,,,,,,,,,,
eval_mini10k_school_notebooks_v1_train_final,primary,eval_mini10k_school_notebooks_v1_train_final,,,outputs/htr_baseline_v1/eval_mini10k_school_notebooks_v1_train_final/summary.json,,,outputs/htr_baseline_v1/eval_mini10k_school_notebooks_v1_train_final/predictions.jsonl,10000,0.0016668875568875564,0.0108,0.9891,5.87,-1.0,74,0.15209059486265358,"school_notebooks_clean|phrase|pupil_text,school_notebooks_clean|phrase|teacher_comment,school_notebooks_clean|word|pupil_comment,school_notebooks_clean|word|pupil_text,school_notebooks_clean|word|teacher_comment",needs_decision,,,,,,,,,,
eval_mini10k_school_notebooks_v1_val_final,primary,eval_mini10k_school_notebooks_v1_val_final,,,outputs/htr_baseline_v1/eval_mini10k_school_notebooks_v1_val_final/summary.json,,,outputs/htr_baseline_v1/eval_mini10k_school_notebooks_v1_val_final/predictions.jsonl,2000,0.15172898425104295,0.4795,0.524,5.795,-1.0,74,0.15209059486265358,"school_notebooks_clean|phrase|pupil_text,school_notebooks_clean|word|pupil_comment,school_notebooks_clean|word|pupil_text,school_notebooks_clean|word|teacher_comment",needs_decision,,,,,,,,,,
eval_mixed_cyrillic_balanced50k_v1_cyrillic_handwriting_test_final,primary,eval_mixed_cyrillic_balanced50k_v1_cyrillic_handwriting_test_final,,,outputs/htr_baseline_v1/eval_mixed_cyrillic_balanced50k_v1_cyrillic_handwriting_test_final/summary.json,,,outputs/htr_baseline_v1/eval_mixed_cyrillic_balanced50k_v1_cyrillic_handwriting_test_final/predictions.jsonl,1563,0.12805299160456846,0.5198336532309659,0.4344209852847089,9.445297504798464,-0.2,47,0.06657137128836879,"cyrillic_handwriting|phrase|None,cyrillic_handwriting|word|None",needs_decision,,,,,,,,,,
eval_mixed_cyrillic_balanced50k_v1_cyrillic_handwriting_val_final,primary,eval_mixed_cyrillic_balanced50k_v1_cyrillic_handwriting_val_final,,,outputs/htr_baseline_v1/eval_mixed_cyrillic_balanced50k_v1_cyrillic_handwriting_val_final/summary.json,,,outputs/htr_baseline_v1/eval_mixed_cyrillic_balanced50k_v1_cyrillic_handwriting_val_final/predictions.jsonl,7232,0.07727801940147991,0.31949207227138654,0.6709070796460177,7.423396017699115,-0.2,47,0.06657137128836879,"cyrillic_handwriting|phrase|None,cyrillic_handwriting|word|None",needs_decision,,,,,,,,,,
eval_mixed_cyrillic_balanced50k_v1_hkr_words_test_final,primary,eval_mixed_cyrillic_balanced50k_v1_hkr_words_test_final,,,outputs/htr_baseline_v1/eval_mixed_cyrillic_balanced50k_v1_hkr_words_test_final/summary.json,,,outputs/htr_baseline_v1/eval_mixed_cyrillic_balanced50k_v1_hkr_words_test_final/predictions.jsonl,6495,0.06910687283741551,0.31290736463946417,0.6127790608160123,10.434334103156274,-0.2,47,0.06657137128836879,"hkr_words|phrase|None,hkr_words|word|None",needs_decision,,,,,,,,,,
eval_mixed_cyrillic_balanced50k_v1_hkr_words_val_final,primary,eval_mixed_cyrillic_balanced50k_v1_hkr_words_val_final,,,outputs/htr_baseline_v1/eval_mixed_cyrillic_balanced50k_v1_hkr_words_val_final/summary.json,,,outputs/htr_baseline_v1/eval_mixed_cyrillic_balanced50k_v1_hkr_words_val_final/predictions.jsonl,6494,0.060912835850983345,0.26515501488553345,0.6569140745303357,10.241607637819525,-0.2,47,0.06657137128836879,"hkr_words|phrase|None,hkr_words|word|None",needs_decision,,,,,,,,,,
eval_mixed_cyrillic_balanced50k_v1_school_notebooks_clean_test_final,primary,eval_mixed_cyrillic_balanced50k_v1_school_notebooks_clean_test_final,,,outputs/htr_baseline_v1/eval_mixed_cyrillic_balanced50k_v1_school_notebooks_clean_test_final/summary.json,,,outputs/htr_baseline_v1/eval_mixed_cyrillic_balanced50k_v1_school_notebooks_clean_test_final/predictions.jsonl,24623,0.10017002452562954,0.34522600820371196,0.6587337042602445,5.860252609348983,-0.2,47,0.06657137128836879,"school_notebooks_clean|phrase|pupil_text,school_notebooks_clean|phrase|teacher_comment,school_notebooks_clean|word|pupil_comment,school_notebooks_clean|word|pupil_text,school_notebooks_clean|word|teacher_comment",needs_decision,,,,,,,,,,
eval_mixed_cyrillic_balanced50k_v1_school_notebooks_clean_val_final,primary,eval_mixed_cyrillic_balanced50k_v1_school_notebooks_clean_val_final,,,outputs/htr_baseline_v1/eval_mixed_cyrillic_balanced50k_v1_school_notebooks_clean_val_final/summary.json,,,outputs/htr_baseline_v1/eval_mixed_cyrillic_balanced50k_v1_school_notebooks_clean_val_final/predictions.jsonl,24214,0.06152935847935926,0.2361719115663115,0.7667052118609069,5.924341290162716,-0.2,47,0.06657137128836879,"school_notebooks_clean|phrase|pupil_text,school_notebooks_clean|phrase|teacher_comment,school_notebooks_clean|word|pupil_comment,school_notebooks_clean|word|pupil_text,school_notebooks_clean|word|teacher_comment",needs_decision,,,,,,,,,,
eval_mixed_cyrillic_natural_full_v1_cyrillic_handwriting_test_final,primary,eval_mixed_cyrillic_natural_full_v1_cyrillic_handwriting_test_final,,,outputs/htr_baseline_v1/eval_mixed_cyrillic_natural_full_v1_cyrillic_handwriting_test_final/summary.json,,,outputs/htr_baseline_v1/eval_mixed_cyrillic_natural_full_v1_cyrillic_handwriting_test_final/predictions.jsonl,1563,0.12079026677701254,0.49364470036255037,0.4561740243122201,9.402431222008957,-0.4,46,0.05389584135257089,"cyrillic_handwriting|phrase|None,cyrillic_handwriting|word|None",needs_decision,,,,,,,,,,
eval_mixed_cyrillic_natural_full_v1_cyrillic_handwriting_val_final,primary,eval_mixed_cyrillic_natural_full_v1_cyrillic_handwriting_val_final,,,outputs/htr_baseline_v1/eval_mixed_cyrillic_natural_full_v1_cyrillic_handwriting_val_final/summary.json,,,outputs/htr_baseline_v1/eval_mixed_cyrillic_natural_full_v1_cyrillic_handwriting_val_final/predictions.jsonl,7232,0.07225412843380646,0.293922842920354,0.6962112831858407,7.416067477876106,-0.4,46,0.05389584135257089,"cyrillic_handwriting|phrase|None,cyrillic_handwriting|word|None",needs_decision,,,,,,,,,,
eval_mixed_cyrillic_natural_full_v1_hkr_words_test_final,primary,eval_mixed_cyrillic_natural_full_v1_hkr_words_test_final,,,outputs/htr_baseline_v1/eval_mixed_cyrillic_natural_full_v1_hkr_words_test_final/summary.json,,,outputs/htr_baseline_v1/eval_mixed_cyrillic_natural_full_v1_hkr_words_test_final/predictions.jsonl,6495,0.06230800708538979,0.28669489350782495,0.641108545034642,10.434488067744418,-0.4,46,0.05389584135257089,"hkr_words|phrase|None,hkr_words|word|None",needs_decision,,,,,,,,,,
eval_mixed_cyrillic_natural_full_v1_hkr_words_val_final,primary,eval_mixed_cyrillic_natural_full_v1_hkr_words_val_final,,,outputs/htr_baseline_v1/eval_mixed_cyrillic_natural_full_v1_hkr_words_val_final/summary.json,,,outputs/htr_baseline_v1/eval_mixed_cyrillic_natural_full_v1_hkr_words_val_final/predictions.jsonl,6494,0.05654034949081926,0.2554614515963435,0.672928857406837,10.253618724976901,-0.4,46,0.05389584135257089,"hkr_words|phrase|None,hkr_words|word|None",needs_decision,,,,,,,,,,
eval_mixed_cyrillic_natural_full_v1_school_notebooks_clean_test_final,primary,eval_mixed_cyrillic_natural_full_v1_school_notebooks_clean_test_final,,,outputs/htr_baseline_v1/eval_mixed_cyrillic_natural_full_v1_school_notebooks_clean_test_final/summary.json,,,outputs/htr_baseline_v1/eval_mixed_cyrillic_natural_full_v1_school_notebooks_clean_test_final/predictions.jsonl,24623,0.07444094508606701,0.27417455224789833,0.7326889493562929,5.8526580839052915,-0.4,46,0.05389584135257089,"school_notebooks_clean|phrase|pupil_text,school_notebooks_clean|phrase|teacher_comment,school_notebooks_clean|word|pupil_comment,school_notebooks_clean|word|pupil_text,school_notebooks_clean|word|teacher_comment",needs_decision,,,,,,,,,,
eval_mixed_cyrillic_natural_full_v1_school_notebooks_clean_val_final,primary,eval_mixed_cyrillic_natural_full_v1_school_notebooks_clean_val_final,,,outputs/htr_baseline_v1/eval_mixed_cyrillic_natural_full_v1_school_notebooks_clean_val_final/summary.json,,,outputs/htr_baseline_v1/eval_mixed_cyrillic_natural_full_v1_school_notebooks_clean_val_final/predictions.jsonl,24214,0.043232136246178936,0.17933151620274776,0.8252250764020814,5.9266127033947305,-0.4,46,0.05389584135257089,"school_notebooks_clean|phrase|pupil_text,school_notebooks_clean|phrase|teacher_comment,school_notebooks_clean|word|pupil_comment,school_notebooks_clean|word|pupil_text,school_notebooks_clean|word|teacher_comment",needs_decision,,,,,,,,,,
eval_smoke_cyrillic_v4_train,primary,eval_smoke_cyrillic_v4_train,,,outputs/htr_baseline_v1/eval_smoke_cyrillic_v4_train/summary.json,,,outputs/htr_baseline_v1/eval_smoke_cyrillic_v4_train/predictions.jsonl,1000,0.4117827646198792,0.7910833333333332,0.192,3.991,-0.1,60,0.8513535072344539,"cyrillic_handwriting|phrase|None,cyrillic_handwriting|word|None",needs_decision,,,,,,,,,,
eval_smoke_cyrillic_v4_val,primary,eval_smoke_cyrillic_v4_val,,,outputs/htr_baseline_v1/eval_smoke_cyrillic_v4_val/summary.json,,,outputs/htr_baseline_v1/eval_smoke_cyrillic_v4_val/predictions.jsonl,500,0.8513535072344539,1.007,0.0,3.398,-0.1,60,0.8513535072344539,"cyrillic_handwriting|phrase|None,cyrillic_handwriting|word|None",needs_decision,,,,,,,,,,
eval_train50k_school_notebooks_v1_test_final,primary,eval_train50k_school_notebooks_v1_test_final,,,outputs/htr_baseline_v1/eval_train50k_school_notebooks_v1_test_final/summary.json,,,outputs/htr_baseline_v1/eval_train50k_school_notebooks_v1_test_final/predictions.jsonl,24623,0.12137232569271247,0.40992161799943144,0.5963123908540795,5.831336555253219,-0.2,67,0.08032684316336862,"school_notebooks_clean|phrase|pupil_text,school_notebooks_clean|phrase|teacher_comment,school_notebooks_clean|word|pupil_comment,school_notebooks_clean|word|pupil_text,school_notebooks_clean|word|teacher_comment",needs_decision,,,,,,,,,,
eval_train50k_school_notebooks_v1_train_final,primary,eval_train50k_school_notebooks_v1_train_final,,,outputs/htr_baseline_v1/eval_train50k_school_notebooks_v1_train_final/summary.json,,,outputs/htr_baseline_v1/eval_train50k_school_notebooks_v1_train_final/predictions.jsonl,50000,0.0024588311410811458,0.0153,0.98466,5.85868,-0.2,67,0.08032684316336862,"school_notebooks_clean|phrase|pupil_text,school_notebooks_clean|phrase|teacher_comment,school_notebooks_clean|word|pupil_comment,school_notebooks_clean|word|pupil_text,school_notebooks_clean|word|teacher_comment",needs_decision,,,,,,,,,,
eval_train50k_school_notebooks_v1_val_final,primary,eval_train50k_school_notebooks_v1_val_final,,,outputs/htr_baseline_v1/eval_train50k_school_notebooks_v1_val_final/summary.json,,,outputs/htr_baseline_v1/eval_train50k_school_notebooks_v1_val_final/predictions.jsonl,24214,0.08000069736456242,0.29524242173948956,0.7086396299661353,5.9078632196250105,-0.2,67,0.08032684316336862,"school_notebooks_clean|phrase|pupil_text,school_notebooks_clean|phrase|teacher_comment,school_notebooks_clean|word|pupil_comment,school_notebooks_clean|word|pupil_text,school_notebooks_clean|word|teacher_comment",needs_decision,,,,,,,,,,
penalty_0p0,primary,penalty_0p0,,,outputs/htr_baseline_v1/sweep_full_cyrillic_v1_val/penalty_0p0/summary.json,,,outputs/htr_baseline_v1/sweep_full_cyrillic_v1_val/penalty_0p0/predictions.jsonl,7232,0.08113177476794135,0.326544063421829,0.6637168141592921,7.39325221238938,0.0,63,0.0810908965262766,"cyrillic_handwriting|phrase|None,cyrillic_handwriting|word|None",needs_decision,,,,,,,,,,
penalty_m0p1,primary,penalty_m0p1,,,outputs/htr_baseline_v1/sweep_full_cyrillic_v1_val/penalty_m0p1/summary.json,,,outputs/htr_baseline_v1/sweep_full_cyrillic_v1_val/penalty_m0p1/predictions.jsonl,7232,0.08103394018794416,0.32668233775811223,0.6638550884955752,7.398783185840708,-0.1,63,0.0810908965262766,"cyrillic_handwriting|phrase|None,cyrillic_handwriting|word|None",needs_decision,,,,,,,,,,
penalty_m0p2,primary,penalty_m0p2,,,outputs/htr_baseline_v1/sweep_full_cyrillic_v1_val/penalty_m0p2/summary.json,,,outputs/htr_baseline_v1/sweep_full_cyrillic_v1_val/penalty_m0p2/predictions.jsonl,7232,0.08089358824484057,0.3261983775811211,0.6644081858407079,7.402378318584071,-0.2,63,0.0810908965262766,"cyrillic_handwriting|phrase|None,cyrillic_handwriting|word|None",needs_decision,,,,,,,,,,
penalty_m0p3,primary,penalty_m0p3,,,outputs/htr_baseline_v1/sweep_full_cyrillic_v1_val/penalty_m0p3/summary.json,,,outputs/htr_baseline_v1/sweep_full_cyrillic_v1_val/penalty_m0p3/predictions.jsonl,7232,0.08090594759763134,0.3264979719764013,0.6644081858407079,7.40625,-0.3,63,0.0810908965262766,"cyrillic_handwriting|phrase|None,cyrillic_handwriting|word|None",needs_decision,,,,,,,,,,
penalty_m0p4,primary,penalty_m0p4,,,outputs/htr_baseline_v1/sweep_full_cyrillic_v1_val/penalty_m0p4/summary.json,,,outputs/htr_baseline_v1/sweep_full_cyrillic_v1_val/penalty_m0p4/predictions.jsonl,7232,0.08085436907536696,0.3268436578171092,0.6645464601769911,7.409430309734513,-0.4,63,0.0810908965262766,"cyrillic_handwriting|phrase|None,cyrillic_handwriting|word|None",needs_decision,,,,,,,,,,
penalty_m0p5,primary,penalty_m0p5,,,outputs/htr_baseline_v1/sweep_full_cyrillic_v1_val/penalty_m0p5/summary.json,,,outputs/htr_baseline_v1/sweep_full_cyrillic_v1_val/penalty_m0p5/predictions.jsonl,7232,0.08088004015330574,0.3272584808259588,0.6644081858407079,7.413025442477876,-0.5,63,0.0810908965262766,"cyrillic_handwriting|phrase|None,cyrillic_handwriting|word|None",needs_decision,,,,,,,,,,
penalty_m0p6,primary,penalty_m0p6,,,outputs/htr_baseline_v1/sweep_full_cyrillic_v1_val/penalty_m0p6/summary.json,,,outputs/htr_baseline_v1/sweep_full_cyrillic_v1_val/penalty_m0p6/predictions.jsonl,7232,0.0809372658955995,0.32767330383480836,0.6641316371681416,7.4171736725663715,-0.6,63,0.0810908965262766,"cyrillic_handwriting|phrase|None,cyrillic_handwriting|word|None",needs_decision,,,,,,,,,,
penalty_m0p7,primary,penalty_m0p7,,,outputs/htr_baseline_v1/sweep_full_cyrillic_v1_val/penalty_m0p7/summary.json,,,outputs/htr_baseline_v1/sweep_full_cyrillic_v1_val/penalty_m0p7/predictions.jsonl,7232,0.08106554623129136,0.3283646755162242,0.6635785398230089,7.421045353982301,-0.7,63,0.0810908965262766,"cyrillic_handwriting|phrase|None,cyrillic_handwriting|word|None",needs_decision,,,,,,,,,,
penalty_m0p8,primary,penalty_m0p8,,,outputs/htr_baseline_v1/sweep_full_cyrillic_v1_val/penalty_m0p8/summary.json,,,outputs/htr_baseline_v1/sweep_full_cyrillic_v1_val/penalty_m0p8/predictions.jsonl,7232,0.08116950389021306,0.32877949852507377,0.6635785398230089,7.426438053097345,-0.8,63,0.0810908965262766,"cyrillic_handwriting|phrase|None,cyrillic_handwriting|word|None",needs_decision,,,,,,,,,,
penalty_m0p9,primary,penalty_m0p9,,,outputs/htr_baseline_v1/sweep_full_cyrillic_v1_val/penalty_m0p9/summary.json,,,outputs/htr_baseline_v1/sweep_full_cyrillic_v1_val/penalty_m0p9/predictions.jsonl,7232,0.08109392435666893,0.32843381268436583,0.6638550884955752,7.430862831858407,-0.9,63,0.0810908965262766,"cyrillic_handwriting|phrase|None,cyrillic_handwriting|word|None",needs_decision,,,,,,,,,,
penalty_m1p0,primary,penalty_m1p0,,,outputs/htr_baseline_v1/sweep_full_cyrillic_v1_val/penalty_m1p0/summary.json,,,outputs/htr_baseline_v1/sweep_full_cyrillic_v1_val/penalty_m1p0/predictions.jsonl,7232,0.08126725319142085,0.3288486356932154,0.6637168141592921,7.433766592920354,-1.0,63,0.0810908965262766,"cyrillic_handwriting|phrase|None,cyrillic_handwriting|word|None",needs_decision,,,,,,,,,,
penalty_m1p1,primary,penalty_m1p1,,,outputs/htr_baseline_v1/sweep_full_cyrillic_v1_val/penalty_m1p1/summary.json,,,outputs/htr_baseline_v1/sweep_full_cyrillic_v1_val/penalty_m1p1/predictions.jsonl,7232,0.08122743224088144,0.3287103613569322,0.6642699115044248,7.436670353982301,-1.1,63,0.0810908965262766,"cyrillic_handwriting|phrase|None,cyrillic_handwriting|word|None",needs_decision,,,,,,,,,,
penalty_m1p2,primary,penalty_m1p2,,,outputs/htr_baseline_v1/sweep_full_cyrillic_v1_val/penalty_m1p2/summary.json,,,outputs/htr_baseline_v1/sweep_full_cyrillic_v1_val/penalty_m1p2/predictions.jsonl,7232,0.08124389347139131,0.3286412241887906,0.6645464601769911,7.44054203539823,-1.2,63,0.0810908965262766,"cyrillic_handwriting|phrase|None,cyrillic_handwriting|word|None",needs_decision,,,,,,,,,,
penalty_0p0,primary,penalty_0p0,,,outputs/htr_baseline_v1/sweep_full_hkr_words_v1_val/penalty_0p0/summary.json,,,outputs/htr_baseline_v1/sweep_full_hkr_words_v1_val/penalty_0p0/predictions.jsonl,6494,0.1308065914224502,0.46403859973309236,0.4307052663997536,10.102864182322143,0.0,72,0.13101144310783036,"hkr_words|phrase|None,hkr_words|word|None",needs_decision,,,,,,,,,,
penalty_m0p1,primary,penalty_m0p1,,,outputs/htr_baseline_v1/sweep_full_hkr_words_v1_val/penalty_m0p1/summary.json,,,outputs/htr_baseline_v1/sweep_full_hkr_words_v1_val/penalty_m0p1/predictions.jsonl,6494,0.1303830527499408,0.46305050816138515,0.43209116107175854,10.11487526947952,-0.1,72,0.13101144310783036,"hkr_words|phrase|None,hkr_words|word|None",needs_decision,,,,,,,,,,
penalty_m0p2,primary,penalty_m0p2,,,outputs/htr_baseline_v1/sweep_full_hkr_words_v1_val/penalty_m0p2/summary.json,,,outputs/htr_baseline_v1/sweep_full_hkr_words_v1_val/penalty_m0p2/predictions.jsonl,6494,0.1300019530023206,0.46199825479930745,0.43332306744687404,10.127502309824454,-0.2,72,0.13101144310783036,"hkr_words|phrase|None,hkr_words|word|None",needs_decision,,,,,,,,,,
penalty_m0p3,primary,penalty_m0p3,,,outputs/htr_baseline_v1/sweep_full_hkr_words_v1_val/penalty_m0p3/summary.json,,,outputs/htr_baseline_v1/sweep_full_hkr_words_v1_val/penalty_m0p3/predictions.jsonl,6494,0.12974567183866345,0.46117698388256373,0.43455497382198954,10.138435478903604,-0.3,72,0.13101144310783036,"hkr_words|phrase|None,hkr_words|word|None",needs_decision,,,,,,,,,,
penalty_m0p4,primary,penalty_m0p4,,,outputs/htr_baseline_v1/sweep_full_hkr_words_v1_val/penalty_m0p4/summary.json,,,outputs/htr_baseline_v1/sweep_full_hkr_words_v1_val/penalty_m0p4/predictions.jsonl,6494,0.1299631816779509,0.46117698388256384,0.43455497382198954,10.147828765013859,-0.4,72,0.13101144310783036,"hkr_words|phrase|None,hkr_words|word|None",needs_decision,,,,,,,,,,
penalty_m0p5,primary,penalty_m0p5,,,outputs/htr_baseline_v1/sweep_full_hkr_words_v1_val/penalty_m0p5/summary.json,,,outputs/htr_baseline_v1/sweep_full_hkr_words_v1_val/penalty_m0p5/predictions.jsonl,6494,0.12988927847106516,0.4603813776819683,0.43578688019710504,10.157068062827225,-0.5,72,0.13101144310783036,"hkr_words|phrase|None,hkr_words|word|None",needs_decision,,,,,,,,,,
penalty_m0p6,primary,penalty_m0p6,,,outputs/htr_baseline_v1/sweep_full_hkr_words_v1_val/penalty_m0p6/summary.json,,,outputs/htr_baseline_v1/sweep_full_hkr_words_v1_val/penalty_m0p6/predictions.jsonl,6494,0.12972846062786178,0.46002207165589293,0.4360948567908839,10.164767477671697,-0.6,72,0.13101144310783036,"hkr_words|phrase|None,hkr_words|word|None",needs_decision,,,,,,,,,,
penalty_m0p7,primary,penalty_m0p7,,,outputs/htr_baseline_v1/sweep_full_hkr_words_v1_val/penalty_m0p7/summary.json,,,outputs/htr_baseline_v1/sweep_full_hkr_words_v1_val/penalty_m0p7/predictions.jsonl,6494,0.12981126744745394,0.4601118981624117,0.43624884508777334,10.173236834000615,-0.7,72,0.13101144310783036,"hkr_words|phrase|None,hkr_words|word|None",needs_decision,,,,,,,,,,
penalty_m0p8,primary,penalty_m0p8,,,outputs/htr_baseline_v1/sweep_full_hkr_words_v1_val/penalty_m0p8/summary.json,,,outputs/htr_baseline_v1/sweep_full_hkr_words_v1_val/penalty_m0p8/predictions.jsonl,6494,0.1297482426621742,0.4595857714813729,0.43671080997844164,10.182168155220204,-0.8,72,0.13101144310783036,"hkr_words|phrase|None,hkr_words|word|None",needs_decision,,,,,,,,,,
penalty_m0p9,primary,penalty_m0p9,,,outputs/htr_baseline_v1/sweep_full_hkr_words_v1_val/penalty_m0p9/summary.json,,,outputs/htr_baseline_v1/sweep_full_hkr_words_v1_val/penalty_m0p9/predictions.jsonl,6494,0.1298486984262289,0.4599964069397448,0.4360948567908839,10.189405605174008,-0.9,72,0.13101144310783036,"hkr_words|phrase|None,hkr_words|word|None",needs_decision,,,,,,,,,,
penalty_m1p0,primary,penalty_m1p0,,,outputs/htr_baseline_v1/sweep_full_hkr_words_v1_val/penalty_m1p0/summary.json,,,outputs/htr_baseline_v1/sweep_full_hkr_words_v1_val/penalty_m1p0/predictions.jsonl,6494,0.1299356362633977,0.46025305410122713,0.43594086849399444,10.200030797659378,-1.0,72,0.13101144310783036,"hkr_words|phrase|None,hkr_words|word|None",needs_decision,,,,,,,,,,
penalty_m1p1,primary,penalty_m1p1,,,outputs/htr_baseline_v1/sweep_full_hkr_words_v1_val/penalty_m1p1/summary.json,,,outputs/htr_baseline_v1/sweep_full_hkr_words_v1_val/penalty_m1p1/predictions.jsonl,6494,0.1299011697308074,0.4597269274201883,0.4368647982753311,10.210194025254081,-1.1,72,0.13101144310783036,"hkr_words|phrase|None,hkr_words|word|None",needs_decision,,,,,,,,,,
penalty_m1p2,primary,penalty_m1p2,,,outputs/htr_baseline_v1/sweep_full_hkr_words_v1_val/penalty_m1p2/summary.json,,,outputs/htr_baseline_v1/sweep_full_hkr_words_v1_val/penalty_m1p2/predictions.jsonl,6494,0.1298318712862881,0.45967559798789165,0.4373267631659994,10.219587311364336,-1.2,72,0.13101144310783036,"hkr_words|phrase|None,hkr_words|word|None",needs_decision,,,,,,,,,,
penalty_0p0,primary,penalty_0p0,,,outputs/htr_baseline_v1/sweep_full_iam_v1_val/penalty_0p0/summary.json,,,outputs/htr_baseline_v1/sweep_full_iam_v1_val/penalty_0p0/predictions.jsonl,1180,0.06743711963134838,0.22867654328334774,0.24915254237288137,42.6228813559322,0.0,76,0.06699550696201605,iam|line|None,needs_decision,,,,,,,,,,
penalty_m0p1,primary,penalty_m0p1,,,outputs/htr_baseline_v1/sweep_full_iam_v1_val/penalty_m0p1/summary.json,,,outputs/htr_baseline_v1/sweep_full_iam_v1_val/penalty_m0p1/predictions.jsonl,1180,0.06728722531575784,0.22819359638090939,0.25084745762711863,42.64576271186441,-0.1,76,0.06699550696201605,iam|line|None,needs_decision,,,,,,,,,,
penalty_m0p2,primary,penalty_m0p2,,,outputs/htr_baseline_v1/sweep_full_iam_v1_val/penalty_m0p2/summary.json,,,outputs/htr_baseline_v1/sweep_full_iam_v1_val/penalty_m0p2/predictions.jsonl,1180,0.06729781775196937,0.22831627854808306,0.25084745762711863,42.66101694915254,-0.2,76,0.06699550696201605,iam|line|None,needs_decision,,,,,,,,,,
penalty_m0p3,primary,penalty_m0p3,,,outputs/htr_baseline_v1/sweep_full_iam_v1_val/penalty_m0p3/summary.json,,,outputs/htr_baseline_v1/sweep_full_iam_v1_val/penalty_m0p3/predictions.jsonl,1180,0.06714841436328185,0.22775810555346937,0.25,42.6771186440678,-0.3,76,0.06699550696201605,iam|line|None,needs_decision,,,,,,,,,,
penalty_m0p4,primary,penalty_m0p4,,,outputs/htr_baseline_v1/sweep_full_iam_v1_val/penalty_m0p4/summary.json,,,outputs/htr_baseline_v1/sweep_full_iam_v1_val/penalty_m0p4/predictions.jsonl,1180,0.06710712658832516,0.22786754413748417,0.24915254237288137,42.69491525423729,-0.4,76,0.06699550696201605,iam|line|None,needs_decision,,,,,,,,,,
penalty_m0p5,primary,penalty_m0p5,,,outputs/htr_baseline_v1/sweep_full_iam_v1_val/penalty_m0p5/summary.json,,,outputs/htr_baseline_v1/sweep_full_iam_v1_val/penalty_m0p5/predictions.jsonl,1180,0.06700994512899658,0.22772088053743073,0.25084745762711863,42.7135593220339,-0.5,76,0.06699550696201605,iam|line|None,needs_decision,,,,,,,,,,
penalty_m0p6,primary,penalty_m0p6,,,outputs/htr_baseline_v1/sweep_full_iam_v1_val/penalty_m0p6/summary.json,,,outputs/htr_baseline_v1/sweep_full_iam_v1_val/penalty_m0p6/predictions.jsonl,1180,0.0670193234772601,0.22781846656722018,0.25169491525423726,42.7364406779661,-0.6,76,0.06699550696201605,iam|line|None,needs_decision,,,,,,,,,,
penalty_m0p7,primary,penalty_m0p7,,,outputs/htr_baseline_v1/sweep_full_iam_v1_val/penalty_m0p7/summary.json,,,outputs/htr_baseline_v1/sweep_full_iam_v1_val/penalty_m0p7/predictions.jsonl,1180,0.06718697858073278,0.2282697196455919,0.25254237288135595,42.751694915254234,-0.7,76,0.06699550696201605,iam|line|None,needs_decision,,,,,,,,,,
penalty_m0p8,primary,penalty_m0p8,,,outputs/htr_baseline_v1/sweep_full_iam_v1_val/penalty_m0p8/summary.json,,,outputs/htr_baseline_v1/sweep_full_iam_v1_val/penalty_m0p8/predictions.jsonl,1180,0.06728538043186631,0.22842579003471317,0.25169491525423726,42.76779661016949,-0.8,76,0.06699550696201605,iam|line|None,needs_decision,,,,,,,,,,
penalty_m0p9,primary,penalty_m0p9,,,outputs/htr_baseline_v1/sweep_full_iam_v1_val/penalty_m0p9/summary.json,,,outputs/htr_baseline_v1/sweep_full_iam_v1_val/penalty_m0p9/predictions.jsonl,1180,0.06734763793471248,0.2288107934493775,0.25254237288135595,42.77881355932203,-0.9,76,0.06699550696201605,iam|line|None,needs_decision,,,,,,,,,,
penalty_m1p0,primary,penalty_m1p0,,,outputs/htr_baseline_v1/sweep_full_iam_v1_val/penalty_m1p0/summary.json,,,outputs/htr_baseline_v1/sweep_full_iam_v1_val/penalty_m1p0/predictions.jsonl,1180,0.06730296425718356,0.2291098399772376,0.25169491525423726,42.79322033898305,-1.0,76,0.06699550696201605,iam|line|None,needs_decision,,,,,,,,,,
penalty_m1p1,primary,penalty_m1p1,,,outputs/htr_baseline_v1/sweep_full_iam_v1_val/penalty_m1p1/summary.json,,,outputs/htr_baseline_v1/sweep_full_iam_v1_val/penalty_m1p1/predictions.jsonl,1180,0.06742466022271557,0.2292578087692742,0.25084745762711863,42.811016949152545,-1.1,76,0.06699550696201605,iam|line|None,needs_decision,,,,,,,,,,
penalty_m1p2,primary,penalty_m1p2,,,outputs/htr_baseline_v1/sweep_full_iam_v1_val/penalty_m1p2/summary.json,,,outputs/htr_baseline_v1/sweep_full_iam_v1_val/penalty_m1p2/predictions.jsonl,1180,0.06736937199286494,0.229629494522316,0.25,42.83050847457627,-1.2,76,0.06699550696201605,iam|line|None,needs_decision,,,,,,,,,,
penalty_0p0,primary,penalty_0p0,,,outputs/htr_baseline_v1/sweep_full_school_notebooks_v1_val/penalty_0p0/summary.json,,,outputs/htr_baseline_v1/sweep_full_school_notebooks_v1_val/penalty_0p0/predictions.jsonl,24214,0.04933753249856712,0.19495608601084774,0.8088709011315768,5.9127364334682415,0.0,47,0.04932361069038134,"school_notebooks_clean|phrase|pupil_text,school_notebooks_clean|phrase|teacher_comment,school_notebooks_clean|word|pupil_comment,school_notebooks_clean|word|pupil_text,school_notebooks_clean|word|teacher_comment",needs_decision,,,,,,,,,,
penalty_m0p1,primary,penalty_m0p1,,,outputs/htr_baseline_v1/sweep_full_school_notebooks_v1_val/penalty_m0p1/summary.json,,,outputs/htr_baseline_v1/sweep_full_school_notebooks_v1_val/penalty_m0p1/predictions.jsonl,24214,0.04921719600567753,0.1946669970540459,0.8093251837779797,5.915090443545057,-0.1,47,0.04932361069038134,"school_notebooks_clean|phrase|pupil_text,school_notebooks_clean|phrase|teacher_comment,school_notebooks_clean|word|pupil_comment,school_notebooks_clean|word|pupil_text,school_notebooks_clean|word|teacher_comment",needs_decision,,,,,,,,,,
penalty_m0p2,primary,penalty_m0p2,,,outputs/htr_baseline_v1/sweep_full_school_notebooks_v1_val/penalty_m0p2/summary.json,,,outputs/htr_baseline_v1/sweep_full_school_notebooks_v1_val/penalty_m0p2/predictions.jsonl,24214,0.04924816684279359,0.1947495938988464,0.8094077806227802,5.9176096473114725,-0.2,47,0.04932361069038134,"school_notebooks_clean|phrase|pupil_text,school_notebooks_clean|phrase|teacher_comment,school_notebooks_clean|word|pupil_comment,school_notebooks_clean|word|pupil_text,school_notebooks_clean|word|teacher_comment",needs_decision,,,,,,,,,,
penalty_m0p3,primary,penalty_m0p3,,,outputs/htr_baseline_v1/sweep_full_school_notebooks_v1_val/penalty_m0p3/summary.json,,,outputs/htr_baseline_v1/sweep_full_school_notebooks_v1_val/penalty_m0p3/predictions.jsonl,24214,0.04931540788529689,0.194997384433248,0.8094077806227802,5.919591971586685,-0.3,47,0.04932361069038134,"school_notebooks_clean|phrase|pupil_text,school_notebooks_clean|phrase|teacher_comment,school_notebooks_clean|word|pupil_comment,school_notebooks_clean|word|pupil_text,school_notebooks_clean|word|teacher_comment",needs_decision,,,,,,,,,,
penalty_m0p4,primary,penalty_m0p4,,,outputs/htr_baseline_v1/sweep_full_school_notebooks_v1_val/penalty_m0p4/summary.json,,,outputs/htr_baseline_v1/sweep_full_school_notebooks_v1_val/penalty_m0p4/predictions.jsonl,24214,0.04931075212880337,0.19507998127804851,0.8094077806227802,5.921739489551499,-0.4,47,0.04932361069038134,"school_notebooks_clean|phrase|pupil_text,school_notebooks_clean|phrase|teacher_comment,school_notebooks_clean|word|pupil_comment,school_notebooks_clean|word|pupil_text,school_notebooks_clean|word|teacher_comment",needs_decision,,,,,,,,,,
penalty_m0p5,primary,penalty_m0p5,,,outputs/htr_baseline_v1/sweep_full_school_notebooks_v1_val/penalty_m0p5/summary.json,,,outputs/htr_baseline_v1/sweep_full_school_notebooks_v1_val/penalty_m0p5/predictions.jsonl,24214,0.049435623893994154,0.19582335288125327,0.8088709011315768,5.9245890806971175,-0.5,47,0.04932361069038134,"school_notebooks_clean|phrase|pupil_text,school_notebooks_clean|phrase|teacher_comment,school_notebooks_clean|word|pupil_comment,school_notebooks_clean|word|pupil_text,school_notebooks_clean|word|teacher_comment",needs_decision,,,,,,,,,,
penalty_m0p6,primary,penalty_m0p6,,,outputs/htr_baseline_v1/sweep_full_school_notebooks_v1_val/penalty_m0p6/summary.json,,,outputs/htr_baseline_v1/sweep_full_school_notebooks_v1_val/penalty_m0p6/predictions.jsonl,24214,0.04937234732126024,0.19578205445885302,0.8091186916659784,5.926984389196333,-0.6,47,0.04932361069038134,"school_notebooks_clean|phrase|pupil_text,school_notebooks_clean|phrase|teacher_comment,school_notebooks_clean|word|pupil_comment,school_notebooks_clean|word|pupil_text,school_notebooks_clean|word|teacher_comment",needs_decision,,,,,,,,,,
penalty_m0p7,primary,penalty_m0p7,,,outputs/htr_baseline_v1/sweep_full_school_notebooks_v1_val/penalty_m0p7/summary.json,,,outputs/htr_baseline_v1/sweep_full_school_notebooks_v1_val/penalty_m0p7/predictions.jsonl,24214,0.049280754351580254,0.19590594972605382,0.8091186916659784,5.929379697695548,-0.7,47,0.04932361069038134,"school_notebooks_clean|phrase|pupil_text,school_notebooks_clean|phrase|teacher_comment,school_notebooks_clean|word|pupil_comment,school_notebooks_clean|word|pupil_text,school_notebooks_clean|word|teacher_comment",needs_decision,,,,,,,,,,
penalty_m0p8,primary,penalty_m0p8,,,outputs/htr_baseline_v1/sweep_full_school_notebooks_v1_val/penalty_m0p8/summary.json,,,outputs/htr_baseline_v1/sweep_full_school_notebooks_v1_val/penalty_m0p8/predictions.jsonl,24214,0.049457667711982504,0.19631893395005645,0.8088296027091765,5.931733707772363,-0.8,47,0.04932361069038134,"school_notebooks_clean|phrase|pupil_text,school_notebooks_clean|phrase|teacher_comment,school_notebooks_clean|word|pupil_comment,school_notebooks_clean|word|pupil_text,school_notebooks_clean|word|teacher_comment",needs_decision,,,,,,,,,,
penalty_m0p9,primary,penalty_m0p9,,,outputs/htr_baseline_v1/sweep_full_school_notebooks_v1_val/penalty_m0p9/summary.json,,,outputs/htr_baseline_v1/sweep_full_school_notebooks_v1_val/penalty_m0p9/predictions.jsonl,24214,0.04947828414665692,0.19640153079485698,0.8089534979763773,5.934005121004378,-0.9,47,0.04932361069038134,"school_notebooks_clean|phrase|pupil_text,school_notebooks_clean|phrase|teacher_comment,school_notebooks_clean|word|pupil_comment,school_notebooks_clean|word|pupil_text,school_notebooks_clean|word|teacher_comment",needs_decision,,,,,,,,,,
penalty_m1p0,primary,penalty_m1p0,,,outputs/htr_baseline_v1/sweep_full_school_notebooks_v1_val/penalty_m1p0/summary.json,,,outputs/htr_baseline_v1/sweep_full_school_notebooks_v1_val/penalty_m1p0/predictions.jsonl,24214,0.04960405289027073,0.19689711186366016,0.8087883042867763,5.937226397951599,-1.0,47,0.04932361069038134,"school_notebooks_clean|phrase|pupil_text,school_notebooks_clean|phrase|teacher_comment,school_notebooks_clean|word|pupil_comment,school_notebooks_clean|word|pupil_text,school_notebooks_clean|word|teacher_comment",needs_decision,,,,,,,,,,
penalty_m1p1,primary,penalty_m1p1,,,outputs/htr_baseline_v1/sweep_full_school_notebooks_v1_val/penalty_m1p1/summary.json,,,outputs/htr_baseline_v1/sweep_full_school_notebooks_v1_val/penalty_m1p1/predictions.jsonl,24214,0.049671576544355875,0.19759918504446464,0.8085405137523747,5.939952093830016,-1.1,47,0.04932361069038134,"school_notebooks_clean|phrase|pupil_text,school_notebooks_clean|phrase|teacher_comment,school_notebooks_clean|word|pupil_comment,school_notebooks_clean|word|pupil_text,school_notebooks_clean|word|teacher_comment",needs_decision,,,,,,,,,,
penalty_m1p2,primary,penalty_m1p2,,,outputs/htr_baseline_v1/sweep_full_school_notebooks_v1_val/penalty_m1p2/summary.json,,,outputs/htr_baseline_v1/sweep_full_school_notebooks_v1_val/penalty_m1p2/predictions.jsonl,24214,0.049765485301641176,0.19821866138046862,0.808127529528372,5.942017014950029,-1.2,47,0.04932361069038134,"school_notebooks_clean|phrase|pupil_text,school_notebooks_clean|phrase|teacher_comment,school_notebooks_clean|word|pupil_comment,school_notebooks_clean|word|pupil_text,school_notebooks_clean|word|teacher_comment",needs_decision,,,,,,,,,,
penalty_0p0,primary,penalty_0p0,,,outputs/htr_baseline_v1/sweep_mini10k_cyrillic_v1_val/penalty_0p0/summary.json,,,outputs/htr_baseline_v1/sweep_mini10k_cyrillic_v1_val/penalty_0p0/predictions.jsonl,2000,0.1613202196861443,0.5538999999999998,0.434,7.2535,0.0,72,0.1609431527987832,"cyrillic_handwriting|phrase|None,cyrillic_handwriting|word|None",needs_decision,,,,,,,,,,
penalty_m0p1,primary,penalty_m0p1,,,outputs/htr_baseline_v1/sweep_mini10k_cyrillic_v1_val/penalty_m0p1/summary.json,,,outputs/htr_baseline_v1/sweep_mini10k_cyrillic_v1_val/penalty_m0p1/predictions.jsonl,2000,0.16121701455793913,0.5536499999999999,0.434,7.259,-0.1,72,0.1609431527987832,"cyrillic_handwriting|phrase|None,cyrillic_handwriting|word|None",needs_decision,,,,,,,,,,
penalty_m0p2,primary,penalty_m0p2,,,outputs/htr_baseline_v1/sweep_mini10k_cyrillic_v1_val/penalty_m0p2/summary.json,,,outputs/htr_baseline_v1/sweep_mini10k_cyrillic_v1_val/penalty_m0p2/predictions.jsonl,2000,0.16103516772829818,0.5513999999999999,0.4365,7.2685,-0.2,72,0.1609431527987832,"cyrillic_handwriting|phrase|None,cyrillic_handwriting|word|None",needs_decision,,,,,,,,,,
penalty_m0p3,primary,penalty_m0p3,,,outputs/htr_baseline_v1/sweep_mini10k_cyrillic_v1_val/penalty_m0p3/summary.json,,,outputs/htr_baseline_v1/sweep_mini10k_cyrillic_v1_val/penalty_m0p3/predictions.jsonl,2000,0.16112028677591722,0.5513999999999999,0.4365,7.274,-0.3,72,0.1609431527987832,"cyrillic_handwriting|phrase|None,cyrillic_handwriting|word|None",needs_decision,,,,,,,,,,
penalty_m0p4,primary,penalty_m0p4,,,outputs/htr_baseline_v1/sweep_mini10k_cyrillic_v1_val/penalty_m0p4/summary.json,,,outputs/htr_baseline_v1/sweep_mini10k_cyrillic_v1_val/penalty_m0p4/predictions.jsonl,2000,0.1613407232838537,0.5521499999999999,0.437,7.287,-0.4,72,0.1609431527987832,"cyrillic_handwriting|phrase|None,cyrillic_handwriting|word|None",needs_decision,,,,,,,,,,
penalty_m0p5,primary,penalty_m0p5,,,outputs/htr_baseline_v1/sweep_mini10k_cyrillic_v1_val/penalty_m0p5/summary.json,,,outputs/htr_baseline_v1/sweep_mini10k_cyrillic_v1_val/penalty_m0p5/predictions.jsonl,2000,0.1612596210527515,0.5533999999999999,0.436,7.294,-0.5,72,0.1609431527987832,"cyrillic_handwriting|phrase|None,cyrillic_handwriting|word|None",needs_decision,,,,,,,,,,
penalty_m0p5620253164556961,primary,penalty_m0p5620253164556961,,,outputs/htr_baseline_v1/sweep_mini10k_cyrillic_v1_val/penalty_m0p5620253164556961/summary.json,,,outputs/htr_baseline_v1/sweep_mini10k_cyrillic_v1_val/penalty_m0p5620253164556961/predictions.jsonl,2000,0.1609431527987832,0.5528999999999998,0.4365,7.2995,-0.5620253164556961,72,0.1609431527987832,"cyrillic_handwriting|phrase|None,cyrillic_handwriting|word|None",needs_decision,,,,,,,,,,
penalty_m0p6,primary,penalty_m0p6,,,outputs/htr_baseline_v1/sweep_mini10k_cyrillic_v1_val/penalty_m0p6/summary.json,,,outputs/htr_baseline_v1/sweep_mini10k_cyrillic_v1_val/penalty_m0p6/predictions.jsonl,2000,0.1607556527987832,0.5523999999999999,0.437,7.301,-0.6,72,0.1609431527987832,"cyrillic_handwriting|phrase|None,cyrillic_handwriting|word|None",needs_decision,,,,,,,,,,
penalty_m0p7,primary,penalty_m0p7,,,outputs/htr_baseline_v1/sweep_mini10k_cyrillic_v1_val/penalty_m0p7/summary.json,,,outputs/htr_baseline_v1/sweep_mini10k_cyrillic_v1_val/penalty_m0p7/predictions.jsonl,2000,0.16064080237143277,0.5518999999999998,0.4375,7.309,-0.7,72,0.1609431527987832,"cyrillic_handwriting|phrase|None,cyrillic_handwriting|word|None",needs_decision,,,,,,,,,,
penalty_m0p8,primary,penalty_m0p8,,,outputs/htr_baseline_v1/sweep_mini10k_cyrillic_v1_val/penalty_m0p8/summary.json,,,outputs/htr_baseline_v1/sweep_mini10k_cyrillic_v1_val/penalty_m0p8/predictions.jsonl,2000,0.16066682495995538,0.5528999999999998,0.437,7.315,-0.8,72,0.1609431527987832,"cyrillic_handwriting|phrase|None,cyrillic_handwriting|word|None",needs_decision,,,,,,,,,,
penalty_m0p9,primary,penalty_m0p9,,,outputs/htr_baseline_v1/sweep_mini10k_cyrillic_v1_val/penalty_m0p9/summary.json,,,outputs/htr_baseline_v1/sweep_mini10k_cyrillic_v1_val/penalty_m0p9/predictions.jsonl,2000,0.16015036413320047,0.5506499999999999,0.439,7.3255,-0.9,72,0.1609431527987832,"cyrillic_handwriting|phrase|None,cyrillic_handwriting|word|None",needs_decision,,,,,,,,,,
penalty_m1p0,primary,penalty_m1p0,,,outputs/htr_baseline_v1/sweep_mini10k_cyrillic_v1_val/penalty_m1p0/summary.json,,,outputs/htr_baseline_v1/sweep_mini10k_cyrillic_v1_val/penalty_m1p0/predictions.jsonl,2000,0.1604106510684874,0.5523166666666666,0.4385,7.3315,-1.0,72,0.1609431527987832,"cyrillic_handwriting|phrase|None,cyrillic_handwriting|word|None",needs_decision,,,,,,,,,,
penalty_0p0,primary,penalty_0p0,,,outputs/htr_baseline_v1/sweep_mini10k_hkr_words_v1_val/penalty_0p0/summary.json,,,outputs/htr_baseline_v1/sweep_mini10k_hkr_words_v1_val/penalty_0p0/predictions.jsonl,2000,0.21025791998464136,0.6345416666666673,0.242,9.722,0.0,40,0.20993709594713755,"hkr_words|phrase|None,hkr_words|word|None",needs_decision,,,,,,,,,,
penalty_m0p1,primary,penalty_m0p1,,,outputs/htr_baseline_v1/sweep_mini10k_hkr_words_v1_val/penalty_m0p1/summary.json,,,outputs/htr_baseline_v1/sweep_mini10k_hkr_words_v1_val/penalty_m0p1/predictions.jsonl,2000,0.20961251983740295,0.6337500000000006,0.243,9.7445,-0.1,40,0.20993709594713755,"hkr_words|phrase|None,hkr_words|word|None",needs_decision,,,,,,,,,,
penalty_m0p2,primary,penalty_m0p2,,,outputs/htr_baseline_v1/sweep_mini10k_hkr_words_v1_val/penalty_m0p2/summary.json,,,outputs/htr_baseline_v1/sweep_mini10k_hkr_words_v1_val/penalty_m0p2/predictions.jsonl,2000,0.20958837014163942,0.6358750000000005,0.241,9.766,-0.2,40,0.20993709594713755,"hkr_words|phrase|None,hkr_words|word|None",needs_decision,,,,,,,,,,
penalty_m0p3,primary,penalty_m0p3,,,outputs/htr_baseline_v1/sweep_mini10k_hkr_words_v1_val/penalty_m0p3/summary.json,,,outputs/htr_baseline_v1/sweep_mini10k_hkr_words_v1_val/penalty_m0p3/predictions.jsonl,2000,0.20825091870418802,0.6336250000000005,0.2435,9.794,-0.3,40,0.20993709594713755,"hkr_words|phrase|None,hkr_words|word|None",needs_decision,,,,,,,,,,
penalty_m0p4,primary,penalty_m0p4,,,outputs/htr_baseline_v1/sweep_mini10k_hkr_words_v1_val/penalty_m0p4/summary.json,,,outputs/htr_baseline_v1/sweep_mini10k_hkr_words_v1_val/penalty_m0p4/predictions.jsonl,2000,0.20782057772164117,0.6326250000000005,0.245,9.811,-0.4,40,0.20993709594713755,"hkr_words|phrase|None,hkr_words|word|None",needs_decision,,,,,,,,,,
penalty_m0p5,primary,penalty_m0p5,,,outputs/htr_baseline_v1/sweep_mini10k_hkr_words_v1_val/penalty_m0p5/summary.json,,,outputs/htr_baseline_v1/sweep_mini10k_hkr_words_v1_val/penalty_m0p5/predictions.jsonl,2000,0.20742452981529916,0.6320416666666673,0.245,9.84,-0.5,40,0.20993709594713755,"hkr_words|phrase|None,hkr_words|word|None",needs_decision,,,,,,,,,,
penalty_m0p6,primary,penalty_m0p6,,,outputs/htr_baseline_v1/sweep_mini10k_hkr_words_v1_val/penalty_m0p6/summary.json,,,outputs/htr_baseline_v1/sweep_mini10k_hkr_words_v1_val/penalty_m0p6/predictions.jsonl,2000,0.207409071662341,0.6337916666666674,0.2435,9.8585,-0.6,40,0.20993709594713755,"hkr_words|phrase|None,hkr_words|word|None",needs_decision,,,,,,,,,,
penalty_m0p7,primary,penalty_m0p7,,,outputs/htr_baseline_v1/sweep_mini10k_hkr_words_v1_val/penalty_m0p7/summary.json,,,outputs/htr_baseline_v1/sweep_mini10k_hkr_words_v1_val/penalty_m0p7/predictions.jsonl,2000,0.2072440389826024,0.6348750000000006,0.2425,9.8845,-0.7,40,0.20993709594713755,"hkr_words|phrase|None,hkr_words|word|None",needs_decision,,,,,,,,,,
penalty_m0p8,primary,penalty_m0p8,,,outputs/htr_baseline_v1/sweep_mini10k_hkr_words_v1_val/penalty_m0p8/summary.json,,,outputs/htr_baseline_v1/sweep_mini10k_hkr_words_v1_val/penalty_m0p8/predictions.jsonl,2000,0.20724776164882502,0.6350416666666673,0.242,9.903,-0.8,40,0.20993709594713755,"hkr_words|phrase|None,hkr_words|word|None",needs_decision,,,,,,,,,,
penalty_m0p9,primary,penalty_m0p9,,,outputs/htr_baseline_v1/sweep_mini10k_hkr_words_v1_val/penalty_m0p9/summary.json,,,outputs/htr_baseline_v1/sweep_mini10k_hkr_words_v1_val/penalty_m0p9/predictions.jsonl,2000,0.20691692463453207,0.6358750000000006,0.2405,9.928,-0.9,40,0.20993709594713755,"hkr_words|phrase|None,hkr_words|word|None",needs_decision,,,,,,,,,,
penalty_m1p0,primary,penalty_m1p0,,,outputs/htr_baseline_v1/sweep_mini10k_hkr_words_v1_val/penalty_m1p0/summary.json,,,outputs/htr_baseline_v1/sweep_mini10k_hkr_words_v1_val/penalty_m1p0/predictions.jsonl,2000,0.20712211388972135,0.6364583333333339,0.2405,9.942,-1.0,40,0.20993709594713755,"hkr_words|phrase|None,hkr_words|word|None",needs_decision,,,,,,,,,,
penalty_0p0,primary,penalty_0p0,,,outputs/htr_baseline_v1/sweep_mini10k_iam_v1_val/penalty_0p0/summary.json,,,outputs/htr_baseline_v1/sweep_mini10k_iam_v1_val/penalty_0p0/predictions.jsonl,1180,0.06960270873378016,0.2325524064669132,0.20508474576271185,42.53728813559322,0.0,71,0.07014890118543075,iam|line|None,needs_decision,,,,,,,,,,
penalty_m0p1,primary,penalty_m0p1,,,outputs/htr_baseline_v1/sweep_mini10k_iam_v1_val/penalty_m0p1/summary.json,,,outputs/htr_baseline_v1/sweep_mini10k_iam_v1_val/penalty_m0p1/predictions.jsonl,1180,0.0696203179896853,0.2327830515280667,0.20508474576271185,42.559322033898304,-0.1,71,0.07014890118543075,iam|line|None,needs_decision,,,,,,,,,,
penalty_m0p2,primary,penalty_m0p2,,,outputs/htr_baseline_v1/sweep_mini10k_iam_v1_val/penalty_m0p2/summary.json,,,outputs/htr_baseline_v1/sweep_mini10k_iam_v1_val/penalty_m0p2/predictions.jsonl,1180,0.06950330127197804,0.23236705744681835,0.20508474576271185,42.58305084745763,-0.2,71,0.07014890118543075,iam|line|None,needs_decision,,,,,,,,,,
penalty_m0p3,primary,penalty_m0p3,,,outputs/htr_baseline_v1/sweep_mini10k_iam_v1_val/penalty_m0p3/summary.json,,,outputs/htr_baseline_v1/sweep_mini10k_iam_v1_val/penalty_m0p3/predictions.jsonl,1180,0.06947127542964358,0.2320579738750229,0.20508474576271185,42.599152542372885,-0.3,71,0.07014890118543075,iam|line|None,needs_decision,,,,,,,,,,
penalty_m0p4,primary,penalty_m0p4,,,outputs/htr_baseline_v1/sweep_mini10k_iam_v1_val/penalty_m0p4/summary.json,,,outputs/htr_baseline_v1/sweep_mini10k_iam_v1_val/penalty_m0p4/predictions.jsonl,1180,0.06950618450302566,0.23224422829856545,0.20423728813559322,42.61440677966102,-0.4,71,0.07014890118543075,iam|line|None,needs_decision,,,,,,,,,,
penalty_m0p5,primary,penalty_m0p5,,,outputs/htr_baseline_v1/sweep_mini10k_iam_v1_val/penalty_m0p5/summary.json,,,outputs/htr_baseline_v1/sweep_mini10k_iam_v1_val/penalty_m0p5/predictions.jsonl,1180,0.06966055746222032,0.23249910760005488,0.20423728813559322,42.62966101694915,-0.5,71,0.07014890118543075,iam|line|None,needs_decision,,,,,,,,,,
penalty_m0p6,primary,penalty_m0p6,,,outputs/htr_baseline_v1/sweep_mini10k_iam_v1_val/penalty_m0p6/summary.json,,,outputs/htr_baseline_v1/sweep_mini10k_iam_v1_val/penalty_m0p6/predictions.jsonl,1180,0.06960129084411576,0.23189327275693197,0.20508474576271185,42.646610169491524,-0.6,71,0.07014890118543075,iam|line|None,needs_decision,,,,,,,,,,
penalty_m0p7,primary,penalty_m0p7,,,outputs/htr_baseline_v1/sweep_mini10k_iam_v1_val/penalty_m0p7/summary.json,,,outputs/htr_baseline_v1/sweep_mini10k_iam_v1_val/penalty_m0p7/predictions.jsonl,1180,0.06952770819766478,0.23172522987702474,0.20677966101694914,42.6635593220339,-0.7,71,0.07014890118543075,iam|line|None,needs_decision,,,,,,,,,,
penalty_m0p8,primary,penalty_m0p8,,,outputs/htr_baseline_v1/sweep_mini10k_iam_v1_val/penalty_m0p8/summary.json,,,outputs/htr_baseline_v1/sweep_mini10k_iam_v1_val/penalty_m0p8/predictions.jsonl,1180,0.06950102669814619,0.23110571756259718,0.20847457627118643,42.68305084745763,-0.8,71,0.07014890118543075,iam|line|None,needs_decision,,,,,,,,,,
penalty_m0p9,primary,penalty_m0p9,,,outputs/htr_baseline_v1/sweep_mini10k_iam_v1_val/penalty_m0p9/summary.json,,,outputs/htr_baseline_v1/sweep_mini10k_iam_v1_val/penalty_m0p9/predictions.jsonl,1180,0.0695712882196786,0.2317211120551103,0.2076271186440678,42.69915254237288,-0.9,71,0.07014890118543075,iam|line|None,needs_decision,,,,,,,,,,
penalty_m1p0,primary,penalty_m1p0,,,outputs/htr_baseline_v1/sweep_mini10k_iam_v1_val/penalty_m1p0/summary.json,,,outputs/htr_baseline_v1/sweep_mini10k_iam_v1_val/penalty_m1p0/predictions.jsonl,1180,0.06968987716287847,0.23228076426730482,0.2076271186440678,42.71949152542373,-1.0,71,0.07014890118543075,iam|line|None,needs_decision,,,,,,,,,,
penalty_m1p1,primary,penalty_m1p1,,,outputs/htr_baseline_v1/sweep_mini10k_iam_v1_val/penalty_m1p1/summary.json,,,outputs/htr_baseline_v1/sweep_mini10k_iam_v1_val/penalty_m1p1/predictions.jsonl,1180,0.06971712814549075,0.232320813671761,0.2093220338983051,42.7364406779661,-1.1,71,0.07014890118543075,iam|line|None,needs_decision,,,,,,,,,,
penalty_m1p2,primary,penalty_m1p2,,,outputs/htr_baseline_v1/sweep_mini10k_iam_v1_val/penalty_m1p2/summary.json,,,outputs/htr_baseline_v1/sweep_mini10k_iam_v1_val/penalty_m1p2/predictions.jsonl,1180,0.06981281229616551,0.23305760042549678,0.2093220338983051,42.757627118644066,-1.2,71,0.07014890118543075,iam|line|None,needs_decision,,,,,,,,,,
penalty_0p0,primary,penalty_0p0,,,outputs/htr_baseline_v1/sweep_mini10k_school_notebooks_v1_val/penalty_0p0/summary.json,,,outputs/htr_baseline_v1/sweep_mini10k_school_notebooks_v1_val/penalty_0p0/predictions.jsonl,2000,0.15297913410119277,0.483,0.5195,5.7235,0.0,74,0.15209059486265358,"school_notebooks_clean|phrase|pupil_text,school_notebooks_clean|word|pupil_comment,school_notebooks_clean|word|pupil_text,school_notebooks_clean|word|teacher_comment",needs_decision,,,,,,,,,,
penalty_m0p1,primary,penalty_m0p1,,,outputs/htr_baseline_v1/sweep_mini10k_school_notebooks_v1_val/penalty_m0p1/summary.json,,,outputs/htr_baseline_v1/sweep_mini10k_school_notebooks_v1_val/penalty_m0p1/predictions.jsonl,2000,0.1526299277519864,0.483,0.5195,5.7305,-0.1,74,0.15209059486265358,"school_notebooks_clean|phrase|pupil_text,school_notebooks_clean|word|pupil_comment,school_notebooks_clean|word|pupil_text,school_notebooks_clean|word|teacher_comment",needs_decision,,,,,,,,,,
penalty_m0p2,primary,penalty_m0p2,,,outputs/htr_baseline_v1/sweep_mini10k_school_notebooks_v1_val/penalty_m0p2/summary.json,,,outputs/htr_baseline_v1/sweep_mini10k_school_notebooks_v1_val/penalty_m0p2/predictions.jsonl,2000,0.15260400228856097,0.483,0.5195,5.738,-0.2,74,0.15209059486265358,"school_notebooks_clean|phrase|pupil_text,school_notebooks_clean|word|pupil_comment,school_notebooks_clean|word|pupil_text,school_notebooks_clean|word|teacher_comment",needs_decision,,,,,,,,,,
penalty_m0p3,primary,penalty_m0p3,,,outputs/htr_baseline_v1/sweep_mini10k_school_notebooks_v1_val/penalty_m0p3/summary.json,,,outputs/htr_baseline_v1/sweep_mini10k_school_notebooks_v1_val/penalty_m0p3/predictions.jsonl,2000,0.15216174038379907,0.4815,0.521,5.7475,-0.3,74,0.15209059486265358,"school_notebooks_clean|phrase|pupil_text,school_notebooks_clean|word|pupil_comment,school_notebooks_clean|word|pupil_text,school_notebooks_clean|word|teacher_comment",needs_decision,,,,,,,,,,
penalty_m0p4,primary,penalty_m0p4,,,outputs/htr_baseline_v1/sweep_mini10k_school_notebooks_v1_val/penalty_m0p4/summary.json,,,outputs/htr_baseline_v1/sweep_mini10k_school_notebooks_v1_val/penalty_m0p4/predictions.jsonl,2000,0.15202304990760862,0.4805,0.522,5.755,-0.4,74,0.15209059486265358,"school_notebooks_clean|phrase|pupil_text,school_notebooks_clean|word|pupil_comment,school_notebooks_clean|word|pupil_text,school_notebooks_clean|word|teacher_comment",needs_decision,,,,,,,,,,
penalty_m0p5,primary,penalty_m0p5,,,outputs/htr_baseline_v1/sweep_mini10k_school_notebooks_v1_val/penalty_m0p5/summary.json,,,outputs/htr_baseline_v1/sweep_mini10k_school_notebooks_v1_val/penalty_m0p5/predictions.jsonl,2000,0.15179821224527096,0.4805,0.522,5.761,-0.5,74,0.15209059486265358,"school_notebooks_clean|phrase|pupil_text,school_notebooks_clean|word|pupil_comment,school_notebooks_clean|word|pupil_text,school_notebooks_clean|word|teacher_comment",needs_decision,,,,,,,,,,
penalty_m0p6,primary,penalty_m0p6,,,outputs/htr_baseline_v1/sweep_mini10k_school_notebooks_v1_val/penalty_m0p6/summary.json,,,outputs/htr_baseline_v1/sweep_mini10k_school_notebooks_v1_val/penalty_m0p6/predictions.jsonl,2000,0.15181150589606457,0.481,0.522,5.767,-0.6,74,0.15209059486265358,"school_notebooks_clean|phrase|pupil_text,school_notebooks_clean|word|pupil_comment,school_notebooks_clean|word|pupil_text,school_notebooks_clean|word|teacher_comment",needs_decision,,,,,,,,,,
penalty_m0p7,primary,penalty_m0p7,,,outputs/htr_baseline_v1/sweep_mini10k_school_notebooks_v1_val/penalty_m0p7/summary.json,,,outputs/htr_baseline_v1/sweep_mini10k_school_notebooks_v1_val/penalty_m0p7/predictions.jsonl,2000,0.15158905473611345,0.4805,0.5225,5.773,-0.7,74,0.15209059486265358,"school_notebooks_clean|phrase|pupil_text,school_notebooks_clean|word|pupil_comment,school_notebooks_clean|word|pupil_text,school_notebooks_clean|word|teacher_comment",needs_decision,,,,,,,,,,
penalty_m0p8,primary,penalty_m0p8,,,outputs/htr_baseline_v1/sweep_mini10k_school_notebooks_v1_val/penalty_m0p8/summary.json,,,outputs/htr_baseline_v1/sweep_mini10k_school_notebooks_v1_val/penalty_m0p8/predictions.jsonl,2000,0.1518726045196632,0.481,0.5225,5.78,-0.8,74,0.15209059486265358,"school_notebooks_clean|phrase|pupil_text,school_notebooks_clean|word|pupil_comment,school_notebooks_clean|word|pupil_text,school_notebooks_clean|word|teacher_comment",needs_decision,,,,,,,,,,
penalty_m0p9,primary,penalty_m0p9,,,outputs/htr_baseline_v1/sweep_mini10k_school_notebooks_v1_val/penalty_m0p9/summary.json,,,outputs/htr_baseline_v1/sweep_mini10k_school_notebooks_v1_val/penalty_m0p9/predictions.jsonl,2000,0.15161189023394894,0.4785,0.5255,5.788,-0.9,74,0.15209059486265358,"school_notebooks_clean|phrase|pupil_text,school_notebooks_clean|word|pupil_comment,school_notebooks_clean|word|pupil_text,school_notebooks_clean|word|teacher_comment",needs_decision,,,,,,,,,,
penalty_m1p0,primary,penalty_m1p0,,,outputs/htr_baseline_v1/sweep_mini10k_school_notebooks_v1_val/penalty_m1p0/summary.json,,,outputs/htr_baseline_v1/sweep_mini10k_school_notebooks_v1_val/penalty_m1p0/predictions.jsonl,2000,0.15122915213871083,0.477,0.527,5.793,-1.0,74,0.15209059486265358,"school_notebooks_clean|phrase|pupil_text,school_notebooks_clean|word|pupil_comment,school_notebooks_clean|word|pupil_text,school_notebooks_clean|word|teacher_comment",needs_decision,,,,,,,,,,
penalty_m1p1,primary,penalty_m1p1,,,outputs/htr_baseline_v1/sweep_mini10k_school_notebooks_v1_val/penalty_m1p1/summary.json,,,outputs/htr_baseline_v1/sweep_mini10k_school_notebooks_v1_val/penalty_m1p1/predictions.jsonl,2000,0.1513368902339489,0.4785,0.526,5.8005,-1.1,74,0.15209059486265358,"school_notebooks_clean|phrase|pupil_text,school_notebooks_clean|word|pupil_comment,school_notebooks_clean|word|pupil_text,school_notebooks_clean|word|teacher_comment",needs_decision,,,,,,,,,,
penalty_m1p2,primary,penalty_m1p2,,,outputs/htr_baseline_v1/sweep_mini10k_school_notebooks_v1_val/penalty_m1p2/summary.json,,,outputs/htr_baseline_v1/sweep_mini10k_school_notebooks_v1_val/penalty_m1p2/predictions.jsonl,2000,0.15146784261490126,0.479,0.5255,5.8075,-1.2,74,0.15209059486265358,"school_notebooks_clean|phrase|pupil_text,school_notebooks_clean|word|pupil_comment,school_notebooks_clean|word|pupil_text,school_notebooks_clean|word|teacher_comment",needs_decision,,,,,,,,,,
penalty_0p0,primary,penalty_0p0,,,outputs/htr_baseline_v1/sweep_mixed_cyrillic_balanced50k_v1_val/penalty_0p0/summary.json,,,outputs/htr_baseline_v1/sweep_mixed_cyrillic_balanced50k_v1_val/penalty_0p0/predictions.jsonl,6000,0.06633006445422146,0.2721333333333331,0.6998333333333333,7.806666666666667,0.0,47,0.06657137128836879,"cyrillic_handwriting|phrase|None,cyrillic_handwriting|word|None,hkr_words|phrase|None,hkr_words|word|None,school_notebooks_clean|phrase|pupil_text,school_notebooks_clean|word|pupil_comment,school_notebooks_clean|word|pupil_text,school_notebooks_clean|word|teacher_comment",needs_decision,,,,,,,,,,
penalty_m0p1,primary,penalty_m0p1,,,outputs/htr_baseline_v1/sweep_mixed_cyrillic_balanced50k_v1_val/penalty_m0p1/summary.json,,,outputs/htr_baseline_v1/sweep_mixed_cyrillic_balanced50k_v1_val/penalty_m0p1/predictions.jsonl,6000,0.06635901582692283,0.2722166666666665,0.7,7.81,-0.1,47,0.06657137128836879,"cyrillic_handwriting|phrase|None,cyrillic_handwriting|word|None,hkr_words|phrase|None,hkr_words|word|None,school_notebooks_clean|phrase|pupil_text,school_notebooks_clean|word|pupil_comment,school_notebooks_clean|word|pupil_text,school_notebooks_clean|word|teacher_comment",needs_decision,,,,,,,,,,
penalty_m0p2,primary,penalty_m0p2,,,outputs/htr_baseline_v1/sweep_mixed_cyrillic_balanced50k_v1_val/penalty_m0p2/summary.json,,,outputs/htr_baseline_v1/sweep_mixed_cyrillic_balanced50k_v1_val/penalty_m0p2/predictions.jsonl,6000,0.0662831800885871,0.27196666666666647,0.7001666666666667,7.8135,-0.2,47,0.06657137128836879,"cyrillic_handwriting|phrase|None,cyrillic_handwriting|word|None,hkr_words|phrase|None,hkr_words|word|None,school_notebooks_clean|phrase|pupil_text,school_notebooks_clean|word|pupil_comment,school_notebooks_clean|word|pupil_text,school_notebooks_clean|word|teacher_comment",needs_decision,,,,,,,,,,
penalty_m0p3,primary,penalty_m0p3,,,outputs/htr_baseline_v1/sweep_mixed_cyrillic_balanced50k_v1_val/penalty_m0p3/summary.json,,,outputs/htr_baseline_v1/sweep_mixed_cyrillic_balanced50k_v1_val/penalty_m0p3/predictions.jsonl,6000,0.06632328713567942,0.27182777777777756,0.7003333333333334,7.8175,-0.3,47,0.06657137128836879,"cyrillic_handwriting|phrase|None,cyrillic_handwriting|word|None,hkr_words|phrase|None,hkr_words|word|None,school_notebooks_clean|phrase|pupil_text,school_notebooks_clean|word|pupil_comment,school_notebooks_clean|word|pupil_text,school_notebooks_clean|word|teacher_comment",needs_decision,,,,,,,,,,
penalty_m0p4,primary,penalty_m0p4,,,outputs/htr_baseline_v1/sweep_mixed_cyrillic_balanced50k_v1_val/penalty_m0p4/summary.json,,,outputs/htr_baseline_v1/sweep_mixed_cyrillic_balanced50k_v1_val/penalty_m0p4/predictions.jsonl,6000,0.06631080332319562,0.27157777777777753,0.701,7.8215,-0.4,47,0.06657137128836879,"cyrillic_handwriting|phrase|None,cyrillic_handwriting|word|None,hkr_words|phrase|None,hkr_words|word|None,school_notebooks_clean|phrase|pupil_text,school_notebooks_clean|word|pupil_comment,school_notebooks_clean|word|pupil_text,school_notebooks_clean|word|teacher_comment",needs_decision,,,,,,,,,,
penalty_m0p5,primary,penalty_m0p5,,,outputs/htr_baseline_v1/sweep_mixed_cyrillic_balanced50k_v1_val/penalty_m0p5/summary.json,,,outputs/htr_baseline_v1/sweep_mixed_cyrillic_balanced50k_v1_val/penalty_m0p5/predictions.jsonl,6000,0.0663046741038311,0.2715499999999998,0.7013333333333334,7.8265,-0.5,47,0.06657137128836879,"cyrillic_handwriting|phrase|None,cyrillic_handwriting|word|None,hkr_words|phrase|None,hkr_words|word|None,school_notebooks_clean|phrase|pupil_text,school_notebooks_clean|word|pupil_comment,school_notebooks_clean|word|pupil_text,school_notebooks_clean|word|teacher_comment",needs_decision,,,,,,,,,,
penalty_m0p6,primary,penalty_m0p6,,,outputs/htr_baseline_v1/sweep_mixed_cyrillic_balanced50k_v1_val/penalty_m0p6/summary.json,,,outputs/htr_baseline_v1/sweep_mixed_cyrillic_balanced50k_v1_val/penalty_m0p6/predictions.jsonl,6000,0.06641203210412389,0.2721611111111109,0.701,7.8308333333333335,-0.6,47,0.06657137128836879,"cyrillic_handwriting|phrase|None,cyrillic_handwriting|word|None,hkr_words|phrase|None,hkr_words|word|None,school_notebooks_clean|phrase|pupil_text,school_notebooks_clean|word|pupil_comment,school_notebooks_clean|word|pupil_text,school_notebooks_clean|word|teacher_comment",needs_decision,,,,,,,,,,
penalty_m0p7,primary,penalty_m0p7,,,outputs/htr_baseline_v1/sweep_mixed_cyrillic_balanced50k_v1_val/penalty_m0p7/summary.json,,,outputs/htr_baseline_v1/sweep_mixed_cyrillic_balanced50k_v1_val/penalty_m0p7/predictions.jsonl,6000,0.06646634254041961,0.2722166666666665,0.7011666666666667,7.834666666666666,-0.7,47,0.06657137128836879,"cyrillic_handwriting|phrase|None,cyrillic_handwriting|word|None,hkr_words|phrase|None,hkr_words|word|None,school_notebooks_clean|phrase|pupil_text,school_notebooks_clean|word|pupil_comment,school_notebooks_clean|word|pupil_text,school_notebooks_clean|word|teacher_comment",needs_decision,,,,,,,,,,
penalty_m0p8,primary,penalty_m0p8,,,outputs/htr_baseline_v1/sweep_mixed_cyrillic_balanced50k_v1_val/penalty_m0p8/summary.json,,,outputs/htr_baseline_v1/sweep_mixed_cyrillic_balanced50k_v1_val/penalty_m0p8/predictions.jsonl,6000,0.06663868147599387,0.272772222222222,0.7011666666666667,7.838333333333333,-0.8,47,0.06657137128836879,"cyrillic_handwriting|phrase|None,cyrillic_handwriting|word|None,hkr_words|phrase|None,hkr_words|word|None,school_notebooks_clean|phrase|pupil_text,school_notebooks_clean|word|pupil_comment,school_notebooks_clean|word|pupil_text,school_notebooks_clean|word|teacher_comment",needs_decision,,,,,,,,,,
penalty_m0p9,primary,penalty_m0p9,,,outputs/htr_baseline_v1/sweep_mixed_cyrillic_balanced50k_v1_val/penalty_m0p9/summary.json,,,outputs/htr_baseline_v1/sweep_mixed_cyrillic_balanced50k_v1_val/penalty_m0p9/predictions.jsonl,6000,0.06689920768725537,0.2731888888888887,0.7006666666666667,7.8435,-0.9,47,0.06657137128836879,"cyrillic_handwriting|phrase|None,cyrillic_handwriting|word|None,hkr_words|phrase|None,hkr_words|word|None,school_notebooks_clean|phrase|pupil_text,school_notebooks_clean|word|pupil_comment,school_notebooks_clean|word|pupil_text,school_notebooks_clean|word|teacher_comment",needs_decision,,,,,,,,,,
penalty_m1p0,primary,penalty_m1p0,,,outputs/htr_baseline_v1/sweep_mixed_cyrillic_balanced50k_v1_val/penalty_m1p0/summary.json,,,outputs/htr_baseline_v1/sweep_mixed_cyrillic_balanced50k_v1_val/penalty_m1p0/predictions.jsonl,6000,0.06706238055741352,0.27377222222222203,0.7005,7.848166666666667,-1.0,47,0.06657137128836879,"cyrillic_handwriting|phrase|None,cyrillic_handwriting|word|None,hkr_words|phrase|None,hkr_words|word|None,school_notebooks_clean|phrase|pupil_text,school_notebooks_clean|word|pupil_comment,school_notebooks_clean|word|pupil_text,school_notebooks_clean|word|teacher_comment",needs_decision,,,,,,,,,,
penalty_m1p1,primary,penalty_m1p1,,,outputs/htr_baseline_v1/sweep_mixed_cyrillic_balanced50k_v1_val/penalty_m1p1/summary.json,,,outputs/htr_baseline_v1/sweep_mixed_cyrillic_balanced50k_v1_val/penalty_m1p1/predictions.jsonl,6000,0.06715042399545693,0.27427222222222203,0.7003333333333334,7.8525,-1.1,47,0.06657137128836879,"cyrillic_handwriting|phrase|None,cyrillic_handwriting|word|None,hkr_words|phrase|None,hkr_words|word|None,school_notebooks_clean|phrase|pupil_text,school_notebooks_clean|word|pupil_comment,school_notebooks_clean|word|pupil_text,school_notebooks_clean|word|teacher_comment",needs_decision,,,,,,,,,,
penalty_m1p2,primary,penalty_m1p2,,,outputs/htr_baseline_v1/sweep_mixed_cyrillic_balanced50k_v1_val/penalty_m1p2/summary.json,,,outputs/htr_baseline_v1/sweep_mixed_cyrillic_balanced50k_v1_val/penalty_m1p2/predictions.jsonl,6000,0.06725786331539625,0.27427222222222203,0.7001666666666667,7.8565,-1.2,47,0.06657137128836879,"cyrillic_handwriting|phrase|None,cyrillic_handwriting|word|None,hkr_words|phrase|None,hkr_words|word|None,school_notebooks_clean|phrase|pupil_text,school_notebooks_clean|word|pupil_comment,school_notebooks_clean|word|pupil_text,school_notebooks_clean|word|teacher_comment",needs_decision,,,,,,,,,,
penalty_0p0,primary,penalty_0p0,,,outputs/htr_baseline_v1/sweep_mixed_cyrillic_natural_full_v1_val/penalty_0p0/summary.json,,,outputs/htr_baseline_v1/sweep_mixed_cyrillic_natural_full_v1_val/penalty_0p0/predictions.jsonl,6000,0.05430637481062747,0.23477777777777767,0.7423333333333333,7.857833333333334,0.0,46,0.05389584135257089,"cyrillic_handwriting|phrase|None,cyrillic_handwriting|word|None,hkr_words|phrase|None,hkr_words|word|None,school_notebooks_clean|phrase|pupil_text,school_notebooks_clean|word|pupil_comment,school_notebooks_clean|word|pupil_text,school_notebooks_clean|word|teacher_comment",needs_decision,,,,,,,,,,
penalty_m0p1,primary,penalty_m0p1,,,outputs/htr_baseline_v1/sweep_mixed_cyrillic_natural_full_v1_val/penalty_m0p1/summary.json,,,outputs/htr_baseline_v1/sweep_mixed_cyrillic_natural_full_v1_val/penalty_m0p1/predictions.jsonl,6000,0.05405091122464917,0.23402777777777767,0.743,7.8615,-0.1,46,0.05389584135257089,"cyrillic_handwriting|phrase|None,cyrillic_handwriting|word|None,hkr_words|phrase|None,hkr_words|word|None,school_notebooks_clean|phrase|pupil_text,school_notebooks_clean|word|pupil_comment,school_notebooks_clean|word|pupil_text,school_notebooks_clean|word|teacher_comment",needs_decision,,,,,,,,,,
penalty_m0p2,primary,penalty_m0p2,,,outputs/htr_baseline_v1/sweep_mixed_cyrillic_natural_full_v1_val/penalty_m0p2/summary.json,,,outputs/htr_baseline_v1/sweep_mixed_cyrillic_natural_full_v1_val/penalty_m0p2/predictions.jsonl,6000,0.05413037002837269,0.23430555555555546,0.7426666666666667,7.8645,-0.2,46,0.05389584135257089,"cyrillic_handwriting|phrase|None,cyrillic_handwriting|word|None,hkr_words|phrase|None,hkr_words|word|None,school_notebooks_clean|phrase|pupil_text,school_notebooks_clean|word|pupil_comment,school_notebooks_clean|word|pupil_text,school_notebooks_clean|word|teacher_comment",needs_decision,,,,,,,,,,
penalty_m0p3,primary,penalty_m0p3,,,outputs/htr_baseline_v1/sweep_mixed_cyrillic_natural_full_v1_val/penalty_m0p3/summary.json,,,outputs/htr_baseline_v1/sweep_mixed_cyrillic_natural_full_v1_val/penalty_m0p3/predictions.jsonl,6000,0.054115284967234986,0.23455555555555546,0.7421666666666666,7.867666666666667,-0.3,46,0.05389584135257089,"cyrillic_handwriting|phrase|None,cyrillic_handwriting|word|None,hkr_words|phrase|None,hkr_words|word|None,school_notebooks_clean|phrase|pupil_text,school_notebooks_clean|word|pupil_comment,school_notebooks_clean|word|pupil_text,school_notebooks_clean|word|teacher_comment",needs_decision,,,,,,,,,,
penalty_m0p4,primary,penalty_m0p4,,,outputs/htr_baseline_v1/sweep_mixed_cyrillic_natural_full_v1_val/penalty_m0p4/summary.json,,,outputs/htr_baseline_v1/sweep_mixed_cyrillic_natural_full_v1_val/penalty_m0p4/predictions.jsonl,6000,0.05402405405643885,0.23436111111111102,0.7425,7.871666666666667,-0.4,46,0.05389584135257089,"cyrillic_handwriting|phrase|None,cyrillic_handwriting|word|None,hkr_words|phrase|None,hkr_words|word|None,school_notebooks_clean|phrase|pupil_text,school_notebooks_clean|word|pupil_comment,school_notebooks_clean|word|pupil_text,school_notebooks_clean|word|teacher_comment",needs_decision,,,,,,,,,,
penalty_m0p5,primary,penalty_m0p5,,,outputs/htr_baseline_v1/sweep_mixed_cyrillic_natural_full_v1_val/penalty_m0p5/summary.json,,,outputs/htr_baseline_v1/sweep_mixed_cyrillic_natural_full_v1_val/penalty_m0p5/predictions.jsonl,6000,0.05414228212466691,0.23452777777777767,0.7425,7.875666666666667,-0.5,46,0.05389584135257089,"cyrillic_handwriting|phrase|None,cyrillic_handwriting|word|None,hkr_words|phrase|None,hkr_words|word|None,school_notebooks_clean|phrase|pupil_text,school_notebooks_clean|word|pupil_comment,school_notebooks_clean|word|pupil_text,school_notebooks_clean|word|teacher_comment",needs_decision,,,,,,,,,,
penalty_m0p6,primary,penalty_m0p6,,,outputs/htr_baseline_v1/sweep_mixed_cyrillic_natural_full_v1_val/penalty_m0p6/summary.json,,,outputs/htr_baseline_v1/sweep_mixed_cyrillic_natural_full_v1_val/penalty_m0p6/predictions.jsonl,6000,0.054225787661384514,0.23499999999999993,0.7421666666666666,7.8795,-0.6,46,0.05389584135257089,"cyrillic_handwriting|phrase|None,cyrillic_handwriting|word|None,hkr_words|phrase|None,hkr_words|word|None,school_notebooks_clean|phrase|pupil_text,school_notebooks_clean|word|pupil_comment,school_notebooks_clean|word|pupil_text,school_notebooks_clean|word|teacher_comment",needs_decision,,,,,,,,,,
penalty_m0p7,primary,penalty_m0p7,,,outputs/htr_baseline_v1/sweep_mixed_cyrillic_natural_full_v1_val/penalty_m0p7/summary.json,,,outputs/htr_baseline_v1/sweep_mixed_cyrillic_natural_full_v1_val/penalty_m0p7/predictions.jsonl,6000,0.054261963590575155,0.23574999999999993,0.742,7.883333333333334,-0.7,46,0.05389584135257089,"cyrillic_handwriting|phrase|None,cyrillic_handwriting|word|None,hkr_words|phrase|None,hkr_words|word|None,school_notebooks_clean|phrase|pupil_text,school_notebooks_clean|word|pupil_comment,school_notebooks_clean|word|pupil_text,school_notebooks_clean|word|teacher_comment",needs_decision,,,,,,,,,,
penalty_m0p8,primary,penalty_m0p8,,,outputs/htr_baseline_v1/sweep_mixed_cyrillic_natural_full_v1_val/penalty_m0p8/summary.json,,,outputs/htr_baseline_v1/sweep_mixed_cyrillic_natural_full_v1_val/penalty_m0p8/predictions.jsonl,6000,0.05430988589244481,0.23608333333333328,0.7415,7.887833333333333,-0.8,46,0.05389584135257089,"cyrillic_handwriting|phrase|None,cyrillic_handwriting|word|None,hkr_words|phrase|None,hkr_words|word|None,school_notebooks_clean|phrase|pupil_text,school_notebooks_clean|word|pupil_comment,school_notebooks_clean|word|pupil_text,school_notebooks_clean|word|teacher_comment",needs_decision,,,,,,,,,,
penalty_m0p9,primary,penalty_m0p9,,,outputs/htr_baseline_v1/sweep_mixed_cyrillic_natural_full_v1_val/penalty_m0p9/summary.json,,,outputs/htr_baseline_v1/sweep_mixed_cyrillic_natural_full_v1_val/penalty_m0p9/predictions.jsonl,6000,0.05437754462260355,0.2365138888888888,0.741,7.891666666666667,-0.9,46,0.05389584135257089,"cyrillic_handwriting|phrase|None,cyrillic_handwriting|word|None,hkr_words|phrase|None,hkr_words|word|None,school_notebooks_clean|phrase|pupil_text,school_notebooks_clean|word|pupil_comment,school_notebooks_clean|word|pupil_text,school_notebooks_clean|word|teacher_comment",needs_decision,,,,,,,,,,
penalty_m1p0,primary,penalty_m1p0,,,outputs/htr_baseline_v1/sweep_mixed_cyrillic_natural_full_v1_val/penalty_m1p0/summary.json,,,outputs/htr_baseline_v1/sweep_mixed_cyrillic_natural_full_v1_val/penalty_m1p0/predictions.jsonl,6000,0.05465628740759632,0.23737499999999997,0.7401666666666666,7.896166666666667,-1.0,46,0.05389584135257089,"cyrillic_handwriting|phrase|None,cyrillic_handwriting|word|None,hkr_words|phrase|None,hkr_words|word|None,school_notebooks_clean|phrase|pupil_text,school_notebooks_clean|word|pupil_comment,school_notebooks_clean|word|pupil_text,school_notebooks_clean|word|teacher_comment",needs_decision,,,,,,,,,,
penalty_m1p1,primary,penalty_m1p1,,,outputs/htr_baseline_v1/sweep_mixed_cyrillic_natural_full_v1_val/penalty_m1p1/summary.json,,,outputs/htr_baseline_v1/sweep_mixed_cyrillic_natural_full_v1_val/penalty_m1p1/predictions.jsonl,6000,0.05477331049888413,0.2375416666666666,0.74,7.898666666666666,-1.1,46,0.05389584135257089,"cyrillic_handwriting|phrase|None,cyrillic_handwriting|word|None,hkr_words|phrase|None,hkr_words|word|None,school_notebooks_clean|phrase|pupil_text,school_notebooks_clean|word|pupil_comment,school_notebooks_clean|word|pupil_text,school_notebooks_clean|word|teacher_comment",needs_decision,,,,,,,,,,
penalty_m1p2,primary,penalty_m1p2,,,outputs/htr_baseline_v1/sweep_mixed_cyrillic_natural_full_v1_val/penalty_m1p2/summary.json,,,outputs/htr_baseline_v1/sweep_mixed_cyrillic_natural_full_v1_val/penalty_m1p2/predictions.jsonl,6000,0.054843422331495965,0.23718055555555548,0.7405,7.902,-1.2,46,0.05389584135257089,"cyrillic_handwriting|phrase|None,cyrillic_handwriting|word|None,hkr_words|phrase|None,hkr_words|word|None,school_notebooks_clean|phrase|pupil_text,school_notebooks_clean|word|pupil_comment,school_notebooks_clean|word|pupil_text,school_notebooks_clean|word|teacher_comment",needs_decision,,,,,,,,,,
penalty_0p0,primary,penalty_0p0,,,outputs/htr_baseline_v1/sweep_train50k_school_notebooks_v1_val/penalty_0p0/summary.json,,,outputs/htr_baseline_v1/sweep_train50k_school_notebooks_v1_val/penalty_0p0/predictions.jsonl,24214,0.08010591958147618,0.2957999504418931,0.7077723630957298,5.90001651936896,0.0,67,0.08032684316336862,"school_notebooks_clean|phrase|pupil_text,school_notebooks_clean|phrase|teacher_comment,school_notebooks_clean|word|pupil_comment,school_notebooks_clean|word|pupil_text,school_notebooks_clean|word|teacher_comment",needs_decision,,,,,,,,,,
penalty_m0p1,primary,penalty_m0p1,,,outputs/htr_baseline_v1/sweep_train50k_school_notebooks_v1_val/penalty_m0p1/summary.json,,,outputs/htr_baseline_v1/sweep_train50k_school_notebooks_v1_val/penalty_m0p1/predictions.jsonl,24214,0.08003540398068885,0.29542826464029076,0.7083092425869332,5.904270256876187,-0.1,67,0.08032684316336862,"school_notebooks_clean|phrase|pupil_text,school_notebooks_clean|phrase|teacher_comment,school_notebooks_clean|word|pupil_comment,school_notebooks_clean|word|pupil_text,school_notebooks_clean|word|teacher_comment",needs_decision,,,,,,,,,,
penalty_m0p2,primary,penalty_m0p2,,,outputs/htr_baseline_v1/sweep_train50k_school_notebooks_v1_val/penalty_m0p2/summary.json,,,outputs/htr_baseline_v1/sweep_train50k_school_notebooks_v1_val/penalty_m0p2/predictions.jsonl,24214,0.08000069736456242,0.29524242173948956,0.7086396299661353,5.9078632196250105,-0.2,67,0.08032684316336862,"school_notebooks_clean|phrase|pupil_text,school_notebooks_clean|phrase|teacher_comment,school_notebooks_clean|word|pupil_comment,school_notebooks_clean|word|pupil_text,school_notebooks_clean|word|teacher_comment",needs_decision,,,,,,,,,,
penalty_m0p3,primary,penalty_m0p3,,,outputs/htr_baseline_v1/sweep_train50k_school_notebooks_v1_val/penalty_m0p3/summary.json,,,outputs/htr_baseline_v1/sweep_train50k_school_notebooks_v1_val/penalty_m0p3/predictions.jsonl,24214,0.08000747121807786,0.2950772280498885,0.7088461220781366,5.910630213925828,-0.3,67,0.08032684316336862,"school_notebooks_clean|phrase|pupil_text,school_notebooks_clean|phrase|teacher_comment,school_notebooks_clean|word|pupil_comment,school_notebooks_clean|word|pupil_text,school_notebooks_clean|word|teacher_comment",needs_decision,,,,,,,,,,
penalty_m0p4,primary,penalty_m0p4,,,outputs/htr_baseline_v1/sweep_train50k_school_notebooks_v1_val/penalty_m0p4/summary.json,,,outputs/htr_baseline_v1/sweep_train50k_school_notebooks_v1_val/penalty_m0p4/predictions.jsonl,24214,0.08009627921450126,0.295159824894689,0.7089287189229372,5.914347071941852,-0.4,67,0.08032684316336862,"school_notebooks_clean|phrase|pupil_text,school_notebooks_clean|phrase|teacher_comment,school_notebooks_clean|word|pupil_comment,school_notebooks_clean|word|pupil_text,school_notebooks_clean|word|teacher_comment",needs_decision,,,,,,,,,,
penalty_m0p5,primary,penalty_m0p5,,,outputs/htr_baseline_v1/sweep_train50k_school_notebooks_v1_val/penalty_m0p5/summary.json,,,outputs/htr_baseline_v1/sweep_train50k_school_notebooks_v1_val/penalty_m0p5/predictions.jsonl,24214,0.0801602083380653,0.29536631700669036,0.7088048236557364,5.917485752044272,-0.5,67,0.08032684316336862,"school_notebooks_clean|phrase|pupil_text,school_notebooks_clean|phrase|teacher_comment,school_notebooks_clean|word|pupil_comment,school_notebooks_clean|word|pupil_text,school_notebooks_clean|word|teacher_comment",needs_decision,,,,,,,,,,
penalty_m0p6,primary,penalty_m0p6,,,outputs/htr_baseline_v1/sweep_train50k_school_notebooks_v1_val/penalty_m0p6/summary.json,,,outputs/htr_baseline_v1/sweep_train50k_school_notebooks_v1_val/penalty_m0p6/predictions.jsonl,24214,0.08021122500033989,0.29536631700669036,0.7088874205005369,5.920707028991493,-0.6,67,0.08032684316336862,"school_notebooks_clean|phrase|pupil_text,school_notebooks_clean|phrase|teacher_comment,school_notebooks_clean|word|pupil_comment,school_notebooks_clean|word|pupil_text,school_notebooks_clean|word|teacher_comment",needs_decision,,,,,,,,,,
penalty_m0p7,primary,penalty_m0p7,,,outputs/htr_baseline_v1/sweep_train50k_school_notebooks_v1_val/penalty_m0p7/summary.json,,,outputs/htr_baseline_v1/sweep_train50k_school_notebooks_v1_val/penalty_m0p7/predictions.jsonl,24214,0.08035046216665577,0.29535255086589024,0.7089287189229372,5.9238457090939125,-0.7,67,0.08032684316336862,"school_notebooks_clean|phrase|pupil_text,school_notebooks_clean|phrase|teacher_comment,school_notebooks_clean|word|pupil_comment,school_notebooks_clean|word|pupil_text,school_notebooks_clean|word|teacher_comment",needs_decision,,,,,,,,,,
penalty_m0p8,primary,penalty_m0p8,,,outputs/htr_baseline_v1/sweep_train50k_school_notebooks_v1_val/penalty_m0p8/summary.json,,,outputs/htr_baseline_v1/sweep_train50k_school_notebooks_v1_val/penalty_m0p8/predictions.jsonl,24214,0.08046004497942684,0.2958481319346934,0.7086809283885356,5.927851656066738,-0.8,67,0.08032684316336862,"school_notebooks_clean|phrase|pupil_text,school_notebooks_clean|phrase|teacher_comment,school_notebooks_clean|word|pupil_comment,school_notebooks_clean|word|pupil_text,school_notebooks_clean|word|teacher_comment",needs_decision,,,,,,,,,,
penalty_m0p9,primary,penalty_m0p9,,,outputs/htr_baseline_v1/sweep_train50k_school_notebooks_v1_val/penalty_m0p9/summary.json,,,outputs/htr_baseline_v1/sweep_train50k_school_notebooks_v1_val/penalty_m0p9/predictions.jsonl,24214,0.08046943854833147,0.2957655350898929,0.7088048236557364,5.930701247212356,-0.9,67,0.08032684316336862,"school_notebooks_clean|phrase|pupil_text,school_notebooks_clean|phrase|teacher_comment,school_notebooks_clean|word|pupil_comment,school_notebooks_clean|word|pupil_text,school_notebooks_clean|word|teacher_comment",needs_decision,,,,,,,,,,
penalty_m1p0,primary,penalty_m1p0,,,outputs/htr_baseline_v1/sweep_train50k_school_notebooks_v1_val/penalty_m1p0/summary.json,,,outputs/htr_baseline_v1/sweep_train50k_school_notebooks_v1_val/penalty_m1p0/predictions.jsonl,24214,0.08053049554287733,0.29588943035709364,0.7088461220781366,5.934211613116379,-1.0,67,0.08032684316336862,"school_notebooks_clean|phrase|pupil_text,school_notebooks_clean|phrase|teacher_comment,school_notebooks_clean|word|pupil_comment,school_notebooks_clean|word|pupil_text,school_notebooks_clean|word|teacher_comment",needs_decision,,,,,,,,,,
penalty_m1p1,primary,penalty_m1p1,,,outputs/htr_baseline_v1/sweep_train50k_school_notebooks_v1_val/penalty_m1p1/summary.json,,,outputs/htr_baseline_v1/sweep_train50k_school_notebooks_v1_val/penalty_m1p1/predictions.jsonl,24214,0.08065924322572593,0.2963024145810963,0.7084744362765343,5.937680680598001,-1.1,67,0.08032684316336862,"school_notebooks_clean|phrase|pupil_text,school_notebooks_clean|phrase|teacher_comment,school_notebooks_clean|word|pupil_comment,school_notebooks_clean|word|pupil_text,school_notebooks_clean|word|teacher_comment",needs_decision,,,,,,,,,,
penalty_m1p2,primary,penalty_m1p2,,,outputs/htr_baseline_v1/sweep_train50k_school_notebooks_v1_val/penalty_m1p2/summary.json,,,outputs/htr_baseline_v1/sweep_train50k_school_notebooks_v1_val/penalty_m1p2/predictions.jsonl,24214,0.08073570788053369,0.29704578618430105,0.7079375567853308,5.941025852812422,-1.2,67,0.08032684316336862,"school_notebooks_clean|phrase|pupil_text,school_notebooks_clean|phrase|teacher_comment,school_notebooks_clean|word|pupil_comment,school_notebooks_clean|word|pupil_text,school_notebooks_clean|word|teacher_comment",needs_decision,,,,,,,,,,
old_graph_v2_on_lineaware_v3,needs_review,old_graph_v2_on_lineaware_v3,,,outputs/htr_graph_v1/cross_eval_iter2_lineaware/old_graph_v2_on_lineaware_v3/summary.json,,,outputs/htr_graph_v1/cross_eval_iter2_lineaware/old_graph_v2_on_lineaware_v3/predictions.jsonl,5563,0.1392816241540864,0.49068988613529807,0.43897177781772423,8.513212295523997,-0.4,71,0.098847348049849,"cyrillic_handwriting,hkr_words,school_notebooks_clean",needs_decision,,0.19967933729708062,0.6763218390804597,0.2706333973128599,0.08802717237475234,0.3637751985339035,0.497,0.15466351829988192,0.4965277777777778,0.5125
new_model_old_features,needs_review,new_model_old_features,,,outputs/htr_graph_v1/cross_eval_v3/new_model_old_features/summary.json,,,outputs/htr_graph_v1/cross_eval_v3/new_model_old_features/predictions.jsonl,5563,0.1539614783966684,0.5236436704621568,0.40625561747258676,8.419737551680749,-0.4,78,0.11207519884309472,"cyrillic_handwriting,hkr_words,school_notebooks_clean",needs_decision,,0.21758300487674528,0.704367816091954,0.25015994881637876,0.10184923105953392,0.40806353084911423,0.4435,0.16680721875527071,0.5163690476190477,0.491
old_model_new_features,needs_review,old_model_new_features,,,outputs/htr_graph_v1/cross_eval_v3/old_model_new_features/summary.json,,,outputs/htr_graph_v1/cross_eval_v3/old_model_new_features/predictions.jsonl,5563,0.13942738157209786,0.4897521768251842,0.43969081430882617,8.512313499910121,-0.4,71,0.098847348049849,"cyrillic_handwriting,hkr_words,school_notebooks_clean",needs_decision,,0.19967933729708062,0.6763218390804597,0.2706333973128599,0.08802717237475234,0.3637751985339035,0.497,0.1552538370720189,0.4930555555555556,0.5145
eval_tri10k_gated_local_fusion_v1_cyrillic_handwriting_test_final,exploratory,eval_tri10k_gated_local_fusion_v1_cyrillic_handwriting_test_final,,,outputs/htr_graph_v1/eval_tri10k_gated_local_fusion_v1_cyrillic_handwriting_test_final/summary.json,,,outputs/htr_graph_v1/eval_tri10k_gated_local_fusion_v1_cyrillic_handwriting_test_final/predictions.jsonl,1563,0.19025987039882425,0.6648275862068965,0.27191298784388995,9.338451695457454,-0.2,80,0.10382374207817617,cyrillic_handwriting,needs_decision,,0.19025987039882425,0.6648275862068965,0.27191298784388995,,,,,,
eval_tri10k_gated_local_fusion_v1_cyrillic_handwriting_val_final,exploratory,eval_tri10k_gated_local_fusion_v1_cyrillic_handwriting_val_final,,,outputs/htr_graph_v1/eval_tri10k_gated_local_fusion_v1_cyrillic_handwriting_val_final/summary.json,,,outputs/htr_graph_v1/eval_tri10k_gated_local_fusion_v1_cyrillic_handwriting_val_final/predictions.jsonl,2000,0.12860536138445877,0.4870395634379263,0.504,7.3225,-0.2,80,0.10382374207817617,cyrillic_handwriting,needs_decision,,0.12860536138445877,0.4870395634379263,0.504,,,,,,
eval_tri10k_gated_local_fusion_v1_hkr_words_test_final,exploratory,eval_tri10k_gated_local_fusion_v1_hkr_words_test_final,,,outputs/htr_graph_v1/eval_tri10k_gated_local_fusion_v1_hkr_words_test_final/summary.json,,,outputs/htr_graph_v1/eval_tri10k_gated_local_fusion_v1_hkr_words_test_final/predictions.jsonl,2000,0.09118784791018021,0.3778252901649359,0.491,10.5385,-0.2,80,0.10382374207817617,hkr_words,needs_decision,,,,,0.09118784791018021,0.3778252901649359,0.491,,,
eval_tri10k_gated_local_fusion_v1_hkr_words_val_final,exploratory,eval_tri10k_gated_local_fusion_v1_hkr_words_val_final,,,outputs/htr_graph_v1/eval_tri10k_gated_local_fusion_v1_hkr_words_val_final/summary.json,,,outputs/htr_graph_v1/eval_tri10k_gated_local_fusion_v1_hkr_words_val_final/predictions.jsonl,2000,0.08561073562542855,0.3336394245485155,0.541,10.146,-0.2,80,0.10382374207817617,hkr_words,needs_decision,,,,,0.08561073562542855,0.3336394245485155,0.541,,,
eval_tri10k_gated_local_fusion_v1_school_notebooks_clean_test_final,exploratory,eval_tri10k_gated_local_fusion_v1_school_notebooks_clean_test_final,,,outputs/htr_graph_v1/eval_tri10k_gated_local_fusion_v1_school_notebooks_clean_test_final/summary.json,,,outputs/htr_graph_v1/eval_tri10k_gated_local_fusion_v1_school_notebooks_clean_test_final/predictions.jsonl,2000,0.1672288750210828,0.5277777777777778,0.484,5.8405,-0.2,80,0.10382374207817617,school_notebooks_clean,needs_decision,,,,,,,,0.1672288750210828,0.5277777777777778,0.484
eval_tri10k_gated_local_fusion_v1_school_notebooks_clean_val_final,exploratory,eval_tri10k_gated_local_fusion_v1_school_notebooks_clean_val_final,,,outputs/htr_graph_v1/eval_tri10k_gated_local_fusion_v1_school_notebooks_clean_val_final/summary.json,,,outputs/htr_graph_v1/eval_tri10k_gated_local_fusion_v1_school_notebooks_clean_val_final/predictions.jsonl,2000,0.10295728368017525,0.3740079365079365,0.633,5.857,-0.2,80,0.10382374207817617,school_notebooks_clean,needs_decision,,,,,,,,0.10295728368017525,0.3740079365079365,0.633
eval_tri10k_gated_local_fusion_v2_dist_cyrillic_handwriting_test_final,exploratory,eval_tri10k_gated_local_fusion_v2_dist_cyrillic_handwriting_test_final,,,outputs/htr_graph_v1/eval_tri10k_gated_local_fusion_v2_dist_cyrillic_handwriting_test_final/summary.json,,,outputs/htr_graph_v1/eval_tri10k_gated_local_fusion_v2_dist_cyrillic_handwriting_test_final/predictions.jsonl,1563,0.19921170418865655,0.670344827586207,0.26807421625079975,9.323096609085093,-0.4,71,0.10214367742758709,cyrillic_handwriting,needs_decision,,0.19921170418865655,0.670344827586207,0.26807421625079975,,,,,,
eval_tri10k_gated_local_fusion_v2_dist_cyrillic_handwriting_val_final,exploratory,eval_tri10k_gated_local_fusion_v2_dist_cyrillic_handwriting_val_final,,,outputs/htr_graph_v1/eval_tri10k_gated_local_fusion_v2_dist_cyrillic_handwriting_val_final/summary.json,,,outputs/htr_graph_v1/eval_tri10k_gated_local_fusion_v2_dist_cyrillic_handwriting_val_final/predictions.jsonl,2000,0.12494061757719715,0.4806730331969077,0.516,7.309,-0.4,71,0.10214367742758709,cyrillic_handwriting,needs_decision,,0.12494061757719715,0.4806730331969077,0.516,,,,,,
eval_tri10k_gated_local_fusion_v2_dist_hkr_words_test_final,exploratory,eval_tri10k_gated_local_fusion_v2_dist_hkr_words_test_final,,,outputs/htr_graph_v1/eval_tri10k_gated_local_fusion_v2_dist_hkr_words_test_final/summary.json,,,outputs/htr_graph_v1/eval_tri10k_gated_local_fusion_v2_dist_hkr_words_test_final/predictions.jsonl,2000,0.09260307576186433,0.3790470372632865,0.4905,10.534,-0.4,71,0.10214367742758709,hkr_words,needs_decision,,,,,0.09260307576186433,0.3790470372632865,0.4905,,,
eval_tri10k_gated_local_fusion_v2_dist_hkr_words_val_final,exploratory,eval_tri10k_gated_local_fusion_v2_dist_hkr_words_val_final,,,outputs/htr_graph_v1/eval_tri10k_gated_local_fusion_v2_dist_hkr_words_val_final/summary.json,,,outputs/htr_graph_v1/eval_tri10k_gated_local_fusion_v2_dist_hkr_words_val_final/predictions.jsonl,2000,0.08340679792340092,0.33823079277624735,0.541,10.157,-0.4,71,0.10214367742758709,hkr_words,needs_decision,,,,,0.08340679792340092,0.33823079277624735,0.541,,,
eval_tri10k_gated_local_fusion_v2_dist_school_notebooks_clean_test_final,exploratory,eval_tri10k_gated_local_fusion_v2_dist_school_notebooks_clean_test_final,,,outputs/htr_graph_v1/eval_tri10k_gated_local_fusion_v2_dist_school_notebooks_clean_test_final/summary.json,,,outputs/htr_graph_v1/eval_tri10k_gated_local_fusion_v2_dist_school_notebooks_clean_test_final/predictions.jsonl,2000,0.16537358745150954,0.5277777777777778,0.484,5.861,-0.4,71,0.10214367742758709,school_notebooks_clean,needs_decision,,,,,,,,0.16537358745150954,0.5277777777777778,0.484
eval_tri10k_gated_local_fusion_v2_dist_school_notebooks_clean_val_final,exploratory,eval_tri10k_gated_local_fusion_v2_dist_school_notebooks_clean_val_final,,,outputs/htr_graph_v1/eval_tri10k_gated_local_fusion_v2_dist_school_notebooks_clean_val_final/summary.json,,,outputs/htr_graph_v1/eval_tri10k_gated_local_fusion_v2_dist_school_notebooks_clean_val_final/predictions.jsonl,2000,0.10371556154688685,0.38591269841269843,0.6235,5.897,-0.4,71,0.10214367742758709,school_notebooks_clean,needs_decision,,,,,,,,0.10371556154688685,0.38591269841269843,0.6235
eval_tri10k_graph_fusion_plus_school_lines_10k_context_v1_test_final,exploratory,eval_tri10k_graph_fusion_plus_school_lines_10k_context_v1_test_final,,,outputs/htr_graph_v1/eval_tri10k_graph_fusion_plus_school_lines_10k_context_v1_test_final/summary.json,,,outputs/htr_graph_v1/eval_tri10k_graph_fusion_plus_school_lines_10k_context_v1_test_final/predictions.jsonl,5563,0.13380530973451327,0.4786336235766912,0.4562286536041704,8.538738090958116,-0.481012658227848,76,0.09308408829909404,"cyrillic_handwriting,hkr_words,school_notebooks_clean",needs_decision,,0.1997461420268555,0.662528735632184,0.2821497120921305,0.09198981035946788,0.3830177153329261,0.4755,0.12531624219935908,0.435515873015873,0.573
eval_tri10k_graph_fusion_plus_school_lines_10k_context_v1_test_final_zero_graph,exploratory,eval_tri10k_graph_fusion_plus_school_lines_10k_context_v1_test_final_zero_graph,,,outputs/htr_graph_v1/eval_tri10k_graph_fusion_plus_school_lines_10k_context_v1_test_final_zero_graph/summary.json,,,outputs/htr_graph_v1/eval_tri10k_graph_fusion_plus_school_lines_10k_context_v1_test_final_zero_graph/predictions.jsonl,5563,0.1535866736074961,0.5366376423308774,0.4152435736113608,8.534244112888729,-0.481012658227848,76,0.09308408829909404,"cyrillic_handwriting,hkr_words,school_notebooks_clean",needs_decision,,0.23161199812946756,0.7567816091954023,0.23032629558541268,0.10661383149353712,0.43188759926695175,0.4325,0.13906223646483387,0.46924603174603174,0.5425
eval_tri10k_graph_fusion_v1_cyrillic_handwriting_test_final,exploratory,eval_tri10k_graph_fusion_v1_cyrillic_handwriting_test_final,,,outputs/htr_graph_v1/eval_tri10k_graph_fusion_v1_cyrillic_handwriting_test_final/summary.json,,,outputs/htr_graph_v1/eval_tri10k_graph_fusion_v1_cyrillic_handwriting_test_final/predictions.jsonl,1563,0.20462288730042086,0.6864367816091954,0.26039667306461933,9.37364043506078,-0.5,75,0.10318574284377525,cyrillic_handwriting,needs_decision,,0.20462288730042086,0.6864367816091954,0.26039667306461933,,,,,,
eval_tri10k_graph_fusion_v1_cyrillic_handwriting_val_final,exploratory,eval_tri10k_graph_fusion_v1_cyrillic_handwriting_val_final,,,outputs/htr_graph_v1/eval_tri10k_graph_fusion_v1_cyrillic_handwriting_val_final/summary.json,,,outputs/htr_graph_v1/eval_tri10k_graph_fusion_v1_cyrillic_handwriting_val_final/predictions.jsonl,2000,0.12718018323719035,0.4870395634379263,0.51,7.311,-0.5,75,0.10318574284377525,cyrillic_handwriting,needs_decision,,0.12718018323719035,0.4870395634379263,0.51,,,,,,
eval_tri10k_graph_fusion_v1_hkr_words_test_final,exploratory,eval_tri10k_graph_fusion_v1_hkr_words_test_final,,,outputs/htr_graph_v1/eval_tri10k_graph_fusion_v1_hkr_words_test_final/summary.json,,,outputs/htr_graph_v1/eval_tri10k_graph_fusion_v1_hkr_words_test_final/predictions.jsonl,2000,0.09415982639871685,0.38546120952962737,0.4745,10.516,-0.5,75,0.10318574284377525,hkr_words,needs_decision,,,,,0.09415982639871685,0.38546120952962737,0.4745,,,
eval_tri10k_graph_fusion_v1_hkr_words_val_final,exploratory,eval_tri10k_graph_fusion_v1_hkr_words_val_final,,,outputs/htr_graph_v1/eval_tri10k_graph_fusion_v1_hkr_words_val_final/summary.json,,,outputs/htr_graph_v1/eval_tri10k_graph_fusion_v1_hkr_words_val_final/predictions.jsonl,2000,0.08943089430894309,0.35322926232017143,0.5145,10.139,-0.5,75,0.10318574284377525,hkr_words,needs_decision,,,,,0.08943089430894309,0.35322926232017143,0.5145,,,
eval_tri10k_graph_fusion_v1_school_notebooks_clean_test_final,exploratory,eval_tri10k_graph_fusion_v1_school_notebooks_clean_test_final,,,outputs/htr_graph_v1/eval_tri10k_graph_fusion_v1_school_notebooks_clean_test_final/summary.json,,,outputs/htr_graph_v1/eval_tri10k_graph_fusion_v1_school_notebooks_clean_test_final/predictions.jsonl,2000,0.16115702479338842,0.5034722222222222,0.506,5.8705,-0.5,75,0.10318574284377525,school_notebooks_clean,needs_decision,,,,,,,,0.16115702479338842,0.5034722222222222,0.506
eval_tri10k_graph_fusion_v1_school_notebooks_clean_val_final,exploratory,eval_tri10k_graph_fusion_v1_school_notebooks_clean_val_final,,,outputs/htr_graph_v1/eval_tri10k_graph_fusion_v1_school_notebooks_clean_val_final/summary.json,,,outputs/htr_graph_v1/eval_tri10k_graph_fusion_v1_school_notebooks_clean_val_final/predictions.jsonl,2000,0.10076670317634173,0.3556547619047619,0.651,5.9065,-0.5,75,0.10318574284377525,school_notebooks_clean,needs_decision,,,,,,,,0.10076670317634173,0.3556547619047619,0.651
eval_tri10k_graph_fusion_v2_lowcap_all_cyrillic_handwriting_test_final,exploratory,eval_tri10k_graph_fusion_v2_lowcap_all_cyrillic_handwriting_test_final,,,outputs/htr_graph_v1/eval_tri10k_graph_fusion_v2_lowcap_all_cyrillic_handwriting_test_final/summary.json,,,outputs/htr_graph_v1/eval_tri10k_graph_fusion_v2_lowcap_all_cyrillic_handwriting_test_final/predictions.jsonl,1563,0.19841004743135815,0.6708045977011494,0.2763915547024952,9.352527191298785,-0.4,71,0.098847348049849,cyrillic_handwriting,needs_decision,,0.19841004743135815,0.6708045977011494,0.2763915547024952,,,,,,
eval_tri10k_graph_fusion_v2_lowcap_all_cyrillic_handwriting_val_final,exploratory,eval_tri10k_graph_fusion_v2_lowcap_all_cyrillic_handwriting_val_final,,,outputs/htr_graph_v1/eval_tri10k_graph_fusion_v2_lowcap_all_cyrillic_handwriting_val_final/summary.json,,,outputs/htr_graph_v1/eval_tri10k_graph_fusion_v2_lowcap_all_cyrillic_handwriting_val_final/predictions.jsonl,2000,0.12629793009840515,0.48885857207821737,0.503,7.324,-0.4,71,0.098847348049849,cyrillic_handwriting,needs_decision,,0.12629793009840515,0.48885857207821737,0.503,,,,,,
eval_tri10k_graph_fusion_v2_lowcap_all_hkr_words_test_final,exploratory,eval_tri10k_graph_fusion_v2_lowcap_all_hkr_words_test_final,,,outputs/htr_graph_v1/eval_tri10k_graph_fusion_v2_lowcap_all_hkr_words_test_final/summary.json,,,outputs/htr_graph_v1/eval_tri10k_graph_fusion_v2_lowcap_all_hkr_words_test_final/predictions.jsonl,2000,0.08793282385130673,0.36469150885766644,0.494,10.517,-0.4,71,0.098847348049849,hkr_words,needs_decision,,,,,0.08793282385130673,0.36469150885766644,0.494,,,
eval_tri10k_graph_fusion_v2_lowcap_all_hkr_words_val_final,exploratory,eval_tri10k_graph_fusion_v2_lowcap_all_hkr_words_val_final,,,outputs/htr_graph_v1/eval_tri10k_graph_fusion_v2_lowcap_all_hkr_words_val_final/summary.json,,,outputs/htr_graph_v1/eval_tri10k_graph_fusion_v2_lowcap_all_hkr_words_val_final/predictions.jsonl,2000,0.08399451464394161,0.3394551576369758,0.5285,10.1345,-0.4,71,0.098847348049849,hkr_words,needs_decision,,,,,0.08399451464394161,0.3394551576369758,0.5285,,,
eval_tri10k_graph_fusion_v2_lowcap_all_school_notebooks_clean_test_final,exploratory,eval_tri10k_graph_fusion_v2_lowcap_all_school_notebooks_clean_test_final,,,outputs/htr_graph_v1/eval_tri10k_graph_fusion_v2_lowcap_all_school_notebooks_clean_test_final/summary.json,,,outputs/htr_graph_v1/eval_tri10k_graph_fusion_v2_lowcap_all_school_notebooks_clean_test_final/predictions.jsonl,2000,0.1579524371732164,0.5059523809523809,0.5035,5.842,-0.4,71,0.098847348049849,school_notebooks_clean,needs_decision,,,,,,,,0.1579524371732164,0.5059523809523809,0.5035
eval_tri10k_graph_fusion_v2_lowcap_all_school_notebooks_clean_val_final,exploratory,eval_tri10k_graph_fusion_v2_lowcap_all_school_notebooks_clean_val_final,,,outputs/htr_graph_v1/eval_tri10k_graph_fusion_v2_lowcap_all_school_notebooks_clean_val_final/summary.json,,,outputs/htr_graph_v1/eval_tri10k_graph_fusion_v2_lowcap_all_school_notebooks_clean_val_final/predictions.jsonl,2000,0.09748083242059145,0.3601190476190476,0.647,5.899,-0.4,71,0.098847348049849,school_notebooks_clean,needs_decision,,,,,,,,0.09748083242059145,0.3601190476190476,0.647
eval_tri10k_graph_fusion_v3_normtopo_cyrillic_handwriting_test_final,exploratory,eval_tri10k_graph_fusion_v3_normtopo_cyrillic_handwriting_test_final,,,outputs/htr_graph_v1/eval_tri10k_graph_fusion_v3_normtopo_cyrillic_handwriting_test_final/summary.json,,,outputs/htr_graph_v1/eval_tri10k_graph_fusion_v3_normtopo_cyrillic_handwriting_test_final/predictions.jsonl,1563,0.19680673391676132,0.6763218390804597,0.27191298784388995,9.323736404350608,-0.2,78,0.10003827995406406,cyrillic_handwriting,needs_decision,,0.19680673391676132,0.6763218390804597,0.27191298784388995,,,,,,
eval_tri10k_graph_fusion_v3_normtopo_cyrillic_handwriting_val_final,exploratory,eval_tri10k_graph_fusion_v3_normtopo_cyrillic_handwriting_val_final,,,outputs/htr_graph_v1/eval_tri10k_graph_fusion_v3_normtopo_cyrillic_handwriting_val_final/summary.json,,,outputs/htr_graph_v1/eval_tri10k_graph_fusion_v3_normtopo_cyrillic_handwriting_val_final/predictions.jsonl,2000,0.12270105191720393,0.4697589813551614,0.5305,7.314,-0.2,78,0.10003827995406406,cyrillic_handwriting,needs_decision,,0.12270105191720393,0.4697589813551614,0.5305,,,,,,
eval_tri10k_graph_fusion_v3_normtopo_hkr_words_test_final,exploratory,eval_tri10k_graph_fusion_v3_normtopo_hkr_words_test_final,,,outputs/htr_graph_v1/eval_tri10k_graph_fusion_v3_normtopo_hkr_words_test_final/summary.json,,,outputs/htr_graph_v1/eval_tri10k_graph_fusion_v3_normtopo_hkr_words_test_final/predictions.jsonl,2000,0.08892348334748561,0.36896762370189373,0.497,10.4925,-0.2,78,0.10003827995406406,hkr_words,needs_decision,,,,,0.08892348334748561,0.36896762370189373,0.497,,,
eval_tri10k_graph_fusion_v3_normtopo_hkr_words_val_final,exploratory,eval_tri10k_graph_fusion_v3_normtopo_hkr_words_val_final,,,outputs/htr_graph_v1/eval_tri10k_graph_fusion_v3_normtopo_hkr_words_val_final/summary.json,,,outputs/htr_graph_v1/eval_tri10k_graph_fusion_v3_normtopo_hkr_words_val_final/predictions.jsonl,2000,0.08575766480556372,0.3437404346495256,0.5185,10.1095,-0.2,78,0.10003827995406406,hkr_words,needs_decision,,,,,0.08575766480556372,0.3437404346495256,0.5185,,,
eval_tri10k_graph_fusion_v3_normtopo_school_notebooks_clean_test_final,exploratory,eval_tri10k_graph_fusion_v3_normtopo_school_notebooks_clean_test_final,,,outputs/htr_graph_v1/eval_tri10k_graph_fusion_v3_normtopo_school_notebooks_clean_test_final/summary.json,,,outputs/htr_graph_v1/eval_tri10k_graph_fusion_v3_normtopo_school_notebooks_clean_test_final/predictions.jsonl,2000,0.15972339348962725,0.5084325396825397,0.5065,5.8455,-0.2,78,0.10003827995406406,school_notebooks_clean,needs_decision,,,,,,,,0.15972339348962725,0.5084325396825397,0.5065
eval_tri10k_graph_fusion_v3_normtopo_school_notebooks_clean_val_final,exploratory,eval_tri10k_graph_fusion_v3_normtopo_school_notebooks_clean_val_final,,,outputs/htr_graph_v1/eval_tri10k_graph_fusion_v3_normtopo_school_notebooks_clean_val_final/summary.json,,,outputs/htr_graph_v1/eval_tri10k_graph_fusion_v3_normtopo_school_notebooks_clean_val_final/predictions.jsonl,2000,0.09857612267250822,0.3630952380952381,0.643,5.8795,-0.2,78,0.10003827995406406,school_notebooks_clean,needs_decision,,,,,,,,0.09857612267250822,0.3630952380952381,0.643
eval_tri10k_image_only_plus_school_lines_10k_context_v1_seed43_test_final,primary,eval_tri10k_image_only_plus_school_lines_10k_context_v1_seed43_test_final,,43,outputs/htr_graph_v1/eval_tri10k_image_only_plus_school_lines_10k_context_v1_seed43_test_final/summary.json,,,outputs/htr_graph_v1/eval_tri10k_image_only_plus_school_lines_10k_context_v1_seed43_test_final/predictions.jsonl,5563,0.1371457460643587,0.49328000479357653,0.45874528132302717,8.493438792018695,-0.481012658227848,76,0.09833083475881693,"cyrillic_handwriting|phrase|None,cyrillic_handwriting|word|None,hkr_words|phrase|None,hkr_words|word|None,school_notebooks_clean|phrase|pupil_text,school_notebooks_clean|word|pupil_comment,school_notebooks_clean|word|pupil_text,school_notebooks_clean|word|teacher_comment",needs_decision,,,,,,,,,,
eval_tri10k_image_only_plus_school_lines_10k_context_v1_test_final,primary,eval_tri10k_image_only_plus_school_lines_10k_context_v1_test_final,,,outputs/htr_graph_v1/eval_tri10k_image_only_plus_school_lines_10k_context_v1_test_final/summary.json,,,outputs/htr_graph_v1/eval_tri10k_image_only_plus_school_lines_10k_context_v1_test_final/predictions.jsonl,5563,0.13512656651861718,0.4924261489603935,0.46359877763796514,8.587632572353048,-0.5417721518987342,73,0.09504758457064977,"cyrillic_handwriting|phrase|None,cyrillic_handwriting|word|None,hkr_words|phrase|None,hkr_words|word|None,school_notebooks_clean|phrase|pupil_text,school_notebooks_clean|word|pupil_comment,school_notebooks_clean|word|pupil_text,school_notebooks_clean|word|teacher_comment",needs_decision,,,,,,,,,,
eval_tri10k_image_only_plus_school_lines_2k_context_v1_test_final,primary,eval_tri10k_image_only_plus_school_lines_2k_context_v1_test_final,,,outputs/htr_graph_v1/eval_tri10k_image_only_plus_school_lines_2k_context_v1_test_final/summary.json,,,outputs/htr_graph_v1/eval_tri10k_image_only_plus_school_lines_2k_context_v1_test_final/predictions.jsonl,5563,0.14475174687608386,0.5107765594103905,0.4440050332554377,8.53262628078375,-0.5822784810126582,71,0.10026686584332482,"cyrillic_handwriting|phrase|None,cyrillic_handwriting|word|None,hkr_words|phrase|None,hkr_words|word|None,school_notebooks_clean|phrase|pupil_text,school_notebooks_clean|word|pupil_comment,school_notebooks_clean|word|pupil_text,school_notebooks_clean|word|teacher_comment",needs_decision,,,,,,,,,,
eval_tri10k_image_only_plus_school_lines_5k_context_v1_test_final,primary,eval_tri10k_image_only_plus_school_lines_5k_context_v1_test_final,,,outputs/htr_graph_v1/eval_tri10k_image_only_plus_school_lines_5k_context_v1_test_final/summary.json,,,outputs/htr_graph_v1/eval_tri10k_image_only_plus_school_lines_5k_context_v1_test_final/predictions.jsonl,5563,0.1359716763477459,0.49072442926478504,0.46054287255078197,8.545389178500809,-0.4202531645569618,79,0.09853117263924879,"cyrillic_handwriting|phrase|None,cyrillic_handwriting|word|None,hkr_words|phrase|None,hkr_words|word|None,school_notebooks_clean|phrase|pupil_text,school_notebooks_clean|word|pupil_comment,school_notebooks_clean|word|pupil_text,school_notebooks_clean|word|teacher_comment",needs_decision,,,,,,,,,,
eval_tri10k_image_only_v1_cyrillic_handwriting_test_final,primary,eval_tri10k_image_only_v1_cyrillic_handwriting_test_final,,,outputs/htr_graph_v1/eval_tri10k_image_only_v1_cyrillic_handwriting_test_final/summary.json,,,outputs/htr_graph_v1/eval_tri10k_image_only_v1_cyrillic_handwriting_test_final/predictions.jsonl,1563,0.19319943785182367,0.6732778844103221,0.28150991682661547,9.38259756877799,-0.8,72,0.10474548642413459,"cyrillic_handwriting|phrase|None,cyrillic_handwriting|word|None",needs_decision,,,,,,,,,,
eval_tri10k_image_only_v1_cyrillic_handwriting_val_final,primary,eval_tri10k_image_only_v1_cyrillic_handwriting_val_final,,,outputs/htr_graph_v1/eval_tri10k_image_only_v1_cyrillic_handwriting_val_final/summary.json,,,outputs/htr_graph_v1/eval_tri10k_image_only_v1_cyrillic_handwriting_val_final/predictions.jsonl,2000,0.13294669495820075,0.4799166666666666,0.509,7.3185,-0.8,72,0.10474548642413459,"cyrillic_handwriting|phrase|None,cyrillic_handwriting|word|None",needs_decision,,,,,,,,,,
eval_tri10k_image_only_v1_hkr_words_test_final,primary,eval_tri10k_image_only_v1_hkr_words_test_final,,,outputs/htr_graph_v1/eval_tri10k_image_only_v1_hkr_words_test_final/summary.json,,,outputs/htr_graph_v1/eval_tri10k_image_only_v1_hkr_words_test_final/predictions.jsonl,2000,0.09562620560768798,0.40004166666666685,0.501,10.543,-0.8,72,0.10474548642413459,"hkr_words|phrase|None,hkr_words|word|None",needs_decision,,,,,,,,,,
eval_tri10k_image_only_v1_hkr_words_val_final,primary,eval_tri10k_image_only_v1_hkr_words_val_final,,,outputs/htr_graph_v1/eval_tri10k_image_only_v1_hkr_words_val_final/summary.json,,,outputs/htr_graph_v1/eval_tri10k_image_only_v1_hkr_words_val_final/predictions.jsonl,2000,0.08448290152829635,0.33875000000000005,0.5585,10.166,-0.8,72,0.10474548642413459,"hkr_words|phrase|None,hkr_words|word|None",needs_decision,,,,,,,,,,
eval_tri10k_image_only_v1_school_notebooks_clean_test_final,primary,eval_tri10k_image_only_v1_school_notebooks_clean_test_final,,,outputs/htr_graph_v1/eval_tri10k_image_only_v1_school_notebooks_clean_test_final/summary.json,,,outputs/htr_graph_v1/eval_tri10k_image_only_v1_school_notebooks_clean_test_final/predictions.jsonl,2000,0.15749263653013648,0.50175,0.506,5.8525,-0.8,72,0.10474548642413459,"school_notebooks_clean|phrase|pupil_text,school_notebooks_clean|word|pupil_comment,school_notebooks_clean|word|pupil_text,school_notebooks_clean|word|teacher_comment",needs_decision,,,,,,,,,,
eval_tri10k_image_only_v1_school_notebooks_clean_val_final,primary,eval_tri10k_image_only_v1_school_notebooks_clean_val_final,,,outputs/htr_graph_v1/eval_tri10k_image_only_v1_school_notebooks_clean_val_final/summary.json,,,outputs/htr_graph_v1/eval_tri10k_image_only_v1_school_notebooks_clean_val_final/predictions.jsonl,2000,0.10009888653013647,0.358,0.6465,5.891,-0.8,72,0.10474548642413459,"school_notebooks_clean|phrase|pupil_text,school_notebooks_clean|word|pupil_comment,school_notebooks_clean|word|pupil_text,school_notebooks_clean|word|teacher_comment",needs_decision,,,,,,,,,,
eval_tri10k_image_only_v1_seed43_test_final,primary,eval_tri10k_image_only_v1_seed43_test_final,,43,outputs/htr_graph_v1/eval_tri10k_image_only_v1_seed43_test_final/summary.json,,,outputs/htr_graph_v1/eval_tri10k_image_only_v1_seed43_test_final/predictions.jsonl,5563,0.14893051663331902,0.5151956378452873,0.4357361136077656,8.554197375516807,-0.8,74,0.10568203005705247,"cyrillic_handwriting|phrase|None,cyrillic_handwriting|word|None,hkr_words|phrase|None,hkr_words|word|None,school_notebooks_clean|phrase|pupil_text,school_notebooks_clean|word|pupil_comment,school_notebooks_clean|word|pupil_text,school_notebooks_clean|word|teacher_comment",needs_decision,,,,,,,,,,
eval_tri10k_local_ablation_gray_dist_v1_cyrillic_handwriting_test_final,needs_review,eval_tri10k_local_ablation_gray_dist_v1_cyrillic_handwriting_test_final,,,outputs/htr_graph_v1/eval_tri10k_local_ablation_gray_dist_v1_cyrillic_handwriting_test_final/summary.json,,,outputs/htr_graph_v1/eval_tri10k_local_ablation_gray_dist_v1_cyrillic_handwriting_test_final/predictions.jsonl,1563,0.19947892310775603,0.6735632183908046,0.26231605886116444,9.351247600767755,-0.3,80,0.10333460933180214,cyrillic_handwriting,needs_decision,,0.19947892310775603,0.6735632183908046,0.26231605886116444,,,,,,
eval_tri10k_local_ablation_gray_dist_v1_cyrillic_handwriting_val_final,needs_review,eval_tri10k_local_ablation_gray_dist_v1_cyrillic_handwriting_val_final,,,outputs/htr_graph_v1/eval_tri10k_local_ablation_gray_dist_v1_cyrillic_handwriting_val_final/summary.json,,,outputs/htr_graph_v1/eval_tri10k_local_ablation_gray_dist_v1_cyrillic_handwriting_val_final/predictions.jsonl,2000,0.12670512385476757,0.4906775807185084,0.5135,7.2945,-0.3,80,0.10333460933180214,cyrillic_handwriting,needs_decision,,0.12670512385476757,0.4906775807185084,0.5135,,,,,,
eval_tri10k_local_ablation_gray_dist_v1_hkr_words_test_final,needs_review,eval_tri10k_local_ablation_gray_dist_v1_hkr_words_test_final,,,outputs/htr_graph_v1/eval_tri10k_local_ablation_gray_dist_v1_hkr_words_test_final/summary.json,,,outputs/htr_graph_v1/eval_tri10k_local_ablation_gray_dist_v1_hkr_words_test_final/predictions.jsonl,2000,0.08741390697235588,0.3677458766035431,0.508,10.513,-0.3,80,0.10333460933180214,hkr_words,needs_decision,,,,,0.08741390697235588,0.3677458766035431,0.508,,,
eval_tri10k_local_ablation_gray_dist_v1_hkr_words_val_final,needs_review,eval_tri10k_local_ablation_gray_dist_v1_hkr_words_val_final,,,outputs/htr_graph_v1/eval_tri10k_local_ablation_gray_dist_v1_hkr_words_val_final/summary.json,,,outputs/htr_graph_v1/eval_tri10k_local_ablation_gray_dist_v1_hkr_words_val_final/predictions.jsonl,2000,0.08512097169164463,0.33608815426997246,0.5415,10.1295,-0.3,80,0.10333460933180214,hkr_words,needs_decision,,,,,0.08512097169164463,0.33608815426997246,0.5415,,,
eval_tri10k_local_ablation_gray_dist_v1_school_notebooks_clean_test_final,needs_review,eval_tri10k_local_ablation_gray_dist_v1_school_notebooks_clean_test_final,,,outputs/htr_graph_v1/eval_tri10k_local_ablation_gray_dist_v1_school_notebooks_clean_test_final/summary.json,,,outputs/htr_graph_v1/eval_tri10k_local_ablation_gray_dist_v1_school_notebooks_clean_test_final/predictions.jsonl,2000,0.16807218755270703,0.5158730158730159,0.495,5.8275,-0.3,80,0.10333460933180214,school_notebooks_clean,needs_decision,,,,,,,,0.16807218755270703,0.5158730158730159,0.495
eval_tri10k_local_ablation_gray_dist_v1_school_notebooks_clean_val_final,needs_review,eval_tri10k_local_ablation_gray_dist_v1_school_notebooks_clean_val_final,,,outputs/htr_graph_v1/eval_tri10k_local_ablation_gray_dist_v1_school_notebooks_clean_val_final/summary.json,,,outputs/htr_graph_v1/eval_tri10k_local_ablation_gray_dist_v1_school_notebooks_clean_val_final/predictions.jsonl,2000,0.10219900581346364,0.3695436507936508,0.6365,5.883,-0.3,80,0.10333460933180214,school_notebooks_clean,needs_decision,,,,,,,,0.10219900581346364,0.3695436507936508,0.6365
eval_tri10k_local_ablation_gray_fg_skel_dist_v1_cyrillic_handwriting_test_final,needs_review,eval_tri10k_local_ablation_gray_fg_skel_dist_v1_cyrillic_handwriting_test_final,,,outputs/htr_graph_v1/eval_tri10k_local_ablation_gray_fg_skel_dist_v1_cyrillic_handwriting_test_final/summary.json,,,outputs/htr_graph_v1/eval_tri10k_local_ablation_gray_fg_skel_dist_v1_cyrillic_handwriting_test_final/predictions.jsonl,1563,0.20028057986505446,0.6740229885057472,0.26039667306461933,9.346129238643634,-0.4,74,0.10452554123601718,cyrillic_handwriting,needs_decision,,0.20028057986505446,0.6740229885057472,0.26039667306461933,,,,,,
eval_tri10k_local_ablation_gray_fg_skel_dist_v1_cyrillic_handwriting_val_final,needs_review,eval_tri10k_local_ablation_gray_fg_skel_dist_v1_cyrillic_handwriting_val_final,,,outputs/htr_graph_v1/eval_tri10k_local_ablation_gray_fg_skel_dist_v1_cyrillic_handwriting_val_final/summary.json,,,outputs/htr_graph_v1/eval_tri10k_local_ablation_gray_fg_skel_dist_v1_cyrillic_handwriting_val_final/predictions.jsonl,2000,0.12874109263657957,0.48885857207821737,0.5065,7.292,-0.4,74,0.10452554123601718,cyrillic_handwriting,needs_decision,,0.12874109263657957,0.48885857207821737,0.5065,,,,,,
eval_tri10k_local_ablation_gray_fg_skel_dist_v1_hkr_words_test_final,needs_review,eval_tri10k_local_ablation_gray_fg_skel_dist_v1_hkr_words_test_final,,,outputs/htr_graph_v1/eval_tri10k_local_ablation_gray_fg_skel_dist_v1_hkr_words_test_final/summary.json,,,outputs/htr_graph_v1/eval_tri10k_local_ablation_gray_fg_skel_dist_v1_hkr_words_test_final/predictions.jsonl,2000,0.0853382394565525,0.3604153940134392,0.515,10.5265,-0.4,74,0.10452554123601718,hkr_words,needs_decision,,,,,0.0853382394565525,0.3604153940134392,0.515,,,
eval_tri10k_local_ablation_gray_fg_skel_dist_v1_hkr_words_val_final,needs_review,eval_tri10k_local_ablation_gray_fg_skel_dist_v1_hkr_words_val_final,,,outputs/htr_graph_v1/eval_tri10k_local_ablation_gray_fg_skel_dist_v1_hkr_words_val_final/summary.json,,,outputs/htr_graph_v1/eval_tri10k_local_ablation_gray_fg_skel_dist_v1_hkr_words_val_final/predictions.jsonl,2000,0.08066411989421099,0.32843587389041934,0.549,10.1565,-0.4,74,0.10452554123601718,hkr_words,needs_decision,,,,,0.08066411989421099,0.32843587389041934,0.549,,,
eval_tri10k_local_ablation_gray_fg_skel_dist_v1_school_notebooks_clean_test_final,needs_review,eval_tri10k_local_ablation_gray_fg_skel_dist_v1_school_notebooks_clean_test_final,,,outputs/htr_graph_v1/eval_tri10k_local_ablation_gray_fg_skel_dist_v1_school_notebooks_clean_test_final/summary.json,,,outputs/htr_graph_v1/eval_tri10k_local_ablation_gray_fg_skel_dist_v1_school_notebooks_clean_test_final/predictions.jsonl,2000,0.1683251813121943,0.5114087301587301,0.4935,5.783,-0.4,74,0.10452554123601718,school_notebooks_clean,needs_decision,,,,,,,,0.1683251813121943,0.5114087301587301,0.4935
eval_tri10k_local_ablation_gray_fg_skel_dist_v1_school_notebooks_clean_val_final,needs_review,eval_tri10k_local_ablation_gray_fg_skel_dist_v1_school_notebooks_clean_val_final,,,outputs/htr_graph_v1/eval_tri10k_local_ablation_gray_fg_skel_dist_v1_school_notebooks_clean_val_final/summary.json,,,outputs/htr_graph_v1/eval_tri10k_local_ablation_gray_fg_skel_dist_v1_school_notebooks_clean_val_final/predictions.jsonl,2000,0.10944477209537451,0.3913690476190476,0.6155,5.8455,-0.4,74,0.10452554123601718,school_notebooks_clean,needs_decision,,,,,,,,0.10944477209537451,0.3913690476190476,0.6155
eval_tri10k_local_ablation_gray_fg_skel_v1_cyrillic_handwriting_test_final,needs_review,eval_tri10k_local_ablation_gray_fg_skel_v1_cyrillic_handwriting_test_final,,,outputs/htr_graph_v1/eval_tri10k_local_ablation_gray_fg_skel_v1_cyrillic_handwriting_test_final/summary.json,,,outputs/htr_graph_v1/eval_tri10k_local_ablation_gray_fg_skel_v1_cyrillic_handwriting_test_final/predictions.jsonl,1563,0.20428886365154653,0.6813793103448276,0.2591170825335892,9.312220089571337,-0.9,75,0.1074816043554081,cyrillic_handwriting,needs_decision,,0.20428886365154653,0.6813793103448276,0.2591170825335892,,,,,,
eval_tri10k_local_ablation_gray_fg_skel_v1_cyrillic_handwriting_val_final,needs_review,eval_tri10k_local_ablation_gray_fg_skel_v1_cyrillic_handwriting_val_final,,,outputs/htr_graph_v1/eval_tri10k_local_ablation_gray_fg_skel_v1_cyrillic_handwriting_val_final/summary.json,,,outputs/htr_graph_v1/eval_tri10k_local_ablation_gray_fg_skel_v1_cyrillic_handwriting_val_final/predictions.jsonl,2000,0.1317950458092976,0.49158708503865395,0.503,7.3075,-0.9,75,0.1074816043554081,cyrillic_handwriting,needs_decision,,0.1317950458092976,0.49158708503865395,0.503,,,,,,
eval_tri10k_local_ablation_gray_fg_skel_v1_hkr_words_test_final,needs_review,eval_tri10k_local_ablation_gray_fg_skel_v1_hkr_words_test_final,,,outputs/htr_graph_v1/eval_tri10k_local_ablation_gray_fg_skel_v1_hkr_words_test_final/summary.json,,,outputs/htr_graph_v1/eval_tri10k_local_ablation_gray_fg_skel_v1_hkr_words_test_final/predictions.jsonl,2000,0.093405038211152,0.3790470372632865,0.493,10.51,-0.9,75,0.1074816043554081,hkr_words,needs_decision,,,,,0.093405038211152,0.3790470372632865,0.493,,,
eval_tri10k_local_ablation_gray_fg_skel_v1_hkr_words_val_final,needs_review,eval_tri10k_local_ablation_gray_fg_skel_v1_hkr_words_val_final,,,outputs/htr_graph_v1/eval_tri10k_local_ablation_gray_fg_skel_v1_hkr_words_val_final/summary.json,,,outputs/htr_graph_v1/eval_tri10k_local_ablation_gray_fg_skel_v1_hkr_words_val_final/predictions.jsonl,2000,0.08536585365853659,0.34741352923171104,0.532,10.145,-0.9,75,0.1074816043554081,hkr_words,needs_decision,,,,,0.08536585365853659,0.34741352923171104,0.532,,,
eval_tri10k_local_ablation_gray_fg_skel_v1_school_notebooks_clean_test_final,needs_review,eval_tri10k_local_ablation_gray_fg_skel_v1_school_notebooks_clean_test_final,,,outputs/htr_graph_v1/eval_tri10k_local_ablation_gray_fg_skel_v1_school_notebooks_clean_test_final/summary.json,,,outputs/htr_graph_v1/eval_tri10k_local_ablation_gray_fg_skel_v1_school_notebooks_clean_test_final/predictions.jsonl,2000,0.17439703153988867,0.5287698412698413,0.479,5.848,-0.9,75,0.1074816043554081,school_notebooks_clean,needs_decision,,,,,,,,0.17439703153988867,0.5287698412698413,0.479
eval_tri10k_local_ablation_gray_fg_skel_v1_school_notebooks_clean_val_final,needs_review,eval_tri10k_local_ablation_gray_fg_skel_v1_school_notebooks_clean_val_final,,,outputs/htr_graph_v1/eval_tri10k_local_ablation_gray_fg_skel_v1_school_notebooks_clean_val_final/summary.json,,,outputs/htr_graph_v1/eval_tri10k_local_ablation_gray_fg_skel_v1_school_notebooks_clean_val_final/predictions.jsonl,2000,0.10978178448057967,0.3968253968253968,0.61,5.879,-0.9,75,0.1074816043554081,school_notebooks_clean,needs_decision,,,,,,,,0.10978178448057967,0.3968253968253968,0.61
eval_tri10k_local_ablation_gray_fg_v1_cyrillic_handwriting_test_final,needs_review,eval_tri10k_local_ablation_gray_fg_v1_cyrillic_handwriting_test_final,,,outputs/htr_graph_v1/eval_tri10k_local_ablation_gray_fg_v1_cyrillic_handwriting_test_final/summary.json,,,outputs/htr_graph_v1/eval_tri10k_local_ablation_gray_fg_v1_cyrillic_handwriting_test_final/predictions.jsonl,1563,0.20562495824704388,0.6740229885057472,0.27575175943698016,9.353166986564299,-1.2,58,0.10839606992471609,cyrillic_handwriting,needs_decision,,0.20562495824704388,0.6740229885057472,0.27575175943698016,,,,,,
eval_tri10k_local_ablation_gray_fg_v1_cyrillic_handwriting_val_final,needs_review,eval_tri10k_local_ablation_gray_fg_v1_cyrillic_handwriting_val_final,,,outputs/htr_graph_v1/eval_tri10k_local_ablation_gray_fg_v1_cyrillic_handwriting_val_final/summary.json,,,outputs/htr_graph_v1/eval_tri10k_local_ablation_gray_fg_v1_cyrillic_handwriting_val_final/predictions.jsonl,2000,0.134916864608076,0.4961346066393815,0.501,7.313,-1.2,58,0.10839606992471609,cyrillic_handwriting,needs_decision,,0.134916864608076,0.4961346066393815,0.501,,,,,,
eval_tri10k_local_ablation_gray_fg_v1_hkr_words_test_final,needs_review,eval_tri10k_local_ablation_gray_fg_v1_hkr_words_test_final,,,outputs/htr_graph_v1/eval_tri10k_local_ablation_gray_fg_v1_hkr_words_test_final/summary.json,,,outputs/htr_graph_v1/eval_tri10k_local_ablation_gray_fg_v1_hkr_words_test_final/predictions.jsonl,2000,0.08713086140201906,0.3643860720830788,0.5105,10.5415,-1.2,58,0.10839606992471609,hkr_words,needs_decision,,,,,0.08713086140201906,0.3643860720830788,0.5105,,,
eval_tri10k_local_ablation_gray_fg_v1_hkr_words_val_final,needs_review,eval_tri10k_local_ablation_gray_fg_v1_hkr_words_val_final,,,outputs/htr_graph_v1/eval_tri10k_local_ablation_gray_fg_v1_hkr_words_val_final/summary.json,,,outputs/htr_graph_v1/eval_tri10k_local_ablation_gray_fg_v1_hkr_words_val_final/predictions.jsonl,2000,0.08492506611813105,0.3327211509029691,0.5435,10.1615,-1.2,58,0.10839606992471609,hkr_words,needs_decision,,,,,0.08492506611813105,0.3327211509029691,0.5435,,,
eval_tri10k_local_ablation_gray_fg_v1_school_notebooks_clean_test_final,needs_review,eval_tri10k_local_ablation_gray_fg_v1_school_notebooks_clean_test_final,,,outputs/htr_graph_v1/eval_tri10k_local_ablation_gray_fg_v1_school_notebooks_clean_test_final/summary.json,,,outputs/htr_graph_v1/eval_tri10k_local_ablation_gray_fg_v1_school_notebooks_clean_test_final/predictions.jsonl,2000,0.17422836903356384,0.5267857142857143,0.478,5.8185,-1.2,58,0.10839606992471609,school_notebooks_clean,needs_decision,,,,,,,,0.17422836903356384,0.5267857142857143,0.478
eval_tri10k_local_ablation_gray_fg_v1_school_notebooks_clean_val_final,needs_review,eval_tri10k_local_ablation_gray_fg_v1_school_notebooks_clean_val_final,,,outputs/htr_graph_v1/eval_tri10k_local_ablation_gray_fg_v1_school_notebooks_clean_val_final/summary.json,,,outputs/htr_graph_v1/eval_tri10k_local_ablation_gray_fg_v1_school_notebooks_clean_val_final/predictions.jsonl,2000,0.10902350661386806,0.38839285714285715,0.618,5.868,-1.2,58,0.10839606992471609,school_notebooks_clean,needs_decision,,,,,,,,0.10902350661386806,0.38839285714285715,0.618
eval_tri10k_local_ablation_gray_skel_v1_cyrillic_handwriting_test_final,needs_review,eval_tri10k_local_ablation_gray_skel_v1_cyrillic_handwriting_test_final,,,outputs/htr_graph_v1/eval_tri10k_local_ablation_gray_skel_v1_cyrillic_handwriting_test_final/summary.json,,,outputs/htr_graph_v1/eval_tri10k_local_ablation_gray_skel_v1_cyrillic_handwriting_test_final/predictions.jsonl,1563,0.20762910014028993,0.6822988505747126,0.2559181062060141,9.366602687140116,-1.2,71,0.10680107183871379,cyrillic_handwriting,needs_decision,,0.20762910014028993,0.6822988505747126,0.2559181062060141,,,,,,
eval_tri10k_local_ablation_gray_skel_v1_cyrillic_handwriting_val_final,needs_review,eval_tri10k_local_ablation_gray_skel_v1_cyrillic_handwriting_val_final,,,outputs/htr_graph_v1/eval_tri10k_local_ablation_gray_skel_v1_cyrillic_handwriting_val_final/summary.json,,,outputs/htr_graph_v1/eval_tri10k_local_ablation_gray_skel_v1_cyrillic_handwriting_val_final/predictions.jsonl,2000,0.13057346454021038,0.48840381991814463,0.5085,7.3185,-1.2,71,0.10680107183871379,cyrillic_handwriting,needs_decision,,0.13057346454021038,0.48840381991814463,0.5085,,,,,,
eval_tri10k_local_ablation_gray_skel_v1_hkr_words_test_final,needs_review,eval_tri10k_local_ablation_gray_skel_v1_hkr_words_test_final,,,outputs/htr_graph_v1/eval_tri10k_local_ablation_gray_skel_v1_hkr_words_test_final/summary.json,,,outputs/htr_graph_v1/eval_tri10k_local_ablation_gray_skel_v1_hkr_words_test_final/predictions.jsonl,2000,0.08717803566374187,0.37018937080024433,0.487,10.5365,-1.2,71,0.10680107183871379,hkr_words,needs_decision,,,,,0.08717803566374187,0.37018937080024433,0.487,,,
eval_tri10k_local_ablation_gray_skel_v1_hkr_words_val_final,needs_review,eval_tri10k_local_ablation_gray_skel_v1_hkr_words_val_final,,,outputs/htr_graph_v1/eval_tri10k_local_ablation_gray_skel_v1_hkr_words_val_final/summary.json,,,outputs/htr_graph_v1/eval_tri10k_local_ablation_gray_skel_v1_hkr_words_val_final/predictions.jsonl,2000,0.08678616906650995,0.3529231711049893,0.518,10.135,-1.2,71,0.10680107183871379,hkr_words,needs_decision,,,,,0.08678616906650995,0.3529231711049893,0.518,,,
eval_tri10k_local_ablation_gray_skel_v1_school_notebooks_clean_test_final,needs_review,eval_tri10k_local_ablation_gray_skel_v1_school_notebooks_clean_test_final,,,outputs/htr_graph_v1/eval_tri10k_local_ablation_gray_skel_v1_school_notebooks_clean_test_final/summary.json,,,outputs/htr_graph_v1/eval_tri10k_local_ablation_gray_skel_v1_school_notebooks_clean_test_final/predictions.jsonl,2000,0.16781919379321977,0.5193452380952381,0.4955,5.8535,-1.2,71,0.10680107183871379,school_notebooks_clean,needs_decision,,,,,,,,0.16781919379321977,0.5193452380952381,0.4955
eval_tri10k_local_ablation_gray_skel_v1_school_notebooks_clean_val_final,needs_review,eval_tri10k_local_ablation_gray_skel_v1_school_notebooks_clean_val_final,,,outputs/htr_graph_v1/eval_tri10k_local_ablation_gray_skel_v1_school_notebooks_clean_val_final/summary.json,,,outputs/htr_graph_v1/eval_tri10k_local_ablation_gray_skel_v1_school_notebooks_clean_val_final/predictions.jsonl,2000,0.10691717920633584,0.39087301587301587,0.619,5.875,-1.2,71,0.10680107183871379,school_notebooks_clean,needs_decision,,,,,,,,0.10691717920633584,0.39087301587301587,0.619
eval_tri10k_local_ablation_gray_v1_cyrillic_handwriting_test_final,needs_review,eval_tri10k_local_ablation_gray_v1_cyrillic_handwriting_test_final,,,outputs/htr_graph_v1/eval_tri10k_local_ablation_gray_v1_cyrillic_handwriting_test_final/summary.json,,,outputs/htr_graph_v1/eval_tri10k_local_ablation_gray_v1_cyrillic_handwriting_test_final/predictions.jsonl,1563,0.20148306500100208,0.6754022988505747,0.2706333973128599,9.376199616122841,-0.2,75,0.10403640848964314,cyrillic_handwriting,needs_decision,,0.20148306500100208,0.6754022988505747,0.2706333973128599,,,,,,
eval_tri10k_local_ablation_gray_v1_cyrillic_handwriting_val_final,needs_review,eval_tri10k_local_ablation_gray_v1_cyrillic_handwriting_val_final,,,outputs/htr_graph_v1/eval_tri10k_local_ablation_gray_v1_cyrillic_handwriting_val_final/summary.json,,,outputs/htr_graph_v1/eval_tri10k_local_ablation_gray_v1_cyrillic_handwriting_val_final/predictions.jsonl,2000,0.12670512385476757,0.47066848567530695,0.521,7.3185,-0.2,75,0.10403640848964314,cyrillic_handwriting,needs_decision,,0.12670512385476757,0.47066848567530695,0.521,,,,,,
eval_tri10k_local_ablation_gray_v1_hkr_words_test_final,needs_review,eval_tri10k_local_ablation_gray_v1_hkr_words_test_final,,,outputs/htr_graph_v1/eval_tri10k_local_ablation_gray_v1_hkr_words_test_final/summary.json,,,outputs/htr_graph_v1/eval_tri10k_local_ablation_gray_v1_hkr_words_test_final/predictions.jsonl,2000,0.09132937069534862,0.3787416004886988,0.487,10.497,-0.2,75,0.10403640848964314,hkr_words,needs_decision,,,,,0.09132937069534862,0.3787416004886988,0.487,,,
eval_tri10k_local_ablation_gray_v1_hkr_words_val_final,needs_review,eval_tri10k_local_ablation_gray_v1_hkr_words_val_final,,,outputs/htr_graph_v1/eval_tri10k_local_ablation_gray_v1_hkr_words_val_final/summary.json,,,outputs/htr_graph_v1/eval_tri10k_local_ablation_gray_v1_hkr_words_val_final/predictions.jsonl,2000,0.08433734939759036,0.33608815426997246,0.5405,10.1075,-0.2,75,0.10403640848964314,hkr_words,needs_decision,,,,,0.08433734939759036,0.33608815426997246,0.5405,,,
eval_tri10k_local_ablation_gray_v1_school_notebooks_clean_test_final,needs_review,eval_tri10k_local_ablation_gray_v1_school_notebooks_clean_test_final,,,outputs/htr_graph_v1/eval_tri10k_local_ablation_gray_v1_school_notebooks_clean_test_final/summary.json,,,outputs/htr_graph_v1/eval_tri10k_local_ablation_gray_v1_school_notebooks_clean_test_final/predictions.jsonl,2000,0.16663855624894586,0.5213293650793651,0.488,5.8615,-0.2,75,0.10403640848964314,school_notebooks_clean,needs_decision,,,,,,,,0.16663855624894586,0.5213293650793651,0.488
eval_tri10k_local_ablation_gray_v1_school_notebooks_clean_val_final,needs_review,eval_tri10k_local_ablation_gray_v1_school_notebooks_clean_val_final,,,outputs/htr_graph_v1/eval_tri10k_local_ablation_gray_v1_school_notebooks_clean_val_final/summary.json,,,outputs/htr_graph_v1/eval_tri10k_local_ablation_gray_v1_school_notebooks_clean_val_final/predictions.jsonl,2000,0.10455809250989974,0.3695436507936508,0.6355,5.895,-0.2,75,0.10403640848964314,school_notebooks_clean,needs_decision,,,,,,,,0.10455809250989974,0.3695436507936508,0.6355
eval_tri10k_local_channels_v1_cyrillic_handwriting_test_final,needs_review,eval_tri10k_local_channels_v1_cyrillic_handwriting_test_final,,,outputs/htr_graph_v1/eval_tri10k_local_channels_v1_cyrillic_handwriting_test_final/summary.json,,,outputs/htr_graph_v1/eval_tri10k_local_channels_v1_cyrillic_handwriting_test_final/predictions.jsonl,1563,0.19253123121116975,0.6593103448275862,0.27575175943698016,9.365323096609085,-0.5,76,0.1036110756667092,cyrillic_handwriting,needs_decision,,0.19253123121116975,0.6593103448275862,0.27575175943698016,,,,,,
eval_tri10k_local_channels_v1_cyrillic_handwriting_val_final,needs_review,eval_tri10k_local_channels_v1_cyrillic_handwriting_val_final,,,outputs/htr_graph_v1/eval_tri10k_local_channels_v1_cyrillic_handwriting_val_final/summary.json,,,outputs/htr_graph_v1/eval_tri10k_local_channels_v1_cyrillic_handwriting_val_final/predictions.jsonl,2000,0.12582287071598236,0.4733969986357435,0.5205,7.3035,-0.5,76,0.1036110756667092,cyrillic_handwriting,needs_decision,,0.12582287071598236,0.4733969986357435,0.5205,,,,,,
eval_tri10k_local_channels_v1_hkr_words_test_final,needs_review,eval_tri10k_local_channels_v1_hkr_words_test_final,,,outputs/htr_graph_v1/eval_tri10k_local_channels_v1_hkr_words_test_final/summary.json,,,outputs/htr_graph_v1/eval_tri10k_local_channels_v1_hkr_words_test_final/predictions.jsonl,2000,0.08788564958958392,0.36866218692730607,0.497,10.5505,-0.5,76,0.1036110756667092,hkr_words,needs_decision,,,,,0.08788564958958392,0.36866218692730607,0.497,,,
eval_tri10k_local_channels_v1_hkr_words_val_final,needs_review,eval_tri10k_local_channels_v1_hkr_words_val_final,,,outputs/htr_graph_v1/eval_tri10k_local_channels_v1_hkr_words_val_final/summary.json,,,outputs/htr_graph_v1/eval_tri10k_local_channels_v1_hkr_words_val_final/predictions.jsonl,2000,0.08389656185718483,0.3308846036118763,0.5545,10.1645,-0.5,76,0.1036110756667092,hkr_words,needs_decision,,,,,0.08389656185718483,0.3308846036118763,0.5545,,,
eval_tri10k_local_channels_v1_school_notebooks_clean_test_final,needs_review,eval_tri10k_local_channels_v1_school_notebooks_clean_test_final,,,outputs/htr_graph_v1/eval_tri10k_local_channels_v1_school_notebooks_clean_test_final/summary.json,,,outputs/htr_graph_v1/eval_tri10k_local_channels_v1_school_notebooks_clean_test_final/predictions.jsonl,2000,0.1970821386405802,0.5639880952380952,0.4425,5.8215,-0.5,76,0.1036110756667092,school_notebooks_clean,needs_decision,,,,,,,,0.1970821386405802,0.5639880952380952,0.4425
eval_tri10k_local_channels_v1_school_notebooks_clean_val_final,needs_review,eval_tri10k_local_channels_v1_school_notebooks_clean_val_final,,,outputs/htr_graph_v1/eval_tri10k_local_channels_v1_school_notebooks_clean_val_final/summary.json,,,outputs/htr_graph_v1/eval_tri10k_local_channels_v1_school_notebooks_clean_val_final/predictions.jsonl,2000,0.12528435420001685,0.44047619047619047,0.567,5.865,-0.5,76,0.1036110756667092,school_notebooks_clean,needs_decision,,,,,,,,0.12528435420001685,0.44047619047619047,0.567
eval_tri10k_local_channels_v2_fixed_maps_cyrillic_handwriting_test_final,needs_review,eval_tri10k_local_channels_v2_fixed_maps_cyrillic_handwriting_test_final,,,outputs/htr_graph_v1/eval_tri10k_local_channels_v2_fixed_maps_cyrillic_handwriting_test_final/summary.json,,,outputs/htr_graph_v1/eval_tri10k_local_channels_v2_fixed_maps_cyrillic_handwriting_test_final/predictions.jsonl,1563,0.2028859643262743,0.6786206896551724,0.26999360204734485,9.287907869481765,-0.4,71,0.10714133809706095,cyrillic_handwriting,needs_decision,,0.2028859643262743,0.6786206896551724,0.26999360204734485,,,,,,
eval_tri10k_local_channels_v2_fixed_maps_cyrillic_handwriting_val_final,needs_review,eval_tri10k_local_channels_v2_fixed_maps_cyrillic_handwriting_val_final,,,outputs/htr_graph_v1/eval_tri10k_local_channels_v2_fixed_maps_cyrillic_handwriting_val_final/summary.json,,,outputs/htr_graph_v1/eval_tri10k_local_channels_v2_fixed_maps_cyrillic_handwriting_val_final/predictions.jsonl,2000,0.13043773328808958,0.49113233287858116,0.5045,7.275,-0.4,71,0.10714133809706095,cyrillic_handwriting,needs_decision,,0.13043773328808958,0.49113233287858116,0.5045,,,,,,
eval_tri10k_local_channels_v2_fixed_maps_hkr_words_test_final,needs_review,eval_tri10k_local_channels_v2_fixed_maps_hkr_words_test_final,,,outputs/htr_graph_v1/eval_tri10k_local_channels_v2_fixed_maps_hkr_words_test_final/summary.json,,,outputs/htr_graph_v1/eval_tri10k_local_channels_v2_fixed_maps_hkr_words_test_final/predictions.jsonl,2000,0.08736673271063308,0.3711056811240073,0.499,10.535,-0.4,71,0.10714133809706095,hkr_words,needs_decision,,,,,0.08736673271063308,0.3711056811240073,0.499,,,
eval_tri10k_local_channels_v2_fixed_maps_hkr_words_val_final,needs_review,eval_tri10k_local_channels_v2_fixed_maps_hkr_words_val_final,,,outputs/htr_graph_v1/eval_tri10k_local_channels_v2_fixed_maps_hkr_words_val_final/summary.json,,,outputs/htr_graph_v1/eval_tri10k_local_channels_v2_fixed_maps_hkr_words_val_final/predictions.jsonl,2000,0.08389656185718483,0.3305785123966942,0.5475,10.1365,-0.4,71,0.10714133809706095,hkr_words,needs_decision,,,,,0.08389656185718483,0.3305785123966942,0.5475,,,
eval_tri10k_local_channels_v2_fixed_maps_school_notebooks_clean_test_final,needs_review,eval_tri10k_local_channels_v2_fixed_maps_school_notebooks_clean_test_final,,,outputs/htr_graph_v1/eval_tri10k_local_channels_v2_fixed_maps_school_notebooks_clean_test_final/summary.json,,,outputs/htr_graph_v1/eval_tri10k_local_channels_v2_fixed_maps_school_notebooks_clean_test_final/predictions.jsonl,2000,0.16292798110979928,0.5099206349206349,0.501,5.776,-0.4,71,0.10714133809706095,school_notebooks_clean,needs_decision,,,,,,,,0.16292798110979928,0.5099206349206349,0.501
eval_tri10k_local_channels_v2_fixed_maps_school_notebooks_clean_val_final,needs_review,eval_tri10k_local_channels_v2_fixed_maps_school_notebooks_clean_val_final,,,outputs/htr_graph_v1/eval_tri10k_local_channels_v2_fixed_maps_school_notebooks_clean_val_final/summary.json,,,outputs/htr_graph_v1/eval_tri10k_local_channels_v2_fixed_maps_school_notebooks_clean_val_final/predictions.jsonl,2000,0.11323616142893252,0.39880952380952384,0.6085,5.8265,-0.4,71,0.10714133809706095,school_notebooks_clean,needs_decision,,,,,,,,0.11323616142893252,0.39880952380952384,0.6085
graph_fusion_iter2_context10k_v1,exploratory,graph_fusion_iter2_context10k_v1,,,outputs/htr_graph_v1/graph_fusion_iter2_context10k_v1/summary.json,,,,,,,,,,,,,needs_decision,,,,,,,,,,
line_aug_dose_response_context_v1,primary,line_aug_dose_response_context_v1,,,outputs/htr_graph_v1/line_aug_dose_response_context_v1/summary.json,,,,,,,,,,,,,needs_decision,,,,,,,,,,
seed_confirmation_iter2,needs_review,seed_confirmation_iter2,,,outputs/htr_graph_v1/seed_confirmation_iter2/summary.json,,,,,,,,,,,,,needs_decision,,,,,,,,,,
penalty_0p0,exploratory,penalty_0p0,,,outputs/htr_graph_v1/sweep_tri10k_gated_local_fusion_v1_val/penalty_0p0/summary.json,,,outputs/htr_graph_v1/sweep_tri10k_gated_local_fusion_v1_val/penalty_0p0/predictions.jsonl,6000,0.1035685423844158,0.3896017107725207,0.5596666666666666,7.764166666666667,0.0,80,0.10382374207817617,"cyrillic_handwriting,hkr_words,school_notebooks_clean",needs_decision,,0.12840176450627758,0.4870395634379263,0.504,0.08600254677245568,0.3351698806244261,0.5395,0.10295728368017525,0.3715277777777778,0.6355
penalty_m0p1,exploratory,penalty_m0p1,,,outputs/htr_graph_v1/sweep_tri10k_gated_local_fusion_v1_val/penalty_m0p1/summary.json,,,outputs/htr_graph_v1/sweep_tri10k_gated_local_fusion_v1_val/penalty_m0p1/predictions.jsonl,6000,0.10341967589638892,0.38933440256615875,0.56,7.770833333333333,-0.1,80,0.10382374207817617,"cyrillic_handwriting,hkr_words,school_notebooks_clean",needs_decision,,0.12833389888021718,0.4874943155979991,0.5035,0.0859045939856989,0.33455769819406184,0.5405,0.10262027129497009,0.37103174603174605,0.636
penalty_m0p2,exploratory,penalty_m0p2,,,outputs/htr_graph_v1/sweep_tri10k_gated_local_fusion_v1_val/penalty_m0p2/summary.json,,,outputs/htr_graph_v1/sweep_tri10k_gated_local_fusion_v1_val/penalty_m0p2/predictions.jsonl,6000,0.10335587597294883,0.38893344025661586,0.5601666666666667,7.775833333333333,-0.2,80,0.10382374207817617,"cyrillic_handwriting,hkr_words,school_notebooks_clean",needs_decision,,0.12853749575839837,0.4870395634379263,0.504,0.08561073562542855,0.3339455157636976,0.5405,0.10262027129497009,0.37103174603174605,0.636
penalty_m0p3,exploratory,penalty_m0p3,,,outputs/htr_graph_v1/sweep_tri10k_gated_local_fusion_v1_val/penalty_m0p3/summary.json,,,outputs/htr_graph_v1/sweep_tri10k_gated_local_fusion_v1_val/penalty_m0p3/predictions.jsonl,6000,0.10352600910212241,0.38933440256615875,0.5598333333333333,7.78,-0.3,80,0.10382374207817617,"cyrillic_handwriting,hkr_words,school_notebooks_clean",needs_decision,,0.12887682388870036,0.48840381991814463,0.5025,0.08575766480556372,0.3339455157636976,0.5405,0.10262027129497009,0.37103174603174605,0.6365
penalty_m0p4,exploratory,penalty_m0p4,,,outputs/htr_graph_v1/sweep_tri10k_gated_local_fusion_v1_val/penalty_m0p4/summary.json,,,outputs/htr_graph_v1/sweep_tri10k_gated_local_fusion_v1_val/penalty_m0p4/predictions.jsonl,6000,0.1035685423844158,0.3897353648757017,0.5595,7.785333333333333,-0.4,80,0.10382374207817617,"cyrillic_handwriting,hkr_words,school_notebooks_clean",needs_decision,,0.12880895826263997,0.48885857207821737,0.502,0.08600254677245568,0.3351698806244261,0.539,0.10245176510236752,0.37003968253968256,0.6375
penalty_m0p5,exploratory,penalty_m0p5,,,outputs/htr_graph_v1/sweep_tri10k_gated_local_fusion_v1_val/penalty_m0p5/summary.json,,,outputs/htr_graph_v1/sweep_tri10k_gated_local_fusion_v1_val/penalty_m0p5/predictions.jsonl,6000,0.10365360894900259,0.39026998128842555,0.5591666666666667,7.7908333333333335,-0.5,80,0.10382374207817617,"cyrillic_handwriting,hkr_words,school_notebooks_clean",needs_decision,,0.12867322701051917,0.48840381991814463,0.503,0.08605152316583407,0.3354759718396082,0.5385,0.10287303058387395,0.37202380952380953,0.636
penalty_m0p6,exploratory,penalty_m0p6,,,outputs/htr_graph_v1/sweep_tri10k_gated_local_fusion_v1_val/penalty_m0p6/summary.json,,,outputs/htr_graph_v1/sweep_tri10k_gated_local_fusion_v1_val/penalty_m0p6/predictions.jsonl,6000,0.10371740887244268,0.39080459770114945,0.5586666666666666,7.795833333333333,-0.6,80,0.10382374207817617,"cyrillic_handwriting,hkr_words,school_notebooks_clean",needs_decision,,0.12901255514082116,0.48931332423829016,0.5025,0.08595357037907729,0.3354759718396082,0.5385,0.10287303058387395,0.373015873015873,0.635
penalty_m0p7,exploratory,penalty_m0p7,,,outputs/htr_graph_v1/sweep_tri10k_gated_local_fusion_v1_val/penalty_m0p7/summary.json,,,outputs/htr_graph_v1/sweep_tri10k_gated_local_fusion_v1_val/penalty_m0p7/predictions.jsonl,6000,0.1036323423078559,0.3909382518043304,0.5585,7.801333333333333,-0.7,80,0.10382374207817617,"cyrillic_handwriting,hkr_words,school_notebooks_clean",needs_decision,,0.12914828639294199,0.49113233287858116,0.501,0.08580664119894212,0.33486378940924394,0.5385,0.10262027129497009,0.3725198412698413,0.636
penalty_m0p8,exploratory,penalty_m0p8,,,outputs/htr_graph_v1/sweep_tri10k_gated_local_fusion_v1_val/penalty_m0p8/summary.json,,,outputs/htr_graph_v1/sweep_tri10k_gated_local_fusion_v1_val/penalty_m0p8/predictions.jsonl,6000,0.10352600910212241,0.3905372894947875,0.5593333333333333,7.808,-0.8,80,0.10382374207817617,"cyrillic_handwriting,hkr_words,school_notebooks_clean",needs_decision,,0.12887682388870036,0.4906775807185084,0.5025,0.0859045939856989,0.33455769819406184,0.539,0.10236751200606622,0.37202380952380953,0.6365
penalty_m0p9,exploratory,penalty_m0p9,,,outputs/htr_graph_v1/sweep_tri10k_gated_local_fusion_v1_val/penalty_m0p9/summary.json,,,outputs/htr_graph_v1/sweep_tri10k_gated_local_fusion_v1_val/penalty_m0p9/predictions.jsonl,6000,0.10373867551358938,0.39160652232023524,0.5585,7.812333333333333,-0.9,80,0.10382374207817617,"cyrillic_handwriting,hkr_words,school_notebooks_clean",needs_decision,,0.12901255514082116,0.49113233287858116,0.5015,0.08600254677245568,0.33486378940924394,0.5385,0.10287303058387395,0.375,0.6355
penalty_m1p0,exploratory,penalty_m1p0,,,outputs/htr_graph_v1/sweep_tri10k_gated_local_fusion_v1_val/penalty_m1p0/summary.json,,,outputs/htr_graph_v1/sweep_tri10k_gated_local_fusion_v1_val/penalty_m1p0/predictions.jsonl,6000,0.10382374207817617,0.39200748462977814,0.558,7.816166666666667,-1.0,80,0.10382374207817617,"cyrillic_handwriting,hkr_words,school_notebooks_clean",needs_decision,,0.12928401764506278,0.4929513415188722,0.5,0.0859045939856989,0.33455769819406184,0.5385,0.10304153677647654,0.375,0.6355
penalty_m1p1,exploratory,penalty_m1p1,,,outputs/htr_graph_v1/sweep_tri10k_gated_local_fusion_v1_val/penalty_m1p1/summary.json,,,outputs/htr_graph_v1/sweep_tri10k_gated_local_fusion_v1_val/penalty_m1p1/predictions.jsonl,6000,0.10384500871932287,0.3918738305265972,0.5581666666666667,7.8215,-1.1,80,0.10382374207817617,"cyrillic_handwriting,hkr_words,school_notebooks_clean",needs_decision,,0.12948761452324398,0.4924965893587995,0.501,0.08580664119894212,0.3342516069788797,0.5385,0.10304153677647654,0.37549603174603174,0.635
penalty_m1p2,exploratory,penalty_m1p2,,,outputs/htr_graph_v1/sweep_tri10k_gated_local_fusion_v1_val/penalty_m1p2/summary.json,,,outputs/htr_graph_v1/sweep_tri10k_gated_local_fusion_v1_val/penalty_m1p2/predictions.jsonl,6000,0.10395134192505635,0.3917401764234162,0.5585,7.8265,-1.2,80,0.10382374207817617,"cyrillic_handwriting,hkr_words,school_notebooks_clean",needs_decision,,0.12989480827960637,0.4929513415188722,0.501,0.08585561759232051,0.3339455157636976,0.5385,0.10287303058387395,0.375,0.636
penalty_0p0,exploratory,penalty_0p0,,,outputs/htr_graph_v1/sweep_tri10k_gated_local_fusion_v2_dist_val/penalty_0p0/summary.json,,,outputs/htr_graph_v1/sweep_tri10k_gated_local_fusion_v2_dist_val/penalty_0p0/predictions.jsonl,6000,0.1011866785759857,0.3932103715584068,0.5591666666666667,7.764,0.0,71,0.10214367742758709,"cyrillic_handwriting,hkr_words,school_notebooks_clean",needs_decision,,0.12494061757719715,0.48203728967712595,0.514,0.0835047507101577,0.3391490664217937,0.5385,0.10211475271716236,0.38392857142857145,0.625
penalty_m0p1,exploratory,penalty_m0p1,,,outputs/htr_graph_v1/sweep_tri10k_gated_local_fusion_v2_dist_val/penalty_m0p1/summary.json,,,outputs/htr_graph_v1/sweep_tri10k_gated_local_fusion_v2_dist_val/penalty_m0p1/predictions.jsonl,6000,0.10110161201139892,0.392675755145683,0.5596666666666666,7.769,-0.1,71,0.10214367742758709,"cyrillic_handwriting,hkr_words,school_notebooks_clean",needs_decision,,0.12487275195113674,0.4806730331969077,0.515,0.08345577431677931,0.33853688399142945,0.5395,0.10194624652455977,0.3844246031746032,0.6245
penalty_m0p2,exploratory,penalty_m0p2,,,outputs/htr_graph_v1/sweep_tri10k_gated_local_fusion_v2_dist_val/penalty_m0p2/summary.json,,,outputs/htr_graph_v1/sweep_tri10k_gated_local_fusion_v2_dist_val/penalty_m0p2/predictions.jsonl,6000,0.10108034537025222,0.39294306335204493,0.5595,7.7745,-0.2,71,0.10214367742758709,"cyrillic_handwriting,hkr_words,school_notebooks_clean",needs_decision,,0.12473702069901595,0.4811277853569804,0.515,0.08345577431677931,0.33823079277624735,0.54,0.10203049962086107,0.3854166666666667,0.6235
penalty_m0p3,exploratory,penalty_m0p3,,,outputs/htr_graph_v1/sweep_tri10k_gated_local_fusion_v2_dist_val/penalty_m0p3/summary.json,,,outputs/htr_graph_v1/sweep_tri10k_gated_local_fusion_v2_dist_val/penalty_m0p3/predictions.jsonl,6000,0.10101654544681213,0.39294306335204493,0.5598333333333333,7.780166666666666,-0.3,71,0.10214367742758709,"cyrillic_handwriting,hkr_words,school_notebooks_clean",needs_decision,,0.12473702069901595,0.4815825375170532,0.515,0.08345577431677931,0.33823079277624735,0.5405,0.1017777403319572,0.38492063492063494,0.624
penalty_m0p4,exploratory,penalty_m0p4,,,outputs/htr_graph_v1/sweep_tri10k_gated_local_fusion_v2_dist_val/penalty_m0p4/summary.json,,,outputs/htr_graph_v1/sweep_tri10k_gated_local_fusion_v2_dist_val/penalty_m0p4/predictions.jsonl,6000,0.10101654544681213,0.39200748462977814,0.5605,7.786333333333333,-0.4,71,0.10214367742758709,"cyrillic_handwriting,hkr_words,school_notebooks_clean",needs_decision,,0.12487275195113674,0.4806730331969077,0.516,0.08325986874326574,0.3367003367003367,0.541,0.10194624652455977,0.38492063492063494,0.6245
penalty_m0p5,exploratory,penalty_m0p5,,,outputs/htr_graph_v1/sweep_tri10k_gated_local_fusion_v2_dist_val/penalty_m0p5/summary.json,,,outputs/htr_graph_v1/sweep_tri10k_gated_local_fusion_v2_dist_val/penalty_m0p5/predictions.jsonl,6000,0.1012079452171324,0.3921411387329591,0.5606666666666666,7.792166666666667,-0.5,71,0.10214367742758709,"cyrillic_handwriting,hkr_words,school_notebooks_clean",needs_decision,,0.12507634882931795,0.4806730331969077,0.5165,0.08345577431677931,0.3373125191307009,0.5405,0.10211475271716236,0.3844246031746032,0.625
penalty_m0p6,exploratory,penalty_m0p6,,,outputs/htr_graph_v1/sweep_tri10k_gated_local_fusion_v2_dist_val/penalty_m0p6/summary.json,,,outputs/htr_graph_v1/sweep_tri10k_gated_local_fusion_v2_dist_val/penalty_m0p6/predictions.jsonl,6000,0.10135681170515928,0.3922747928361401,0.5605,7.7973333333333334,-0.6,71,0.10214367742758709,"cyrillic_handwriting,hkr_words,school_notebooks_clean",needs_decision,,0.12507634882931795,0.4806730331969077,0.517,0.08370065628367127,0.3373125191307009,0.54,0.10228325890976493,0.38492063492063494,0.6245
penalty_m0p7,exploratory,penalty_m0p7,,,outputs/htr_graph_v1/sweep_tri10k_gated_local_fusion_v2_dist_val/penalty_m0p7/summary.json,,,outputs/htr_graph_v1/sweep_tri10k_gated_local_fusion_v2_dist_val/penalty_m0p7/predictions.jsonl,6000,0.10154821147547956,0.39200748462977814,0.5608333333333333,7.8021666666666665,-0.7,71,0.10214367742758709,"cyrillic_handwriting,hkr_words,school_notebooks_clean",needs_decision,,0.12527994570749915,0.4806730331969077,0.517,0.08384758546380644,0.3367003367003367,0.541,0.1025360181986688,0.38492063492063494,0.6245
penalty_m0p8,exploratory,penalty_m0p8,,,outputs/htr_graph_v1/sweep_tri10k_gated_local_fusion_v2_dist_val/penalty_m0p8/summary.json,,,outputs/htr_graph_v1/sweep_tri10k_gated_local_fusion_v2_dist_val/penalty_m0p8/predictions.jsonl,6000,0.10156947811662626,0.39160652232023524,0.5613333333333334,7.808,-0.8,71,0.10214367742758709,"cyrillic_handwriting,hkr_words,school_notebooks_clean",needs_decision,,0.12555140821174077,0.48203728967712595,0.516,0.08374963267704966,0.3357820630547903,0.542,0.10245176510236752,0.3834325396825397,0.626
penalty_m0p9,exploratory,penalty_m0p9,,,outputs/htr_graph_v1/sweep_tri10k_gated_local_fusion_v2_dist_val/penalty_m0p9/summary.json,,,outputs/htr_graph_v1/sweep_tri10k_gated_local_fusion_v2_dist_val/penalty_m0p9/predictions.jsonl,6000,0.10182467781038662,0.3922747928361401,0.5606666666666666,7.813666666666666,-0.9,71,0.10214367742758709,"cyrillic_handwriting,hkr_words,school_notebooks_clean",needs_decision,,0.12582287071598236,0.4829467939972715,0.5155,0.08379860907042805,0.3357820630547903,0.542,0.10304153677647654,0.38492063492063494,0.6245
penalty_m1p0,exploratory,penalty_m1p0,,,outputs/htr_graph_v1/sweep_tri10k_gated_local_fusion_v2_dist_val/penalty_m1p0/summary.json,,,outputs/htr_graph_v1/sweep_tri10k_gated_local_fusion_v2_dist_val/penalty_m1p0/predictions.jsonl,6000,0.1019522776572668,0.392675755145683,0.5603333333333333,7.817,-1.0,71,0.10214367742758709,"cyrillic_handwriting,hkr_words,school_notebooks_clean",needs_decision,,0.12623006447234475,0.4847658026375625,0.514,0.08374963267704966,0.3354759718396082,0.5425,0.10312578987277782,0.38492063492063494,0.6245
penalty_m1p1,exploratory,penalty_m1p1,,,outputs/htr_graph_v1/sweep_tri10k_gated_local_fusion_v2_dist_val/penalty_m1p1/summary.json,,,outputs/htr_graph_v1/sweep_tri10k_gated_local_fusion_v2_dist_val/penalty_m1p1/predictions.jsonl,6000,0.10197354429841352,0.3930767174552259,0.5601666666666667,7.822166666666667,-1.1,71,0.10214367742758709,"cyrillic_handwriting,hkr_words,school_notebooks_clean",needs_decision,,0.12609433322022395,0.483856298317417,0.515,0.08374963267704966,0.33608815426997246,0.5425,0.1033785491616817,0.3864087301587302,0.623
penalty_m1p2,exploratory,penalty_m1p2,,,outputs/htr_graph_v1/sweep_tri10k_gated_local_fusion_v2_dist_val/penalty_m1p2/summary.json,,,outputs/htr_graph_v1/sweep_tri10k_gated_local_fusion_v2_dist_val/penalty_m1p2/predictions.jsonl,6000,0.1021224107864404,0.3933440256615878,0.56,7.8275,-1.2,71,0.10214367742758709,"cyrillic_handwriting,hkr_words,school_notebooks_clean",needs_decision,,0.12650152697658637,0.4843110504774898,0.5145,0.08379860907042805,0.33639424548515456,0.5415,0.1033785491616817,0.3864087301587302,0.624
penalty_0p0,exploratory,penalty_0p0,,,outputs/htr_graph_v1/sweep_tri10k_graph_fusion_v1_val/penalty_0p0/summary.json,,,outputs/htr_graph_v1/sweep_tri10k_graph_fusion_v1_val/penalty_0p0/predictions.jsonl,6000,0.10339840925524223,0.39441325848703557,0.5581666666666667,7.759,0.0,75,0.10318574284377525,"cyrillic_handwriting,hkr_words,school_notebooks_clean",needs_decision,,0.12623006447234475,0.49113233287858116,0.505,0.08947987070232148,0.3526170798898072,0.5195,0.09899738815401465,0.3566468253968254,0.65
penalty_m0p1,exploratory,penalty_m0p1,,,outputs/htr_graph_v1/sweep_tri10k_graph_fusion_v1_val/penalty_m0p1/summary.json,,,outputs/htr_graph_v1/sweep_tri10k_graph_fusion_v1_val/penalty_m0p1/predictions.jsonl,6000,0.10337714261409553,0.3937449879711307,0.5583333333333333,7.764166666666667,-0.1,75,0.10318574284377525,"cyrillic_handwriting,hkr_words,school_notebooks_clean",needs_decision,,0.12609433322022395,0.48931332423829016,0.5055,0.08933294152218631,0.352310988674625,0.5195,0.09933440053921981,0.3566468253968254,0.65
penalty_m0p2,exploratory,penalty_m0p2,,,outputs/htr_graph_v1/sweep_tri10k_graph_fusion_v1_val/penalty_m0p2/summary.json,,,outputs/htr_graph_v1/sweep_tri10k_graph_fusion_v1_val/penalty_m0p2/predictions.jsonl,6000,0.10337714261409553,0.39387864207431167,0.5578333333333333,7.768666666666666,-0.2,75,0.10318574284377525,"cyrillic_handwriting,hkr_words,school_notebooks_clean",needs_decision,,0.12582287071598236,0.48794906775807184,0.506,0.0893819179155647,0.3529231711049893,0.5185,0.09958715982812369,0.3576388888888889,0.649
penalty_m0p3,exploratory,penalty_m0p3,,,outputs/htr_graph_v1/sweep_tri10k_graph_fusion_v1_val/penalty_m0p3/summary.json,,,outputs/htr_graph_v1/sweep_tri10k_graph_fusion_v1_val/penalty_m0p3/predictions.jsonl,6000,0.10318574284377525,0.392542101042502,0.559,7.776833333333333,-0.3,75,0.10318574284377525,"cyrillic_handwriting,hkr_words,school_notebooks_clean",needs_decision,,0.12555140821174077,0.4861300591177808,0.5075,0.08923498873542952,0.3516988062442608,0.5195,0.0994186536355211,0.3566468253968254,0.65
penalty_m0p4,exploratory,penalty_m0p4,,,outputs/htr_graph_v1/sweep_tri10k_graph_fusion_v1_val/penalty_m0p4/summary.json,,,outputs/htr_graph_v1/sweep_tri10k_graph_fusion_v1_val/penalty_m0p4/predictions.jsonl,6000,0.10312194292033516,0.392542101042502,0.5591666666666667,7.782,-0.4,75,0.10318574284377525,"cyrillic_handwriting,hkr_words,school_notebooks_clean",needs_decision,,0.12548354258568034,0.48567530695770805,0.5075,0.08923498873542952,0.3526170798898072,0.519,0.09925014744291853,0.3556547619047619,0.651
penalty_m0p5,exploratory,penalty_m0p5,,,outputs/htr_graph_v1/sweep_tri10k_graph_fusion_v1_val/penalty_m0p5/summary.json,,,outputs/htr_graph_v1/sweep_tri10k_graph_fusion_v1_val/penalty_m0p5/predictions.jsonl,6000,0.10303687635574837,0.392542101042502,0.559,7.786666666666667,-0.5,75,0.10318574284377525,"cyrillic_handwriting,hkr_words,school_notebooks_clean",needs_decision,,0.12541567695961994,0.48567530695770805,0.5075,0.08908805955529435,0.352310988674625,0.519,0.09925014744291853,0.35615079365079366,0.6505
penalty_m0p6,exploratory,penalty_m0p6,,,outputs/htr_graph_v1/sweep_tri10k_graph_fusion_v1_val/penalty_m0p6/summary.json,,,outputs/htr_graph_v1/sweep_tri10k_graph_fusion_v1_val/penalty_m0p6/predictions.jsonl,6000,0.10303687635574837,0.392675755145683,0.559,7.791166666666666,-0.6,75,0.10318574284377525,"cyrillic_handwriting,hkr_words,school_notebooks_clean",needs_decision,,0.12568713946386156,0.4865848112778536,0.5065,0.08889215398178078,0.3516988062442608,0.5205,0.09925014744291853,0.3566468253968254,0.65
penalty_m0p7,exploratory,penalty_m0p7,,,outputs/htr_graph_v1/sweep_tri10k_graph_fusion_v1_val/penalty_m0p7/summary.json,,,outputs/htr_graph_v1/sweep_tri10k_graph_fusion_v1_val/penalty_m0p7/predictions.jsonl,6000,0.10324954276721535,0.3933440256615878,0.5586666666666666,7.796166666666666,-0.7,75,0.10318574284377525,"cyrillic_handwriting,hkr_words,school_notebooks_clean",needs_decision,,0.12616219884628435,0.4870395634379263,0.5065,0.08903908316191596,0.3520048974594429,0.5205,0.09925014744291853,0.35813492063492064,0.649
penalty_m0p8,exploratory,penalty_m0p8,,,outputs/htr_graph_v1/sweep_tri10k_graph_fusion_v1_val/penalty_m0p8/summary.json,,,outputs/htr_graph_v1/sweep_tri10k_graph_fusion_v1_val/penalty_m0p8/predictions.jsonl,6000,0.10329207604950874,0.3933440256615878,0.5585,7.801666666666667,-0.8,75,0.10318574284377525,"cyrillic_handwriting,hkr_words,school_notebooks_clean",needs_decision,,0.12616219884628435,0.48840381991814463,0.506,0.08889215398178078,0.3507805325987144,0.521,0.09967141292442497,0.3586309523809524,0.6485
penalty_m0p9,exploratory,penalty_m0p9,,,outputs/htr_graph_v1/sweep_tri10k_graph_fusion_v1_val/penalty_m0p9/summary.json,,,outputs/htr_graph_v1/sweep_tri10k_graph_fusion_v1_val/penalty_m0p9/predictions.jsonl,6000,0.10327080940836204,0.3936113338679497,0.558,7.807,-0.9,75,0.10318574284377525,"cyrillic_handwriting,hkr_words,school_notebooks_clean",needs_decision,,0.12589073634204276,0.4874943155979991,0.5065,0.08894113037515917,0.35139271502907865,0.52,0.09983991911702755,0.35962301587301587,0.6475
penalty_m1p0,exploratory,penalty_m1p0,,,outputs/htr_graph_v1/sweep_tri10k_graph_fusion_v1_val/penalty_m1p0/summary.json,,,outputs/htr_graph_v1/sweep_tri10k_graph_fusion_v1_val/penalty_m1p0/predictions.jsonl,6000,0.10337714261409553,0.3936113338679497,0.5581666666666667,7.8135,-1.0,75,0.10318574284377525,"cyrillic_handwriting,hkr_words,school_notebooks_clean",needs_decision,,0.12636579572446555,0.48840381991814463,0.506,0.088794201195024,0.35108662381389655,0.5205,0.09992417221332885,0.35912698412698413,0.648
penalty_m1p1,exploratory,penalty_m1p1,,,outputs/htr_graph_v1/sweep_tri10k_graph_fusion_v1_val/penalty_m1p1/summary.json,,,outputs/htr_graph_v1/sweep_tri10k_graph_fusion_v1_val/penalty_m1p1/predictions.jsonl,6000,0.10346220917868232,0.3934776797647688,0.5581666666666667,7.817333333333333,-1.1,75,0.10318574284377525,"cyrillic_handwriting,hkr_words,school_notebooks_clean",needs_decision,,0.12684085510688836,0.48840381991814463,0.506,0.08874522480164561,0.35108662381389655,0.52,0.09975566602072626,0.3586309523809524,0.6485
penalty_m1p2,exploratory,penalty_m1p2,,,outputs/htr_graph_v1/sweep_tri10k_graph_fusion_v1_val/penalty_m1p2/summary.json,,,outputs/htr_graph_v1/sweep_tri10k_graph_fusion_v1_val/penalty_m1p2/predictions.jsonl,6000,0.1036323423078559,0.39427960438385456,0.5576666666666666,7.823666666666667,-1.2,75,0.10318574284377525,"cyrillic_handwriting,hkr_words,school_notebooks_clean",needs_decision,,0.12690872073294876,0.48794906775807184,0.506,0.08889215398178078,0.3526170798898072,0.5195,0.10009267840593142,0.35962301587301587,0.6475
penalty_0p0,exploratory,penalty_0p0,,,outputs/htr_graph_v1/sweep_tri10k_graph_fusion_v2_lowcap_all_val/penalty_0p0/summary.json,,,outputs/htr_graph_v1/sweep_tri10k_graph_fusion_v2_lowcap_all_val/penalty_0p0/predictions.jsonl,6000,0.09931521415507635,0.3863940122961775,0.5621666666666667,7.7705,0.0,71,0.098847348049849,"cyrillic_handwriting,hkr_words,school_notebooks_clean",needs_decision,,0.12426196131659314,0.4874943155979991,0.505,0.082917033989617,0.33608815426997246,0.533,0.09655404836127728,0.3576388888888889,0.6485
penalty_m0p1,exploratory,penalty_m0p1,,,outputs/htr_graph_v1/sweep_tri10k_graph_fusion_v2_lowcap_all_val/penalty_m0p1/summary.json,,,outputs/htr_graph_v1/sweep_tri10k_graph_fusion_v2_lowcap_all_val/penalty_m0p1/predictions.jsonl,6000,0.09929394751392966,0.3863940122961775,0.562,7.7755,-0.1,71,0.098847348049849,"cyrillic_handwriting,hkr_words,school_notebooks_clean",needs_decision,,0.12439769256871394,0.4865848112778536,0.5055,0.08281908120286022,0.33639424548515456,0.5325,0.09646979526497598,0.35813492063492064,0.648
penalty_m0p2,exploratory,penalty_m0p2,,,outputs/htr_graph_v1/sweep_tri10k_graph_fusion_v2_lowcap_all_val/penalty_m0p2/summary.json,,,outputs/htr_graph_v1/sweep_tri10k_graph_fusion_v2_lowcap_all_val/penalty_m0p2/predictions.jsonl,6000,0.09916634766704947,0.38612670408981553,0.5625,7.7805,-0.2,71,0.098847348049849,"cyrillic_handwriting,hkr_words,school_notebooks_clean",needs_decision,,0.12426196131659314,0.4870395634379263,0.5055,0.08277010480948183,0.33639424548515456,0.5325,0.09621703597607212,0.3566468253968254,0.6495
penalty_m0p3,exploratory,penalty_m0p3,,,outputs/htr_graph_v1/sweep_tri10k_graph_fusion_v2_lowcap_all_val/penalty_m0p3/summary.json,,,outputs/htr_graph_v1/sweep_tri10k_graph_fusion_v2_lowcap_all_val/penalty_m0p3/predictions.jsonl,6000,0.09914508102590276,0.38572574178027264,0.5626666666666666,7.785,-0.3,71,0.098847348049849,"cyrillic_handwriting,hkr_words,school_notebooks_clean",needs_decision,,0.12426196131659314,0.4874943155979991,0.505,0.08277010480948183,0.3354759718396082,0.533,0.09613278287977083,0.35615079365079366,0.65
penalty_m0p4,exploratory,penalty_m0p4,,,outputs/htr_graph_v1/sweep_tri10k_graph_fusion_v2_lowcap_all_val/penalty_m0p4/summary.json,,,outputs/htr_graph_v1/sweep_tri10k_graph_fusion_v2_lowcap_all_val/penalty_m0p4/predictions.jsonl,6000,0.09912381438475606,0.38532477947072974,0.5631666666666667,7.7908333333333335,-0.4,71,0.098847348049849,"cyrillic_handwriting,hkr_words,school_notebooks_clean",needs_decision,,0.12446555819477435,0.4874943155979991,0.505,0.08277010480948183,0.3351698806244261,0.5335,0.09579577049456567,0.3551587301587302,0.651
penalty_m0p5,exploratory,penalty_m0p5,,,outputs/htr_graph_v1/sweep_tri10k_graph_fusion_v2_lowcap_all_val/penalty_m0p5/summary.json,,,outputs/htr_graph_v1/sweep_tri10k_graph_fusion_v2_lowcap_all_val/penalty_m0p5/predictions.jsonl,6000,0.09923014759048956,0.3855920876770917,0.5626666666666666,7.795333333333334,-0.5,71,0.098847348049849,"cyrillic_handwriting,hkr_words,school_notebooks_clean",needs_decision,,0.12473702069901595,0.48885857207821737,0.504,0.08277010480948183,0.33486378940924394,0.533,0.09588002359086696,0.3551587301587302,0.651
penalty_m0p6,exploratory,penalty_m0p6,,,outputs/htr_graph_v1/sweep_tri10k_graph_fusion_v2_lowcap_all_val/penalty_m0p6/summary.json,,,outputs/htr_graph_v1/sweep_tri10k_graph_fusion_v2_lowcap_all_val/penalty_m0p6/predictions.jsonl,6000,0.09920888094934287,0.3855920876770917,0.5626666666666666,7.8005,-0.6,71,0.098847348049849,"cyrillic_handwriting,hkr_words,school_notebooks_clean",needs_decision,,0.12453342382083475,0.4874943155979991,0.505,0.08286805759623861,0.3357820630547903,0.532,0.09588002359086696,0.3551587301587302,0.651
penalty_m0p7,exploratory,penalty_m0p7,,,outputs/htr_graph_v1/sweep_tri10k_graph_fusion_v2_lowcap_all_val/penalty_m0p7/summary.json,,,outputs/htr_graph_v1/sweep_tri10k_graph_fusion_v2_lowcap_all_val/penalty_m0p7/predictions.jsonl,6000,0.09942154736080984,0.38585939588345364,0.5621666666666667,7.806,-0.7,71,0.098847348049849,"cyrillic_handwriting,hkr_words,school_notebooks_clean",needs_decision,,0.12500848320325755,0.48794906775807184,0.5045,0.08296601038299539,0.3354759718396082,0.532,0.09596427668716825,0.35615079365079366,0.65
penalty_m0p8,exploratory,penalty_m0p8,,,outputs/htr_graph_v1/sweep_tri10k_graph_fusion_v2_lowcap_all_val/penalty_m0p8/summary.json,,,outputs/htr_graph_v1/sweep_tri10k_graph_fusion_v2_lowcap_all_val/penalty_m0p8/predictions.jsonl,6000,0.09952788056654333,0.3865276663993585,0.5616666666666666,7.810666666666667,-0.8,71,0.098847348049849,"cyrillic_handwriting,hkr_words,school_notebooks_clean",needs_decision,,0.12541567695961994,0.49022282855843563,0.5025,0.08286805759623861,0.3357820630547903,0.532,0.09604852978346955,0.3556547619047619,0.6505
penalty_m0p9,exploratory,penalty_m0p9,,,outputs/htr_graph_v1/sweep_tri10k_graph_fusion_v2_lowcap_all_val/penalty_m0p9/summary.json,,,outputs/htr_graph_v1/sweep_tri10k_graph_fusion_v2_lowcap_all_val/penalty_m0p9/predictions.jsonl,6000,0.09965548041342351,0.3874632451216252,0.5608333333333333,7.8145,-0.9,71,0.098847348049849,"cyrillic_handwriting,hkr_words,school_notebooks_clean",needs_decision,,0.12582287071598236,0.4920418371987267,0.501,0.08286805759623861,0.33639424548515456,0.5315,0.09604852978346955,0.35615079365079366,0.65
penalty_m1p0,exploratory,penalty_m1p0,,,outputs/htr_graph_v1/sweep_tri10k_graph_fusion_v2_lowcap_all_val/penalty_m1p0/summary.json,,,outputs/htr_graph_v1/sweep_tri10k_graph_fusion_v2_lowcap_all_val/penalty_m1p0/predictions.jsonl,6000,0.09961294713113011,0.3875968992248062,0.5606666666666666,7.8196666666666665,-1.0,71,0.098847348049849,"cyrillic_handwriting,hkr_words,school_notebooks_clean",needs_decision,,0.12555140821174077,0.4920418371987267,0.501,0.08286805759623861,0.33639424548515456,0.5315,0.09621703597607212,0.3566468253968254,0.6495
penalty_m1p1,exploratory,penalty_m1p1,,,outputs/htr_graph_v1/sweep_tri10k_graph_fusion_v2_lowcap_all_val/penalty_m1p1/summary.json,,,outputs/htr_graph_v1/sweep_tri10k_graph_fusion_v2_lowcap_all_val/penalty_m1p1/predictions.jsonl,6000,0.099761813619157,0.3878642074311681,0.5605,7.824,-1.1,71,0.098847348049849,"cyrillic_handwriting,hkr_words,school_notebooks_clean",needs_decision,,0.12548354258568034,0.4906775807185084,0.5025,0.08325986874326574,0.3379247015610652,0.529,0.09621703597607212,0.3566468253968254,0.65
penalty_m1p2,exploratory,penalty_m1p2,,,outputs/htr_graph_v1/sweep_tri10k_graph_fusion_v2_lowcap_all_val/penalty_m1p2/summary.json,,,outputs/htr_graph_v1/sweep_tri10k_graph_fusion_v2_lowcap_all_val/penalty_m1p2/predictions.jsonl,6000,0.10001701331291736,0.3887997861534349,0.5596666666666666,7.828666666666667,-1.2,71,0.098847348049849,"cyrillic_handwriting,hkr_words,school_notebooks_clean",needs_decision,,0.12575500508992196,0.49113233287858116,0.502,0.08345577431677931,0.33884297520661155,0.5275,0.09655404836127728,0.35813492063492064,0.6495
penalty_0p0,exploratory,penalty_0p0,,,outputs/htr_graph_v1/sweep_tri10k_graph_fusion_v3_normtopo_val/penalty_0p0/summary.json,,,outputs/htr_graph_v1/sweep_tri10k_graph_fusion_v3_normtopo_val/penalty_0p0/predictions.jsonl,6000,0.10059121262387818,0.3892007484629778,0.5608333333333333,7.761666666666667,0.0,78,0.10003827995406406,"cyrillic_handwriting,hkr_words,school_notebooks_clean",needs_decision,,0.12317611129962674,0.47203274215552526,0.5275,0.08600254677245568,0.34741352923171104,0.515,0.09764933861319404,0.3665674603174603,0.64
penalty_m0p1,exploratory,penalty_m0p1,,,outputs/htr_graph_v1/sweep_tri10k_graph_fusion_v3_normtopo_val/penalty_m0p1/summary.json,,,outputs/htr_graph_v1/sweep_tri10k_graph_fusion_v3_normtopo_val/penalty_m0p1/predictions.jsonl,6000,0.1004423461358513,0.388398823843892,0.5615,7.7668333333333335,-0.1,78,0.10003827995406406,"cyrillic_handwriting,hkr_words,school_notebooks_clean",needs_decision,,0.12290464879538514,0.4702137335152342,0.5285,0.0859045939856989,0.3468013468013468,0.516,0.09756508551689275,0.3665674603174603,0.64
penalty_m0p2,exploratory,penalty_m0p2,,,outputs/htr_graph_v1/sweep_tri10k_graph_fusion_v3_normtopo_val/penalty_m0p2/summary.json,,,outputs/htr_graph_v1/sweep_tri10k_graph_fusion_v3_normtopo_val/penalty_m0p2/predictions.jsonl,6000,0.10037854621241121,0.38773055332798717,0.5623333333333334,7.772,-0.2,78,0.10003827995406406,"cyrillic_handwriting,hkr_words,school_notebooks_clean",needs_decision,,0.12283678316932474,0.4693042291950887,0.5295,0.08556175923205016,0.3455769819406183,0.518,0.0979863509983992,0.36706349206349204,0.6395
penalty_m0p3,exploratory,penalty_m0p3,,,outputs/htr_graph_v1/sweep_tri10k_graph_fusion_v3_normtopo_val/penalty_m0p3/summary.json,,,outputs/htr_graph_v1/sweep_tri10k_graph_fusion_v3_normtopo_val/penalty_m0p3/predictions.jsonl,6000,0.10039981285355791,0.3874632451216252,0.5625,7.776666666666666,-0.3,78,0.10003827995406406,"cyrillic_handwriting,hkr_words,school_notebooks_clean",needs_decision,,0.12263318629114353,0.4688494770350159,0.5295,0.08575766480556372,0.3455769819406183,0.518,0.0979863509983992,0.3665674603174603,0.64
penalty_m0p4,exploratory,penalty_m0p4,,,outputs/htr_graph_v1/sweep_tri10k_graph_fusion_v3_normtopo_val/penalty_m0p4/summary.json,,,outputs/htr_graph_v1/sweep_tri10k_graph_fusion_v3_normtopo_val/penalty_m0p4/predictions.jsonl,6000,0.1004848794181447,0.3871959369152633,0.5625,7.781833333333333,-0.4,78,0.10003827995406406,"cyrillic_handwriting,hkr_words,school_notebooks_clean",needs_decision,,0.12270105191720393,0.4679399727148704,0.5295,0.0859045939856989,0.3455769819406183,0.518,0.0979863509983992,0.3665674603174603,0.64
penalty_m0p5,exploratory,penalty_m0p5,,,outputs/htr_graph_v1/sweep_tri10k_graph_fusion_v3_normtopo_val/penalty_m0p5/summary.json,,,outputs/htr_graph_v1/sweep_tri10k_graph_fusion_v3_normtopo_val/penalty_m0p5/predictions.jsonl,6000,0.10056994598273149,0.3869286287089014,0.5626666666666666,7.786833333333333,-0.5,78,0.10003827995406406,"cyrillic_handwriting,hkr_words,school_notebooks_clean",needs_decision,,0.12297251442144554,0.4679399727148704,0.5295,0.08595357037907729,0.34527089072543615,0.518,0.0979020979020979,0.36607142857142855,0.6405
penalty_m0p6,exploratory,penalty_m0p6,,,outputs/htr_graph_v1/sweep_tri10k_graph_fusion_v3_normtopo_val/penalty_m0p6/summary.json,,,outputs/htr_graph_v1/sweep_tri10k_graph_fusion_v3_normtopo_val/penalty_m0p6/predictions.jsonl,6000,0.10056994598273149,0.38626035819299653,0.5631666666666667,7.7908333333333335,-0.6,78,0.10003827995406406,"cyrillic_handwriting,hkr_words,school_notebooks_clean",needs_decision,,0.12310824567356633,0.4679399727148704,0.5295,0.08580664119894212,0.3440465258647077,0.519,0.0979863509983992,0.3655753968253968,0.641
penalty_m0p7,exploratory,penalty_m0p7,,,outputs/htr_graph_v1/sweep_tri10k_graph_fusion_v3_normtopo_val/penalty_m0p7/summary.json,,,outputs/htr_graph_v1/sweep_tri10k_graph_fusion_v3_normtopo_val/penalty_m0p7/predictions.jsonl,6000,0.10052741270043809,0.3863940122961775,0.5628333333333333,7.7965,-0.7,78,0.10003827995406406,"cyrillic_handwriting,hkr_words,school_notebooks_clean",needs_decision,,0.12324397692568714,0.46839472487494316,0.529,0.08565971201880694,0.3440465258647077,0.5185,0.0979020979020979,0.3655753968253968,0.641
penalty_m0p8,exploratory,penalty_m0p8,,,outputs/htr_graph_v1/sweep_tri10k_graph_fusion_v3_normtopo_val/penalty_m0p8/summary.json,,,outputs/htr_graph_v1/sweep_tri10k_graph_fusion_v3_normtopo_val/penalty_m0p8/predictions.jsonl,6000,0.1004848794181447,0.3867949746057204,0.5626666666666666,7.801833333333334,-0.8,78,0.10003827995406406,"cyrillic_handwriting,hkr_words,school_notebooks_clean",needs_decision,,0.12331184255174754,0.4688494770350159,0.5285,0.08570868841218533,0.34465870829507195,0.5185,0.09756508551689275,0.3655753968253968,0.641
penalty_m0p9,exploratory,penalty_m0p9,,,outputs/htr_graph_v1/sweep_tri10k_graph_fusion_v3_normtopo_val/penalty_m0p9/summary.json,,,outputs/htr_graph_v1/sweep_tri10k_graph_fusion_v3_normtopo_val/penalty_m0p9/predictions.jsonl,6000,0.10056994598273149,0.3874632451216252,0.5623333333333334,7.807833333333333,-0.9,78,0.10003827995406406,"cyrillic_handwriting,hkr_words,school_notebooks_clean",needs_decision,,0.12337970817780794,0.46839472487494316,0.5285,0.08585561759232051,0.3458830731558004,0.5175,0.09756508551689275,0.3665674603174603,0.641
penalty_m1p0,exploratory,penalty_m1p0,,,outputs/htr_graph_v1/sweep_tri10k_graph_fusion_v3_normtopo_val/penalty_m1p0/summary.json,,,outputs/htr_graph_v1/sweep_tri10k_graph_fusion_v3_normtopo_val/penalty_m1p0/predictions.jsonl,6000,0.10065501254731828,0.3874632451216252,0.5618333333333333,7.8135,-1.0,78,0.10003827995406406,"cyrillic_handwriting,hkr_words,school_notebooks_clean",needs_decision,,0.12344757380386834,0.46839472487494316,0.528,0.0859045939856989,0.34618916437098257,0.5165,0.09773359170949532,0.36607142857142855,0.641
penalty_m1p1,exploratory,penalty_m1p1,,,outputs/htr_graph_v1/sweep_tri10k_graph_fusion_v3_normtopo_val/penalty_m1p1/summary.json,,,outputs/htr_graph_v1/sweep_tri10k_graph_fusion_v3_normtopo_val/penalty_m1p1/predictions.jsonl,6000,0.10082514567649185,0.38853247794707296,0.5608333333333333,7.818833333333333,-1.1,78,0.10003827995406406,"cyrillic_handwriting,hkr_words,school_notebooks_clean",needs_decision,,0.12365117068204955,0.4697589813551614,0.527,0.08605152316583407,0.34710743801652894,0.515,0.0979020979020979,0.36706349206349204,0.6405
penalty_m1p2,exploratory,penalty_m1p2,,,outputs/htr_graph_v1/sweep_tri10k_graph_fusion_v3_normtopo_val/penalty_m1p2/summary.json,,,outputs/htr_graph_v1/sweep_tri10k_graph_fusion_v3_normtopo_val/penalty_m1p2/predictions.jsonl,6000,0.10093147888222534,0.38866613205025397,0.5605,7.824333333333334,-1.2,78,0.10003827995406406,"cyrillic_handwriting,hkr_words,school_notebooks_clean",needs_decision,,0.12378690193417034,0.4702137335152342,0.5265,0.08619845234596925,0.34710743801652894,0.5145,0.0979020979020979,0.36706349206349204,0.6405
penalty_0p0,primary,penalty_0p0,,,outputs/htr_graph_v1/sweep_tri10k_image_only_v1_val/penalty_0p0/summary.json,,,outputs/htr_graph_v1/sweep_tri10k_image_only_v1_val/penalty_0p0/predictions.jsonl,6000,0.10501744478103361,0.39029166666666654,0.5713333333333334,7.745,0.0,72,0.10474548642413459,"cyrillic_handwriting|phrase|None,cyrillic_handwriting|word|None,hkr_words|phrase|None,hkr_words|word|None,school_notebooks_clean|phrase|pupil_text,school_notebooks_clean|word|pupil_comment,school_notebooks_clean|word|pupil_text,school_notebooks_clean|word|teacher_comment",needs_decision,,,,,,,,,,
penalty_m0p1,primary,penalty_m0p1,,,outputs/htr_graph_v1/sweep_tri10k_image_only_v1_val/penalty_m0p1/summary.json,,,outputs/htr_graph_v1/sweep_tri10k_image_only_v1_val/penalty_m0p1/predictions.jsonl,6000,0.1050883044768933,0.3906805555555554,0.5708333333333333,7.7491666666666665,-0.1,72,0.10474548642413459,"cyrillic_handwriting|phrase|None,cyrillic_handwriting|word|None,hkr_words|phrase|None,hkr_words|word|None,school_notebooks_clean|phrase|pupil_text,school_notebooks_clean|word|pupil_comment,school_notebooks_clean|word|pupil_text,school_notebooks_clean|word|teacher_comment",needs_decision,,,,,,,,,,
penalty_m0p2,primary,penalty_m0p2,,,outputs/htr_graph_v1/sweep_tri10k_image_only_v1_val/penalty_m0p2/summary.json,,,outputs/htr_graph_v1/sweep_tri10k_image_only_v1_val/penalty_m0p2/predictions.jsonl,6000,0.10501807054415936,0.3900972222222221,0.5713333333333334,7.7556666666666665,-0.2,72,0.10474548642413459,"cyrillic_handwriting|phrase|None,cyrillic_handwriting|word|None,hkr_words|phrase|None,hkr_words|word|None,school_notebooks_clean|phrase|pupil_text,school_notebooks_clean|word|pupil_comment,school_notebooks_clean|word|pupil_text,school_notebooks_clean|word|teacher_comment",needs_decision,,,,,,,,,,
penalty_m0p3,primary,penalty_m0p3,,,outputs/htr_graph_v1/sweep_tri10k_image_only_v1_val/penalty_m0p3/summary.json,,,outputs/htr_graph_v1/sweep_tri10k_image_only_v1_val/penalty_m0p3/predictions.jsonl,6000,0.10479195770003184,0.38904166666666645,0.5723333333333334,7.762,-0.3,72,0.10474548642413459,"cyrillic_handwriting|phrase|None,cyrillic_handwriting|word|None,hkr_words|phrase|None,hkr_words|word|None,school_notebooks_clean|phrase|pupil_text,school_notebooks_clean|word|pupil_comment,school_notebooks_clean|word|pupil_text,school_notebooks_clean|word|teacher_comment",needs_decision,,,,,,,,,,
penalty_m0p4,primary,penalty_m0p4,,,outputs/htr_graph_v1/sweep_tri10k_image_only_v1_val/penalty_m0p4/summary.json,,,outputs/htr_graph_v1/sweep_tri10k_image_only_v1_val/penalty_m0p4/predictions.jsonl,6000,0.10502666842775729,0.38937499999999975,0.5721666666666667,7.7695,-0.4,72,0.10474548642413459,"cyrillic_handwriting|phrase|None,cyrillic_handwriting|word|None,hkr_words|phrase|None,hkr_words|word|None,school_notebooks_clean|phrase|pupil_text,school_notebooks_clean|word|pupil_comment,school_notebooks_clean|word|pupil_text,school_notebooks_clean|word|teacher_comment",needs_decision,,,,,,,,,,
penalty_m0p5,primary,penalty_m0p5,,,outputs/htr_graph_v1/sweep_tri10k_image_only_v1_val/penalty_m0p5/summary.json,,,outputs/htr_graph_v1/sweep_tri10k_image_only_v1_val/penalty_m0p5/predictions.jsonl,6000,0.10476083865567752,0.3891805555555554,0.5726666666666667,7.777166666666667,-0.5,72,0.10474548642413459,"cyrillic_handwriting|phrase|None,cyrillic_handwriting|word|None,hkr_words|phrase|None,hkr_words|word|None,school_notebooks_clean|phrase|pupil_text,school_notebooks_clean|word|pupil_comment,school_notebooks_clean|word|pupil_text,school_notebooks_clean|word|teacher_comment",needs_decision,,,,,,,,,,
penalty_m0p6,primary,penalty_m0p6,,,outputs/htr_graph_v1/sweep_tri10k_image_only_v1_val/penalty_m0p6/summary.json,,,outputs/htr_graph_v1/sweep_tri10k_image_only_v1_val/penalty_m0p6/predictions.jsonl,6000,0.10481020681203097,0.3895972222222221,0.5723333333333334,7.782166666666667,-0.6,72,0.10474548642413459,"cyrillic_handwriting|phrase|None,cyrillic_handwriting|word|None,hkr_words|phrase|None,hkr_words|word|None,school_notebooks_clean|phrase|pupil_text,school_notebooks_clean|word|pupil_comment,school_notebooks_clean|word|pupil_text,school_notebooks_clean|word|teacher_comment",needs_decision,,,,,,,,,,
penalty_m0p7,primary,penalty_m0p7,,,outputs/htr_graph_v1/sweep_tri10k_image_only_v1_val/penalty_m0p7/summary.json,,,outputs/htr_graph_v1/sweep_tri10k_image_only_v1_val/penalty_m0p7/predictions.jsonl,6000,0.10476913954596367,0.3894027777777776,0.5725,7.787,-0.7,72,0.10474548642413459,"cyrillic_handwriting|phrase|None,cyrillic_handwriting|word|None,hkr_words|phrase|None,hkr_words|word|None,school_notebooks_clean|phrase|pupil_text,school_notebooks_clean|word|pupil_comment,school_notebooks_clean|word|pupil_text,school_notebooks_clean|word|teacher_comment",needs_decision,,,,,,,,,,
penalty_m0p8,primary,penalty_m0p8,,,outputs/htr_graph_v1/sweep_tri10k_image_only_v1_val/penalty_m0p8/summary.json,,,outputs/htr_graph_v1/sweep_tri10k_image_only_v1_val/penalty_m0p8/predictions.jsonl,6000,0.10460753240310658,0.3887638888888887,0.5733333333333334,7.7925,-0.8,72,0.10474548642413459,"cyrillic_handwriting|phrase|None,cyrillic_handwriting|word|None,hkr_words|phrase|None,hkr_words|word|None,school_notebooks_clean|phrase|pupil_text,school_notebooks_clean|word|pupil_comment,school_notebooks_clean|word|pupil_text,school_notebooks_clean|word|teacher_comment",needs_decision,,,,,,,,,,
penalty_m0p9,primary,penalty_m0p9,,,outputs/htr_graph_v1/sweep_tri10k_image_only_v1_val/penalty_m0p9/summary.json,,,outputs/htr_graph_v1/sweep_tri10k_image_only_v1_val/penalty_m0p9/predictions.jsonl,6000,0.10475963624969568,0.38870833333333316,0.5735,7.798166666666667,-0.9,72,0.10474548642413459,"cyrillic_handwriting|phrase|None,cyrillic_handwriting|word|None,hkr_words|phrase|None,hkr_words|word|None,school_notebooks_clean|phrase|pupil_text,school_notebooks_clean|word|pupil_comment,school_notebooks_clean|word|pupil_text,school_notebooks_clean|word|teacher_comment",needs_decision,,,,,,,,,,
penalty_m1p0,primary,penalty_m1p0,,,outputs/htr_graph_v1/sweep_tri10k_image_only_v1_val/penalty_m1p0/summary.json,,,outputs/htr_graph_v1/sweep_tri10k_image_only_v1_val/penalty_m1p0/predictions.jsonl,6000,0.10471510948016892,0.3888472222222221,0.5735,7.802833333333333,-1.0,72,0.10474548642413459,"cyrillic_handwriting|phrase|None,cyrillic_handwriting|word|None,hkr_words|phrase|None,hkr_words|word|None,school_notebooks_clean|phrase|pupil_text,school_notebooks_clean|word|pupil_comment,school_notebooks_clean|word|pupil_text,school_notebooks_clean|word|teacher_comment",needs_decision,,,,,,,,,,
penalty_m1p1,primary,penalty_m1p1,,,outputs/htr_graph_v1/sweep_tri10k_image_only_v1_val/penalty_m1p1/summary.json,,,outputs/htr_graph_v1/sweep_tri10k_image_only_v1_val/penalty_m1p1/predictions.jsonl,6000,0.10473897912903861,0.3886944444444443,0.5743333333333334,7.808833333333333,-1.1,72,0.10474548642413459,"cyrillic_handwriting|phrase|None,cyrillic_handwriting|word|None,hkr_words|phrase|None,hkr_words|word|None,school_notebooks_clean|phrase|pupil_text,school_notebooks_clean|word|pupil_comment,school_notebooks_clean|word|pupil_text,school_notebooks_clean|word|teacher_comment",needs_decision,,,,,,,,,,
penalty_m1p2,primary,penalty_m1p2,,,outputs/htr_graph_v1/sweep_tri10k_image_only_v1_val/penalty_m1p2/summary.json,,,outputs/htr_graph_v1/sweep_tri10k_image_only_v1_val/penalty_m1p2/predictions.jsonl,6000,0.10485349216230162,0.38962499999999994,0.5735,7.814166666666667,-1.2,72,0.10474548642413459,"cyrillic_handwriting|phrase|None,cyrillic_handwriting|word|None,hkr_words|phrase|None,hkr_words|word|None,school_notebooks_clean|phrase|pupil_text,school_notebooks_clean|word|pupil_comment,school_notebooks_clean|word|pupil_text,school_notebooks_clean|word|teacher_comment",needs_decision,,,,,,,,,,
penalty_0p0,needs_review,penalty_0p0,,,outputs/htr_graph_v1/sweep_tri10k_local_ablation_gray_dist_v1_val/penalty_0p0/summary.json,,,outputs/htr_graph_v1/sweep_tri10k_local_ablation_gray_dist_v1_val/penalty_0p0/predictions.jsonl,6000,0.10269661009740122,0.3905372894947875,0.5638333333333333,7.756333333333333,0.0,80,0.10333460933180214,"cyrillic_handwriting,hkr_words,school_notebooks_clean",needs_decision,,0.12690872073294876,0.4929513415188722,0.5115,0.08556175923205016,0.3370064279155188,0.5395,0.10211475271716236,0.3655753968253968,0.6405
penalty_m0p1,needs_review,penalty_m0p1,,,outputs/htr_graph_v1/sweep_tri10k_local_ablation_gray_dist_v1_val/penalty_m0p1/summary.json,,,outputs/htr_graph_v1/sweep_tri10k_local_ablation_gray_dist_v1_val/penalty_m0p1/predictions.jsonl,6000,0.10269661009740122,0.39080459770114945,0.5633333333333334,7.76,-0.1,80,0.10333460933180214,"cyrillic_handwriting,hkr_words,school_notebooks_clean",needs_decision,,0.12697658635900916,0.4924965893587995,0.5115,0.08541483005191498,0.3370064279155188,0.5395,0.10228325890976493,0.36706349206349204,0.639
penalty_m0p2,needs_review,penalty_m0p2,,,outputs/htr_graph_v1/sweep_tri10k_local_ablation_gray_dist_v1_val/penalty_m0p2/summary.json,,,outputs/htr_graph_v1/sweep_tri10k_local_ablation_gray_dist_v1_val/penalty_m0p2/predictions.jsonl,6000,0.10267534345625452,0.3905372894947875,0.5636666666666666,7.764833333333334,-0.2,80,0.10333460933180214,"cyrillic_handwriting,hkr_words,school_notebooks_clean",needs_decision,,0.12697658635900916,0.4920418371987267,0.512,0.08541483005191498,0.3367003367003367,0.5395,0.10219900581346364,0.36706349206349204,0.6395
penalty_m0p3,needs_review,penalty_m0p3,,,outputs/htr_graph_v1/sweep_tri10k_local_ablation_gray_dist_v1_val/penalty_m0p3/summary.json,,,outputs/htr_graph_v1/sweep_tri10k_local_ablation_gray_dist_v1_val/penalty_m0p3/predictions.jsonl,6000,0.10267534345625452,0.3905372894947875,0.5638333333333333,7.768666666666666,-0.3,80,0.10333460933180214,"cyrillic_handwriting,hkr_words,school_notebooks_clean",needs_decision,,0.12677298948082796,0.49158708503865395,0.5125,0.08536585365853659,0.3367003367003367,0.54,0.1025360181986688,0.36755952380952384,0.639
penalty_m0p4,needs_review,penalty_m0p4,,,outputs/htr_graph_v1/sweep_tri10k_local_ablation_gray_dist_v1_val/penalty_m0p4/summary.json,,,outputs/htr_graph_v1/sweep_tri10k_local_ablation_gray_dist_v1_val/penalty_m0p4/predictions.jsonl,6000,0.10269661009740122,0.3905372894947875,0.564,7.773666666666666,-0.4,80,0.10333460933180214,"cyrillic_handwriting,hkr_words,school_notebooks_clean",needs_decision,,0.12684085510688836,0.49158708503865395,0.5125,0.08541483005191498,0.3373125191307009,0.5395,0.10245176510236752,0.3665674603174603,0.64
penalty_m0p5,needs_review,penalty_m0p5,,,outputs/htr_graph_v1/sweep_tri10k_local_ablation_gray_dist_v1_val/penalty_m0p5/summary.json,,,outputs/htr_graph_v1/sweep_tri10k_local_ablation_gray_dist_v1_val/penalty_m0p5/predictions.jsonl,6000,0.1028029433031347,0.39107190590751134,0.5635,7.778333333333333,-0.5,80,0.10333460933180214,"cyrillic_handwriting,hkr_words,school_notebooks_clean",needs_decision,,0.12663725822870717,0.4920418371987267,0.5125,0.08561073562542855,0.33823079277624735,0.538,0.10278877748757267,0.3665674603174603,0.64
penalty_m0p6,needs_review,penalty_m0p6,,,outputs/htr_graph_v1/sweep_tri10k_local_ablation_gray_dist_v1_val/penalty_m0p6/summary.json,,,outputs/htr_graph_v1/sweep_tri10k_local_ablation_gray_dist_v1_val/penalty_m0p6/predictions.jsonl,6000,0.10295180979116159,0.39120556001069234,0.563,7.785166666666667,-0.6,80,0.10333460933180214,"cyrillic_handwriting,hkr_words,school_notebooks_clean",needs_decision,,0.12684085510688836,0.4920418371987267,0.512,0.08570868841218533,0.33853688399142945,0.537,0.10295728368017525,0.3665674603174603,0.64
penalty_m0p7,needs_review,penalty_m0p7,,,outputs/htr_graph_v1/sweep_tri10k_local_ablation_gray_dist_v1_val/penalty_m0p7/summary.json,,,outputs/htr_graph_v1/sweep_tri10k_local_ablation_gray_dist_v1_val/penalty_m0p7/predictions.jsonl,6000,0.10305814299689507,0.39160652232023524,0.5628333333333333,7.790666666666667,-0.7,80,0.10333460933180214,"cyrillic_handwriting,hkr_words,school_notebooks_clean",needs_decision,,0.12690872073294876,0.4924965893587995,0.512,0.08595357037907729,0.3394551576369758,0.536,0.10287303058387395,0.36607142857142855,0.6405
penalty_m0p8,needs_review,penalty_m0p8,,,outputs/htr_graph_v1/sweep_tri10k_local_ablation_gray_dist_v1_val/penalty_m0p8/summary.json,,,outputs/htr_graph_v1/sweep_tri10k_local_ablation_gray_dist_v1_val/penalty_m0p8/predictions.jsonl,6000,0.10320700948492195,0.3917401764234162,0.5626666666666666,7.797166666666667,-0.8,80,0.10333460933180214,"cyrillic_handwriting,hkr_words,school_notebooks_clean",needs_decision,,0.12690872073294876,0.49158708503865395,0.512,0.08619845234596925,0.3400673400673401,0.536,0.10304153677647654,0.3665674603174603,0.64
penalty_m0p9,needs_review,penalty_m0p9,,,outputs/htr_graph_v1/sweep_tri10k_local_ablation_gray_dist_v1_val/penalty_m0p9/summary.json,,,outputs/htr_graph_v1/sweep_tri10k_local_ablation_gray_dist_v1_val/penalty_m0p9/predictions.jsonl,6000,0.10307940963804177,0.3917401764234162,0.5631666666666667,7.803166666666667,-0.9,80,0.10333460933180214,"cyrillic_handwriting,hkr_words,school_notebooks_clean",needs_decision,,0.12650152697658637,0.49022282855843563,0.5135,0.08629640513272603,0.3403734312825222,0.536,0.10287303058387395,0.36755952380952384,0.64
penalty_m1p0,needs_review,penalty_m1p0,,,outputs/htr_graph_v1/sweep_tri10k_local_ablation_gray_dist_v1_val/penalty_m1p0/summary.json,,,outputs/htr_graph_v1/sweep_tri10k_local_ablation_gray_dist_v1_val/penalty_m1p0/predictions.jsonl,6000,0.10305814299689507,0.39120556001069234,0.5636666666666666,7.807166666666666,-1.0,80,0.10333460933180214,"cyrillic_handwriting,hkr_words,school_notebooks_clean",needs_decision,,0.12656939260264677,0.4897680763983629,0.5135,0.08614947595259086,0.3397612488521579,0.537,0.10295728368017525,0.36706349206349204,0.6405
penalty_m1p1,needs_review,penalty_m1p1,,,outputs/htr_graph_v1/sweep_tri10k_local_ablation_gray_dist_v1_val/penalty_m1p1/summary.json,,,outputs/htr_graph_v1/sweep_tri10k_local_ablation_gray_dist_v1_val/penalty_m1p1/predictions.jsonl,6000,0.10301560971460168,0.39120556001069234,0.5636666666666666,7.811166666666667,-1.1,80,0.10333460933180214,"cyrillic_handwriting,hkr_words,school_notebooks_clean",needs_decision,,0.12663725822870717,0.4897680763983629,0.514,0.08610049955921247,0.3397612488521579,0.5365,0.10278877748757267,0.36706349206349204,0.6405
penalty_m1p2,needs_review,penalty_m1p2,,,outputs/htr_graph_v1/sweep_tri10k_local_ablation_gray_dist_v1_val/penalty_m1p2/summary.json,,,outputs/htr_graph_v1/sweep_tri10k_local_ablation_gray_dist_v1_val/penalty_m1p2/predictions.jsonl,6000,0.10299434307345498,0.39067094359796845,0.5641666666666667,7.814666666666667,-1.2,80,0.10333460933180214,"cyrillic_handwriting,hkr_words,school_notebooks_clean",needs_decision,,0.12670512385476757,0.48931332423829016,0.5145,0.08595357037907729,0.33853688399142945,0.538,0.10287303058387395,0.36755952380952384,0.64
penalty_0p0,needs_review,penalty_0p0,,,outputs/htr_graph_v1/sweep_tri10k_local_ablation_gray_fg_skel_dist_v1_val/penalty_0p0/summary.json,,,outputs/htr_graph_v1/sweep_tri10k_local_ablation_gray_fg_skel_dist_v1_val/penalty_0p0/predictions.jsonl,6000,0.10299434307345498,0.39240844693932103,0.5575,7.742333333333334,0.0,74,0.10452554123601718,"cyrillic_handwriting,hkr_words,school_notebooks_clean",needs_decision,,0.1290804207668816,0.4906775807185084,0.5055,0.08022333235380547,0.3265993265993266,0.5525,0.10978178448057967,0.39186507936507936,0.6145
penalty_m0p1,needs_review,penalty_m0p1,,,outputs/htr_graph_v1/sweep_tri10k_local_ablation_gray_fg_skel_dist_v1_val/penalty_m0p1/summary.json,,,outputs/htr_graph_v1/sweep_tri10k_local_ablation_gray_fg_skel_dist_v1_val/penalty_m0p1/predictions.jsonl,6000,0.1028454765854281,0.3917401764234162,0.5581666666666667,7.746833333333333,-0.1,74,0.10452554123601718,"cyrillic_handwriting,hkr_words,school_notebooks_clean",needs_decision,,0.12901255514082116,0.4897680763983629,0.506,0.08012537956704868,0.32629323538414445,0.553,0.10944477209537451,0.39087301587301587,0.6155
penalty_m0p2,needs_review,penalty_m0p2,,,outputs/htr_graph_v1/sweep_tri10k_local_ablation_gray_fg_skel_dist_v1_val/penalty_m0p2/summary.json,,,outputs/htr_graph_v1/sweep_tri10k_local_ablation_gray_fg_skel_dist_v1_val/penalty_m0p2/predictions.jsonl,6000,0.10276041002084131,0.3922747928361401,0.5575,7.753,-0.2,74,0.10452554123601718,"cyrillic_handwriting,hkr_words,school_notebooks_clean",needs_decision,,0.12880895826263997,0.49022282855843563,0.506,0.08012537956704868,0.3269054178145087,0.5515,0.10936051899907322,0.3913690476190476,0.615
penalty_m0p3,needs_review,penalty_m0p3,,,outputs/htr_graph_v1/sweep_tri10k_local_ablation_gray_fg_skel_dist_v1_val/penalty_m0p3/summary.json,,,outputs/htr_graph_v1/sweep_tri10k_local_ablation_gray_fg_skel_dist_v1_val/penalty_m0p3/predictions.jsonl,6000,0.10263281017396113,0.3917401764234162,0.5573333333333333,7.759166666666666,-0.3,74,0.10452554123601718,"cyrillic_handwriting,hkr_words,school_notebooks_clean",needs_decision,,0.12867322701051917,0.48885857207821737,0.506,0.07997845038691351,0.3265993265993266,0.551,0.10927626590277192,0.3913690476190476,0.615
penalty_m0p4,needs_review,penalty_m0p4,,,outputs/htr_graph_v1/sweep_tri10k_local_ablation_gray_fg_skel_dist_v1_val/penalty_m0p4/summary.json,,,outputs/htr_graph_v1/sweep_tri10k_local_ablation_gray_fg_skel_dist_v1_val/penalty_m0p4/predictions.jsonl,6000,0.10252647696822764,0.39107190590751134,0.5583333333333333,7.7645,-0.4,74,0.10452554123601718,"cyrillic_handwriting,hkr_words,school_notebooks_clean",needs_decision,,0.12874109263657957,0.48885857207821737,0.5065,0.07978254481339994,0.32476277930823383,0.5535,0.10910775971016935,0.39186507936507936,0.615
penalty_m0p5,needs_review,penalty_m0p5,,,outputs/htr_graph_v1/sweep_tri10k_local_ablation_gray_fg_skel_dist_v1_val/penalty_m0p5/summary.json,,,outputs/htr_graph_v1/sweep_tri10k_local_ablation_gray_fg_skel_dist_v1_val/penalty_m0p5/predictions.jsonl,6000,0.10256901025052104,0.3913392141138733,0.558,7.771833333333333,-0.5,74,0.10452554123601718,"cyrillic_handwriting,hkr_words,school_notebooks_clean",needs_decision,,0.12874109263657957,0.48885857207821737,0.506,0.07997845038691351,0.3253749617385981,0.553,0.10893925351756677,0.39186507936507936,0.615
penalty_m0p6,needs_review,penalty_m0p6,,,outputs/htr_graph_v1/sweep_tri10k_local_ablation_gray_fg_skel_dist_v1_val/penalty_m0p6/summary.json,,,outputs/htr_graph_v1/sweep_tri10k_local_ablation_gray_fg_skel_dist_v1_val/penalty_m0p6/predictions.jsonl,6000,0.10256901025052104,0.3909382518043304,0.558,7.7781666666666665,-0.6,74,0.10452554123601718,"cyrillic_handwriting,hkr_words,school_notebooks_clean",needs_decision,,0.12867322701051917,0.48840381991814463,0.5065,0.08007640317367029,0.32476277930823383,0.5525,0.10885500042126549,0.39186507936507936,0.615
penalty_m0p7,needs_review,penalty_m0p7,,,outputs/htr_graph_v1/sweep_tri10k_local_ablation_gray_fg_skel_dist_v1_val/penalty_m0p7/summary.json,,,outputs/htr_graph_v1/sweep_tri10k_local_ablation_gray_fg_skel_dist_v1_val/penalty_m0p7/predictions.jsonl,6000,0.10267534345625452,0.39147286821705424,0.5573333333333333,7.783166666666666,-0.7,74,0.10452554123601718,"cyrillic_handwriting,hkr_words,school_notebooks_clean",needs_decision,,0.12880895826263997,0.48885857207821737,0.506,0.08032128514056225,0.3253749617385981,0.5515,0.1086864942286629,0.3923611111111111,0.6145
penalty_m0p8,needs_review,penalty_m0p8,,,outputs/htr_graph_v1/sweep_tri10k_local_ablation_gray_fg_skel_dist_v1_val/penalty_m0p8/summary.json,,,outputs/htr_graph_v1/sweep_tri10k_local_ablation_gray_fg_skel_dist_v1_val/penalty_m0p8/predictions.jsonl,6000,0.10273914337969461,0.39160652232023524,0.5575,7.788,-0.8,74,0.10452554123601718,"cyrillic_handwriting,hkr_words,school_notebooks_clean",needs_decision,,0.12880895826263997,0.48885857207821737,0.5065,0.08046821432069742,0.32568105295378025,0.5515,0.1086864942286629,0.3923611111111111,0.6145
penalty_m0p9,needs_review,penalty_m0p9,,,outputs/htr_graph_v1/sweep_tri10k_local_ablation_gray_fg_skel_dist_v1_val/penalty_m0p9/summary.json,,,outputs/htr_graph_v1/sweep_tri10k_local_ablation_gray_fg_skel_dist_v1_val/penalty_m0p9/predictions.jsonl,6000,0.10278167666198801,0.3917401764234162,0.5571666666666667,7.792833333333333,-0.9,74,0.10452554123601718,"cyrillic_handwriting,hkr_words,school_notebooks_clean",needs_decision,,0.12880895826263997,0.48885857207821737,0.506,0.08051719071407581,0.32598714416896235,0.551,0.1087707473249642,0.3923611111111111,0.6145
penalty_m1p0,needs_review,penalty_m1p0,,,outputs/htr_graph_v1/sweep_tri10k_local_ablation_gray_fg_skel_dist_v1_val/penalty_m1p0/summary.json,,,outputs/htr_graph_v1/sweep_tri10k_local_ablation_gray_fg_skel_dist_v1_val/penalty_m1p0/predictions.jsonl,6000,0.1028667432265748,0.39160652232023524,0.5571666666666667,7.797166666666667,-1.0,74,0.10452554123601718,"cyrillic_handwriting,hkr_words,school_notebooks_clean",needs_decision,,0.12901255514082116,0.48885857207821737,0.506,0.08046821432069742,0.32598714416896235,0.5505,0.10893925351756677,0.39186507936507936,0.615
penalty_m1p1,needs_review,penalty_m1p1,,,outputs/htr_graph_v1/sweep_tri10k_local_ablation_gray_fg_skel_dist_v1_val/penalty_m1p1/summary.json,,,outputs/htr_graph_v1/sweep_tri10k_local_ablation_gray_fg_skel_dist_v1_val/penalty_m1p1/predictions.jsonl,6000,0.10276041002084131,0.3917401764234162,0.5571666666666667,7.801833333333334,-1.1,74,0.10452554123601718,"cyrillic_handwriting,hkr_words,school_notebooks_clean",needs_decision,,0.12887682388870036,0.48885857207821737,0.506,0.0806151435008326,0.3265993265993266,0.55,0.10843373493975904,0.3913690476190476,0.6155
penalty_m1p2,needs_review,penalty_m1p2,,,outputs/htr_graph_v1/sweep_tri10k_local_ablation_gray_fg_skel_dist_v1_val/penalty_m1p2/summary.json,,,outputs/htr_graph_v1/sweep_tri10k_local_ablation_gray_fg_skel_dist_v1_val/penalty_m1p2/predictions.jsonl,6000,0.1028454765854281,0.3913392141138733,0.5578333333333333,7.806666666666667,-1.2,74,0.10452554123601718,"cyrillic_handwriting,hkr_words,school_notebooks_clean",needs_decision,,0.1290804207668816,0.48794906775807184,0.507,0.0805661671074542,0.32598714416896235,0.5515,0.10860224113236161,0.39186507936507936,0.615
penalty_0p0,needs_review,penalty_0p0,,,outputs/htr_graph_v1/sweep_tri10k_local_ablation_gray_fg_skel_v1_val/penalty_0p0/summary.json,,,outputs/htr_graph_v1/sweep_tri10k_local_ablation_gray_fg_skel_v1_val/penalty_0p0/predictions.jsonl,6000,0.10686487176215388,0.40711039828922746,0.5443333333333333,7.730666666666667,0.0,75,0.1074816043554081,"cyrillic_handwriting,hkr_words,school_notebooks_clean",needs_decision,,0.1322701051917204,0.49749886311959984,0.4985,0.08717798021353708,0.3520048974594429,0.527,0.10919201280647063,0.3978174603174603,0.6075
penalty_m0p1,needs_review,penalty_m0p1,,,outputs/htr_graph_v1/sweep_tri10k_local_ablation_gray_fg_skel_v1_val/penalty_m0p1/summary.json,,,outputs/htr_graph_v1/sweep_tri10k_local_ablation_gray_fg_skel_v1_val/penalty_m0p1/predictions.jsonl,6000,0.10667347199183361,0.4069767441860465,0.5446666666666666,7.7363333333333335,-0.1,75,0.1074816043554081,"cyrillic_handwriting,hkr_words,school_notebooks_clean",needs_decision,,0.1319307770614184,0.4965893587994543,0.4995,0.08717798021353708,0.3529231711049893,0.526,0.10885500042126549,0.3968253968253968,0.6085
penalty_m0p2,needs_review,penalty_m0p2,,,outputs/htr_graph_v1/sweep_tri10k_local_ablation_gray_fg_skel_v1_val/penalty_m0p2/summary.json,,,outputs/htr_graph_v1/sweep_tri10k_local_ablation_gray_fg_skel_v1_val/penalty_m0p2/predictions.jsonl,6000,0.10663093870954021,0.40711039828922746,0.5445,7.740166666666667,-0.2,75,0.1074816043554081,"cyrillic_handwriting,hkr_words,school_notebooks_clean",needs_decision,,0.13220223956566,0.49749886311959984,0.499,0.08693309824664512,0.352310988674625,0.526,0.1087707473249642,0.39732142857142855,0.6085
penalty_m0p3,needs_review,penalty_m0p3,,,outputs/htr_graph_v1/sweep_tri10k_local_ablation_gray_fg_skel_v1_val/penalty_m0p3/summary.json,,,outputs/htr_graph_v1/sweep_tri10k_local_ablation_gray_fg_skel_v1_val/penalty_m0p3/predictions.jsonl,6000,0.10663093870954021,0.4061748195669607,0.5455,7.7465,-0.3,75,0.1074816043554081,"cyrillic_handwriting,hkr_words,school_notebooks_clean",needs_decision,,0.1320665083135392,0.49477035015916326,0.5015,0.08698207464002351,0.352310988674625,0.526,0.10885500042126549,0.3968253968253968,0.609
penalty_m0p4,needs_review,penalty_m0p4,,,outputs/htr_graph_v1/sweep_tri10k_local_ablation_gray_fg_skel_v1_val/penalty_m0p4/summary.json,,,outputs/htr_graph_v1/sweep_tri10k_local_ablation_gray_fg_skel_v1_val/penalty_m0p4/predictions.jsonl,6000,0.10663093870954021,0.4064421277733226,0.545,7.7515,-0.4,75,0.1074816043554081,"cyrillic_handwriting,hkr_words,school_notebooks_clean",needs_decision,,0.1323379708177808,0.4956798544793088,0.5,0.08693309824664512,0.352310988674625,0.526,0.10860224113236161,0.3968253968253968,0.609
penalty_m0p5,needs_review,penalty_m0p5,,,outputs/htr_graph_v1/sweep_tri10k_local_ablation_gray_fg_skel_v1_val/penalty_m0p5/summary.json,,,outputs/htr_graph_v1/sweep_tri10k_local_ablation_gray_fg_skel_v1_val/penalty_m0p5/predictions.jsonl,6000,0.10648207222151333,0.4060411654637797,0.5448333333333333,7.757333333333333,-0.5,75,0.1074816043554081,"cyrillic_handwriting,hkr_words,school_notebooks_clean",needs_decision,,0.13220223956566,0.4943155979990905,0.5,0.08668821627975316,0.352310988674625,0.5255,0.10860224113236161,0.3968253968253968,0.609
penalty_m0p6,needs_review,penalty_m0p6,,,outputs/htr_graph_v1/sweep_tri10k_local_ablation_gray_fg_skel_v1_val/penalty_m0p6/summary.json,,,outputs/htr_graph_v1/sweep_tri10k_local_ablation_gray_fg_skel_v1_val/penalty_m0p6/predictions.jsonl,6000,0.10635447237463315,0.4061748195669607,0.5446666666666666,7.7625,-0.6,75,0.1074816043554081,"cyrillic_handwriting,hkr_words,school_notebooks_clean",needs_decision,,0.1319307770614184,0.49386084583901774,0.5005,0.08639435791948281,0.3520048974594429,0.526,0.10893925351756677,0.39831349206349204,0.6075
penalty_m0p7,needs_review,penalty_m0p7,,,outputs/htr_graph_v1/sweep_tri10k_local_ablation_gray_fg_skel_v1_val/penalty_m0p7/summary.json,,,outputs/htr_graph_v1/sweep_tri10k_local_ablation_gray_fg_skel_v1_val/penalty_m0p7/predictions.jsonl,6000,0.10648207222151333,0.40724405239240846,0.544,7.767666666666667,-0.7,75,0.1074816043554081,"cyrillic_handwriting,hkr_words,school_notebooks_clean",needs_decision,,0.13220223956566,0.4943155979990905,0.5,0.0864433343128612,0.35353535353535354,0.525,0.10902350661386806,0.3993055555555556,0.607
penalty_m0p8,needs_review,penalty_m0p8,,,outputs/htr_graph_v1/sweep_tri10k_local_ablation_gray_fg_skel_v1_val/penalty_m0p8/summary.json,,,outputs/htr_graph_v1/sweep_tri10k_local_ablation_gray_fg_skel_v1_val/penalty_m0p8/predictions.jsonl,6000,0.10637573901577985,0.40684309008286557,0.5443333333333333,7.772666666666667,-0.8,75,0.1074816043554081,"cyrillic_handwriting,hkr_words,school_notebooks_clean",needs_decision,,0.1319986426874788,0.4943155979990905,0.5,0.0864433343128612,0.3529231711049893,0.5255,0.10885500042126549,0.39880952380952384,0.6075
penalty_m0p9,needs_review,penalty_m0p9,,,outputs/htr_graph_v1/sweep_tri10k_local_ablation_gray_fg_skel_v1_val/penalty_m0p9/summary.json,,,outputs/htr_graph_v1/sweep_tri10k_local_ablation_gray_fg_skel_v1_val/penalty_m0p9/predictions.jsonl,6000,0.10635447237463315,0.4061748195669607,0.5451666666666667,7.778333333333333,-0.9,75,0.1074816043554081,"cyrillic_handwriting,hkr_words,school_notebooks_clean",needs_decision,,0.1319307770614184,0.4924965893587995,0.502,0.0864433343128612,0.3529231711049893,0.5255,0.10885500042126549,0.39831349206349204,0.608
penalty_m1p0,needs_review,penalty_m1p0,,,outputs/htr_graph_v1/sweep_tri10k_local_ablation_gray_fg_skel_v1_val/penalty_m1p0/summary.json,,,outputs/htr_graph_v1/sweep_tri10k_local_ablation_gray_fg_skel_v1_val/penalty_m1p0/predictions.jsonl,6000,0.10654587214495342,0.40630847367014167,0.5451666666666667,7.783333333333333,-1.0,75,0.1074816043554081,"cyrillic_handwriting,hkr_words,school_notebooks_clean",needs_decision,,0.1319307770614184,0.4924965893587995,0.5025,0.0864923107062396,0.3529231711049893,0.5255,0.10952902519167579,0.39880952380952384,0.6075
penalty_m1p1,needs_review,penalty_m1p1,,,outputs/htr_graph_v1/sweep_tri10k_local_ablation_gray_fg_skel_v1_val/penalty_m1p1/summary.json,,,outputs/htr_graph_v1/sweep_tri10k_local_ablation_gray_fg_skel_v1_val/penalty_m1p1/predictions.jsonl,6000,0.10643953893921994,0.4060411654637797,0.5453333333333333,7.788833333333334,-1.1,75,0.1074816043554081,"cyrillic_handwriting,hkr_words,school_notebooks_clean",needs_decision,,0.1317950458092976,0.4924965893587995,0.5025,0.08639435791948281,0.3529231711049893,0.525,0.10944477209537451,0.3978174603174603,0.6085
penalty_m1p2,needs_review,penalty_m1p2,,,outputs/htr_graph_v1/sweep_tri10k_local_ablation_gray_fg_skel_v1_val/penalty_m1p2/summary.json,,,outputs/htr_graph_v1/sweep_tri10k_local_ablation_gray_fg_skel_v1_val/penalty_m1p2/predictions.jsonl,6000,0.10654587214495342,0.40630847367014167,0.5451666666666667,7.795,-1.2,75,0.1074816043554081,"cyrillic_handwriting,hkr_words,school_notebooks_clean",needs_decision,,0.13220223956566,0.49386084583901774,0.502,0.08639435791948281,0.3526170798898072,0.525,0.10936051899907322,0.3978174603174603,0.6085
penalty_0p0,needs_review,penalty_0p0,,,outputs/htr_graph_v1/sweep_tri10k_local_ablation_gray_fg_v1_val/penalty_0p0/summary.json,,,outputs/htr_graph_v1/sweep_tri10k_local_ablation_gray_fg_v1_val/penalty_0p0/predictions.jsonl,6000,0.10801327038407554,0.39962576851109327,0.5506666666666666,7.714333333333333,0.0,58,0.10839606992471609,"cyrillic_handwriting,hkr_words,school_notebooks_clean",needs_decision,,0.1351204614862572,0.49977262391996363,0.5,0.08619845234596925,0.3376186103458831,0.537,0.11188811188811189,0.39087301587301587,0.615
penalty_m0p1,needs_review,penalty_m0p1,,,outputs/htr_graph_v1/sweep_tri10k_local_ablation_gray_fg_v1_val/penalty_m0p1/summary.json,,,outputs/htr_graph_v1/sweep_tri10k_local_ablation_gray_fg_v1_val/penalty_m0p1/predictions.jsonl,6000,0.10788567053719536,0.39855653568564553,0.5516666666666666,7.72,-0.1,58,0.10839606992471609,"cyrillic_handwriting,hkr_words,school_notebooks_clean",needs_decision,,0.1351204614862572,0.4979536152796726,0.501,0.08614947595259086,0.3376186103458831,0.537,0.11146684640660544,0.3888888888888889,0.617
penalty_m0p2,needs_review,penalty_m0p2,,,outputs/htr_graph_v1/sweep_tri10k_local_ablation_gray_fg_v1_val/penalty_m0p2/summary.json,,,outputs/htr_graph_v1/sweep_tri10k_local_ablation_gray_fg_v1_val/penalty_m0p2/predictions.jsonl,6000,0.10775807069031518,0.39855653568564553,0.5518333333333333,7.725666666666666,-0.2,58,0.10839606992471609,"cyrillic_handwriting,hkr_words,school_notebooks_clean",needs_decision,,0.1351204614862572,0.4979536152796726,0.501,0.08595357037907729,0.3376186103458831,0.537,0.11129834021400287,0.3888888888888889,0.6175
penalty_m0p3,needs_review,penalty_m0p3,,,outputs/htr_graph_v1/sweep_tri10k_local_ablation_gray_fg_v1_val/penalty_m0p3/summary.json,,,outputs/htr_graph_v1/sweep_tri10k_local_ablation_gray_fg_v1_val/penalty_m0p3/predictions.jsonl,6000,0.1076092042022883,0.3984228815824646,0.552,7.730333333333333,-0.3,58,0.10839606992471609,"cyrillic_handwriting,hkr_words,school_notebooks_clean",needs_decision,,0.1349847302341364,0.4979536152796726,0.501,0.08575766480556372,0.3376186103458831,0.537,0.11121408711770157,0.38839285714285715,0.618
penalty_m0p4,needs_review,penalty_m0p4,,,outputs/htr_graph_v1/sweep_tri10k_local_ablation_gray_fg_v1_val/penalty_m0p4/summary.json,,,outputs/htr_graph_v1/sweep_tri10k_local_ablation_gray_fg_v1_val/penalty_m0p4/predictions.jsonl,6000,0.1075666709199949,0.3980219192729217,0.5525,7.7345,-0.4,58,0.10839606992471609,"cyrillic_handwriting,hkr_words,school_notebooks_clean",needs_decision,,0.1350525958601968,0.4984083674397453,0.5005,0.08585561759232051,0.3373125191307009,0.5375,0.11079282163619512,0.3869047619047619,0.6195
penalty_m0p5,needs_review,penalty_m0p5,,,outputs/htr_graph_v1/sweep_tri10k_local_ablation_gray_fg_v1_val/penalty_m0p5/summary.json,,,outputs/htr_graph_v1/sweep_tri10k_local_ablation_gray_fg_v1_val/penalty_m0p5/predictions.jsonl,6000,0.10737527114967461,0.3970863405506549,0.5531666666666667,7.7395,-0.5,58,0.10839606992471609,"cyrillic_handwriting,hkr_words,school_notebooks_clean",needs_decision,,0.134916864608076,0.49704411095952705,0.5015,0.08565971201880694,0.33608815426997246,0.5385,0.11054006234729126,0.3869047619047619,0.6195
penalty_m0p6,needs_review,penalty_m0p6,,,outputs/htr_graph_v1/sweep_tri10k_local_ablation_gray_fg_v1_val/penalty_m0p6/summary.json,,,outputs/htr_graph_v1/sweep_tri10k_local_ablation_gray_fg_v1_val/penalty_m0p6/predictions.jsonl,6000,0.10718387137935434,0.39655172413793105,0.5533333333333333,7.746,-0.6,58,0.10839606992471609,"cyrillic_handwriting,hkr_words,school_notebooks_clean",needs_decision,,0.1347811333559552,0.49704411095952705,0.5005,0.08536585365853659,0.33455769819406184,0.5405,0.11045580925098998,0.38740079365079366,0.619
penalty_m0p7,needs_review,penalty_m0p7,,,outputs/htr_graph_v1/sweep_tri10k_local_ablation_gray_fg_v1_val/penalty_m0p7/summary.json,,,outputs/htr_graph_v1/sweep_tri10k_local_ablation_gray_fg_v1_val/penalty_m0p7/predictions.jsonl,6000,0.10709880481476755,0.39641807003475005,0.5536666666666666,7.751666666666667,-0.7,58,0.10839606992471609,"cyrillic_handwriting,hkr_words,school_notebooks_clean",needs_decision,,0.134577536477774,0.49704411095952705,0.5005,0.08526790087177981,0.3342516069788797,0.5415,0.11054006234729126,0.38740079365079366,0.619
penalty_m0p8,needs_review,penalty_m0p8,,,outputs/htr_graph_v1/sweep_tri10k_local_ablation_gray_fg_v1_val/penalty_m0p8/summary.json,,,outputs/htr_graph_v1/sweep_tri10k_local_ablation_gray_fg_v1_val/penalty_m0p8/predictions.jsonl,6000,0.10699247160903406,0.39655172413793105,0.5536666666666666,7.757333333333333,-0.8,58,0.10839606992471609,"cyrillic_handwriting,hkr_words,school_notebooks_clean",needs_decision,,0.1346454021038344,0.4979536152796726,0.4995,0.08512097169164463,0.3342516069788797,0.542,0.1102873030583874,0.3869047619047619,0.6195
penalty_m0p9,needs_review,penalty_m0p9,,,outputs/htr_graph_v1/sweep_tri10k_local_ablation_gray_fg_v1_val/penalty_m0p9/summary.json,,,outputs/htr_graph_v1/sweep_tri10k_local_ablation_gray_fg_v1_val/penalty_m0p9/predictions.jsonl,6000,0.10692867168559397,0.39615076182838815,0.554,7.763166666666667,-0.9,58,0.10839606992471609,"cyrillic_handwriting,hkr_words,school_notebooks_clean",needs_decision,,0.1347811333559552,0.49749886311959984,0.5,0.08502301890488785,0.3339455157636976,0.542,0.11003454376948353,0.3864087301587302,0.62
penalty_m1p0,needs_review,penalty_m1p0,,,outputs/htr_graph_v1/sweep_tri10k_local_ablation_gray_fg_v1_val/penalty_m1p0/summary.json,,,outputs/htr_graph_v1/sweep_tri10k_local_ablation_gray_fg_v1_val/penalty_m1p0/predictions.jsonl,6000,0.10686487176215388,0.39561614541566426,0.5541666666666667,7.769,-1.0,58,0.10839606992471609,"cyrillic_handwriting,hkr_words,school_notebooks_clean",needs_decision,,0.1347811333559552,0.49749886311959984,0.5,0.08502301890488785,0.3327211509029691,0.5425,0.10978178448057967,0.3864087301587302,0.62
penalty_m1p1,needs_review,penalty_m1p1,,,outputs/htr_graph_v1/sweep_tri10k_local_ablation_gray_fg_v1_val/penalty_m1p1/summary.json,,,outputs/htr_graph_v1/sweep_tri10k_local_ablation_gray_fg_v1_val/penalty_m1p1/predictions.jsonl,6000,0.10686487176215388,0.3954824913124833,0.5543333333333333,7.775833333333333,-1.1,58,0.10839606992471609,"cyrillic_handwriting,hkr_words,school_notebooks_clean",needs_decision,,0.134916864608076,0.49704411095952705,0.5005,0.08477813693799588,0.33210896847260485,0.543,0.11003454376948353,0.38740079365079366,0.6195
penalty_m1p2,needs_review,penalty_m1p2,,,outputs/htr_graph_v1/sweep_tri10k_local_ablation_gray_fg_v1_val/penalty_m1p2/summary.json,,,outputs/htr_graph_v1/sweep_tri10k_local_ablation_gray_fg_v1_val/penalty_m1p2/predictions.jsonl,6000,0.1067585385564204,0.39427960438385456,0.5556666666666666,7.7796666666666665,-1.2,58,0.10839606992471609,"cyrillic_handwriting,hkr_words,school_notebooks_clean",needs_decision,,0.1349847302341364,0.4961346066393815,0.501,0.0846312077578607,0.3308846036118763,0.545,0.10978178448057967,0.38591269841269843,0.621
penalty_0p0,needs_review,penalty_0p0,,,outputs/htr_graph_v1/sweep_tri10k_local_ablation_gray_skel_v1_val/penalty_0p0/summary.json,,,outputs/htr_graph_v1/sweep_tri10k_local_ablation_gray_skel_v1_val/penalty_0p0/predictions.jsonl,6000,0.106014206116286,0.4041700080192462,0.5466666666666666,7.7123333333333335,0.0,71,0.10680107183871379,"cyrillic_handwriting,hkr_words,school_notebooks_clean",needs_decision,,0.130844927044452,0.4906775807185084,0.5065,0.08663923988637477,0.3526170798898072,0.5175,0.10851798803606033,0.3933531746031746,0.616
penalty_m0p1,needs_review,penalty_m0p1,,,outputs/htr_graph_v1/sweep_tri10k_local_ablation_gray_skel_v1_val/penalty_m0p1/summary.json,,,outputs/htr_graph_v1/sweep_tri10k_local_ablation_gray_skel_v1_val/penalty_m0p1/predictions.jsonl,6000,0.1059929394751393,0.40363539160652234,0.547,7.718,-0.1,71,0.10680107183871379,"cyrillic_handwriting,hkr_words,school_notebooks_clean",needs_decision,,0.130844927044452,0.4906775807185084,0.5055,0.08673719267313156,0.352310988674625,0.518,0.10826522874715645,0.39186507936507936,0.6175
penalty_m0p2,needs_review,penalty_m0p2,,,outputs/htr_graph_v1/sweep_tri10k_local_ablation_gray_skel_v1_val/penalty_m0p2/summary.json,,,outputs/htr_graph_v1/sweep_tri10k_local_ablation_gray_skel_v1_val/penalty_m0p2/predictions.jsonl,6000,0.10590787291055251,0.4024325046778936,0.5478333333333333,7.723166666666667,-0.2,71,0.10680107183871379,"cyrillic_handwriting,hkr_words,school_notebooks_clean",needs_decision,,0.13077706141839157,0.48931332423829016,0.5065,0.08668821627975316,0.35139271502907865,0.518,0.10809672255455388,0.39037698412698413,0.619
penalty_m0p3,needs_review,penalty_m0p3,,,outputs/htr_graph_v1/sweep_tri10k_local_ablation_gray_skel_v1_val/penalty_m0p3/summary.json,,,outputs/htr_graph_v1/sweep_tri10k_local_ablation_gray_skel_v1_val/penalty_m0p3/predictions.jsonl,6000,0.10582280634596572,0.40269981288425555,0.5478333333333333,7.728666666666666,-0.3,71,0.10680107183871379,"cyrillic_handwriting,hkr_words,school_notebooks_clean",needs_decision,,0.13064133016627077,0.49022282855843563,0.5065,0.08659026349299638,0.35139271502907865,0.518,0.10809672255455388,0.39037698412698413,0.619
penalty_m0p4,needs_review,penalty_m0p4,,,outputs/htr_graph_v1/sweep_tri10k_local_ablation_gray_skel_v1_val/penalty_m0p4/summary.json,,,outputs/htr_graph_v1/sweep_tri10k_local_ablation_gray_skel_v1_val/penalty_m0p4/predictions.jsonl,6000,0.10578027306367233,0.4028334669874365,0.5476666666666666,7.734333333333334,-0.4,71,0.10680107183871379,"cyrillic_handwriting,hkr_words,school_notebooks_clean",needs_decision,,0.13050559891414998,0.48931332423829016,0.5075,0.08663923988637477,0.3520048974594429,0.517,0.10801246945825259,0.39087301587301587,0.6185
penalty_m0p5,needs_review,penalty_m0p5,,,outputs/htr_graph_v1/sweep_tri10k_local_ablation_gray_skel_v1_val/penalty_m0p5/summary.json,,,outputs/htr_graph_v1/sweep_tri10k_local_ablation_gray_skel_v1_val/penalty_m0p5/predictions.jsonl,6000,0.10567393985793884,0.40229885057471265,0.5483333333333333,7.739833333333333,-0.5,71,0.10680107183871379,"cyrillic_handwriting,hkr_words,school_notebooks_clean",needs_decision,,0.13036986766202918,0.48885857207821737,0.508,0.08659026349299638,0.35139271502907865,0.518,0.10784396326565002,0.39037698412698413,0.619
penalty_m0p6,needs_review,penalty_m0p6,,,outputs/htr_graph_v1/sweep_tri10k_local_ablation_gray_skel_v1_val/penalty_m0p6/summary.json,,,outputs/htr_graph_v1/sweep_tri10k_local_ablation_gray_skel_v1_val/penalty_m0p6/predictions.jsonl,6000,0.10586533962825911,0.40350173750334134,0.5473333333333333,7.745166666666667,-0.6,71,0.10680107183871379,"cyrillic_handwriting,hkr_words,school_notebooks_clean",needs_decision,,0.13064133016627077,0.4906775807185084,0.5065,0.08678616906650995,0.3520048974594429,0.5175,0.1079282163619513,0.39186507936507936,0.618
penalty_m0p7,needs_review,penalty_m0p7,,,outputs/htr_graph_v1/sweep_tri10k_local_ablation_gray_skel_v1_val/penalty_m0p7/summary.json,,,outputs/htr_graph_v1/sweep_tri10k_local_ablation_gray_skel_v1_val/penalty_m0p7/predictions.jsonl,6000,0.10582280634596572,0.40363539160652234,0.5473333333333333,7.751,-0.7,71,0.10680107183871379,"cyrillic_handwriting,hkr_words,school_notebooks_clean",needs_decision,,0.13064133016627077,0.4906775807185084,0.5065,0.08673719267313156,0.3526170798898072,0.517,0.10784396326565002,0.3913690476190476,0.6185
penalty_m0p8,needs_review,penalty_m0p8,,,outputs/htr_graph_v1/sweep_tri10k_local_ablation_gray_skel_v1_val/penalty_m0p8/summary.json,,,outputs/htr_graph_v1/sweep_tri10k_local_ablation_gray_skel_v1_val/penalty_m0p8/predictions.jsonl,6000,0.10571647314023223,0.4024325046778936,0.5485,7.7571666666666665,-0.8,71,0.10680107183871379,"cyrillic_handwriting,hkr_words,school_notebooks_clean",needs_decision,,0.13050559891414998,0.4874943155979991,0.509,0.08668821627975316,0.352310988674625,0.5175,0.10767545707304743,0.39087301587301587,0.619
penalty_m0p9,needs_review,penalty_m0p9,,,outputs/htr_graph_v1/sweep_tri10k_local_ablation_gray_skel_v1_val/penalty_m0p9/summary.json,,,outputs/htr_graph_v1/sweep_tri10k_local_ablation_gray_skel_v1_val/penalty_m0p9/predictions.jsonl,6000,0.10565267321679214,0.40269981288425555,0.5483333333333333,7.762166666666666,-0.9,71,0.10680107183871379,"cyrillic_handwriting,hkr_words,school_notebooks_clean",needs_decision,,0.13057346454021038,0.48885857207821737,0.5075,0.08659026349299638,0.3520048974594429,0.5185,0.10750695088044486,0.39087301587301587,0.619
penalty_m1p0,needs_review,penalty_m1p0,,,outputs/htr_graph_v1/sweep_tri10k_local_ablation_gray_skel_v1_val/penalty_m1p0/summary.json,,,outputs/htr_graph_v1/sweep_tri10k_local_ablation_gray_skel_v1_val/penalty_m1p0/predictions.jsonl,6000,0.10554634001105866,0.40216519647153165,0.5488333333333333,7.767,-1.0,71,0.10680107183871379,"cyrillic_handwriting,hkr_words,school_notebooks_clean",needs_decision,,0.13070919579233117,0.48931332423829016,0.5075,0.08624742873934764,0.3504744413835323,0.52,0.10750695088044486,0.39087301587301587,0.619
penalty_m1p1,needs_review,penalty_m1p1,,,outputs/htr_graph_v1/sweep_tri10k_local_ablation_gray_skel_v1_val/penalty_m1p1/summary.json,,,outputs/htr_graph_v1/sweep_tri10k_local_ablation_gray_skel_v1_val/penalty_m1p1/predictions.jsonl,6000,0.10552507336991196,0.40189788826516976,0.5493333333333333,7.769833333333334,-1.1,71,0.10680107183871379,"cyrillic_handwriting,hkr_words,school_notebooks_clean",needs_decision,,0.130844927044452,0.49022282855843563,0.507,0.08610049955921247,0.3492500765228038,0.522,0.10750695088044486,0.39087301587301587,0.619
penalty_m1p2,needs_review,penalty_m1p2,,,outputs/htr_graph_v1/sweep_tri10k_local_ablation_gray_skel_v1_val/penalty_m1p2/summary.json,,,outputs/htr_graph_v1/sweep_tri10k_local_ablation_gray_skel_v1_val/penalty_m1p2/predictions.jsonl,6000,0.10537620688188508,0.4010959636460839,0.5498333333333333,7.776,-1.2,71,0.10680107183871379,"cyrillic_handwriting,hkr_words,school_notebooks_clean",needs_decision,,0.13070919579233117,0.48931332423829016,0.5075,0.0859045939856989,0.3483318028772574,0.5225,0.10742269778414357,0.39037698412698413,0.6195
penalty_0p0,needs_review,penalty_0p0,,,outputs/htr_graph_v1/sweep_tri10k_local_ablation_gray_v1_val/penalty_0p0/summary.json,,,outputs/htr_graph_v1/sweep_tri10k_local_ablation_gray_v1_val/penalty_0p0/predictions.jsonl,6000,0.10273914337969461,0.384255546645282,0.5663333333333334,7.7625,0.0,75,0.10403640848964314,"cyrillic_handwriting,hkr_words,school_notebooks_clean",needs_decision,,0.12650152697658637,0.4702137335152342,0.5225,0.0846312077578607,0.3376186103458831,0.5375,0.10438958631729717,0.36607142857142855,0.639
penalty_m0p1,needs_review,penalty_m0p1,,,outputs/htr_graph_v1/sweep_tri10k_local_ablation_gray_v1_val/penalty_m0p1/summary.json,,,outputs/htr_graph_v1/sweep_tri10k_local_ablation_gray_v1_val/penalty_m0p1/predictions.jsonl,6000,0.10256901025052104,0.38412189254210105,0.5665,7.769,-0.1,75,0.10403640848964314,"cyrillic_handwriting,hkr_words,school_notebooks_clean",needs_decision,,0.12629793009840515,0.4693042291950887,0.5235,0.08433734939759036,0.3373125191307009,0.538,0.10447383941359845,0.36706349206349204,0.638
penalty_m0p2,needs_review,penalty_m0p2,,,outputs/htr_graph_v1/sweep_tri10k_local_ablation_gray_v1_val/penalty_m0p2/summary.json,,,outputs/htr_graph_v1/sweep_tri10k_local_ablation_gray_v1_val/penalty_m0p2/predictions.jsonl,6000,0.10254774360937434,0.38372093023255816,0.5665,7.774,-0.2,75,0.10403640848964314,"cyrillic_handwriting,hkr_words,school_notebooks_clean",needs_decision,,0.12650152697658637,0.4697589813551614,0.522,0.08414144382407679,0.33608815426997246,0.5395,0.10447383941359845,0.36706349206349204,0.638
penalty_m0p3,needs_review,penalty_m0p3,,,outputs/htr_graph_v1/sweep_tri10k_local_ablation_gray_v1_val/penalty_m0p3/summary.json,,,outputs/htr_graph_v1/sweep_tri10k_local_ablation_gray_v1_val/penalty_m0p3/predictions.jsonl,6000,0.10265407681510783,0.38398823843892005,0.5663333333333334,7.780166666666666,-0.3,75,0.10403640848964314,"cyrillic_handwriting,hkr_words,school_notebooks_clean",needs_decision,,0.12677298948082796,0.4697589813551614,0.522,0.08428837300421196,0.3357820630547903,0.54,0.10430533322099587,0.3685515873015873,0.637
penalty_m0p4,needs_review,penalty_m0p4,,,outputs/htr_graph_v1/sweep_tri10k_local_ablation_gray_v1_val/penalty_m0p4/summary.json,,,outputs/htr_graph_v1/sweep_tri10k_local_ablation_gray_v1_val/penalty_m0p4/predictions.jsonl,6000,0.10267534345625452,0.3834536220261962,0.5668333333333333,7.783666666666667,-0.4,75,0.10403640848964314,"cyrillic_handwriting,hkr_words,school_notebooks_clean",needs_decision,,0.12690872073294876,0.4697589813551614,0.5225,0.08419042021745518,0.3342516069788797,0.5415,0.10438958631729717,0.36904761904761907,0.6365
penalty_m0p5,needs_review,penalty_m0p5,,,outputs/htr_graph_v1/sweep_tri10k_local_ablation_gray_v1_val/penalty_m0p5/summary.json,,,outputs/htr_graph_v1/sweep_tri10k_local_ablation_gray_v1_val/penalty_m0p5/predictions.jsonl,6000,0.1028029433031347,0.384255546645282,0.5665,7.790166666666667,-0.5,75,0.10403640848964314,"cyrillic_handwriting,hkr_words,school_notebooks_clean",needs_decision,,0.12711231761112995,0.4697589813551614,0.5235,0.08419042021745518,0.33486378940924394,0.541,0.10464234560620103,0.37103174603174605,0.635
penalty_m0p6,needs_review,penalty_m0p6,,,outputs/htr_graph_v1/sweep_tri10k_local_ablation_gray_v1_val/penalty_m0p6/summary.json,,,outputs/htr_graph_v1/sweep_tri10k_local_ablation_gray_v1_val/penalty_m0p6/predictions.jsonl,6000,0.1028667432265748,0.38452285485164395,0.5665,7.795,-0.6,75,0.10403640848964314,"cyrillic_handwriting,hkr_words,school_notebooks_clean",needs_decision,,0.12718018323719035,0.4697589813551614,0.5235,0.08428837300421196,0.3357820630547903,0.5405,0.10464234560620103,0.3705357142857143,0.6355
penalty_m0p7,needs_review,penalty_m0p7,,,outputs/htr_graph_v1/sweep_tri10k_local_ablation_gray_v1_val/penalty_m0p7/summary.json,,,outputs/htr_graph_v1/sweep_tri10k_local_ablation_gray_v1_val/penalty_m0p7/predictions.jsonl,6000,0.10293054315001489,0.3847901630580059,0.5661666666666667,7.799166666666666,-0.7,75,0.10403640848964314,"cyrillic_handwriting,hkr_words,school_notebooks_clean",needs_decision,,0.12724804886325075,0.4702137335152342,0.523,0.08423939661083357,0.3357820630547903,0.5405,0.1048951048951049,0.37103174603174605,0.635
penalty_m0p8,needs_review,penalty_m0p8,,,outputs/htr_graph_v1/sweep_tri10k_local_ablation_gray_v1_val/penalty_m0p8/summary.json,,,outputs/htr_graph_v1/sweep_tri10k_local_ablation_gray_v1_val/penalty_m0p8/predictions.jsonl,6000,0.10297307643230828,0.3859930499866346,0.5648333333333333,7.804666666666667,-0.8,75,0.10403640848964314,"cyrillic_handwriting,hkr_words,school_notebooks_clean",needs_decision,,0.12751951136749237,0.4715779899954525,0.5215,0.08423939661083357,0.3376186103458831,0.538,0.10472659870250231,0.37103174603174605,0.635
penalty_m0p9,needs_review,penalty_m0p9,,,outputs/htr_graph_v1/sweep_tri10k_local_ablation_gray_v1_val/penalty_m0p9/summary.json,,,outputs/htr_graph_v1/sweep_tri10k_local_ablation_gray_v1_val/penalty_m0p9/predictions.jsonl,6000,0.10297307643230828,0.38626035819299653,0.5645,7.808666666666666,-0.9,75,0.10403640848964314,"cyrillic_handwriting,hkr_words,school_notebooks_clean",needs_decision,,0.12758737699355277,0.472487494315598,0.5205,0.08419042021745518,0.3376186103458831,0.538,0.10472659870250231,0.37103174603174605,0.635
penalty_m1p0,needs_review,penalty_m1p0,,,outputs/htr_graph_v1/sweep_tri10k_local_ablation_gray_v1_val/penalty_m1p0/summary.json,,,outputs/htr_graph_v1/sweep_tri10k_local_ablation_gray_v1_val/penalty_m1p0/predictions.jsonl,6000,0.10307940963804177,0.3867949746057204,0.5641666666666667,7.812,-1.0,75,0.10403640848964314,"cyrillic_handwriting,hkr_words,school_notebooks_clean",needs_decision,,0.12813030200203596,0.47430650295588905,0.519,0.08419042021745518,0.33823079277624735,0.5375,0.10447383941359845,0.37003968253968256,0.636
penalty_m1p1,needs_review,penalty_m1p1,,,outputs/htr_graph_v1/sweep_tri10k_local_ablation_gray_v1_val/penalty_m1p1/summary.json,,,outputs/htr_graph_v1/sweep_tri10k_local_ablation_gray_v1_val/penalty_m1p1/predictions.jsonl,6000,0.10322827612606865,0.3867949746057204,0.5643333333333334,7.817833333333334,-1.1,75,0.10403640848964314,"cyrillic_handwriting,hkr_words,school_notebooks_clean",needs_decision,,0.12833389888021718,0.47385175079581626,0.519,0.08433734939759036,0.33853688399142945,0.538,0.10455809250989974,0.37003968253968256,0.636
penalty_m1p2,needs_review,penalty_m1p2,,,outputs/htr_graph_v1/sweep_tri10k_local_ablation_gray_v1_val/penalty_m1p2/summary.json,,,outputs/htr_graph_v1/sweep_tri10k_local_ablation_gray_v1_val/penalty_m1p2/predictions.jsonl,6000,0.10348347581982902,0.3871959369152633,0.564,7.821166666666667,-1.2,75,0.10403640848964314,"cyrillic_handwriting,hkr_words,school_notebooks_clean",needs_decision,,0.12853749575839837,0.47385175079581626,0.5195,0.08443530218434714,0.33884297520661155,0.5375,0.10514786418400876,0.37103174603174605,0.635
penalty_0p0,needs_review,penalty_0p0,,,outputs/htr_graph_v1/sweep_tri10k_local_channels_v1_val/penalty_0p0/summary.json,,,outputs/htr_graph_v1/sweep_tri10k_local_channels_v1_val/penalty_0p0/predictions.jsonl,6000,0.1028242099442814,0.38585939588345364,0.568,7.763333333333334,0.0,76,0.1036110756667092,"cyrillic_handwriting,hkr_words,school_notebooks_clean",needs_decision,,0.12595860196810316,0.47430650295588905,0.5195,0.0846312077578607,0.3327211509029691,0.5525,0.10540062347291262,0.37549603174603174,0.632
penalty_m0p1,needs_review,penalty_m0p1,,,outputs/htr_graph_v1/sweep_tri10k_local_channels_v1_val/penalty_m0p1/summary.json,,,outputs/htr_graph_v1/sweep_tri10k_local_channels_v1_val/penalty_m0p1/predictions.jsonl,6000,0.10278167666198801,0.38612670408981553,0.5673333333333334,7.767166666666666,-0.1,76,0.1036110756667092,"cyrillic_handwriting,hkr_words,school_notebooks_clean",needs_decision,,0.12582287071598236,0.47385175079581626,0.5195,0.0846801841512391,0.3336394245485155,0.5505,0.10531637037661135,0.37549603174603174,0.632
penalty_m0p2,needs_review,penalty_m0p2,,,outputs/htr_graph_v1/sweep_tri10k_local_channels_v1_val/penalty_m0p2/summary.json,,,outputs/htr_graph_v1/sweep_tri10k_local_channels_v1_val/penalty_m0p2/predictions.jsonl,6000,0.10293054315001489,0.3870622828120823,0.5665,7.771166666666667,-0.2,76,0.1036110756667092,"cyrillic_handwriting,hkr_words,school_notebooks_clean",needs_decision,,0.12609433322022395,0.4752160072760346,0.518,0.0846801841512391,0.3342516069788797,0.5505,0.10556912966551521,0.37648809523809523,0.631
penalty_m0p3,needs_review,penalty_m0p3,,,outputs/htr_graph_v1/sweep_tri10k_local_channels_v1_val/penalty_m0p3/summary.json,,,outputs/htr_graph_v1/sweep_tri10k_local_channels_v1_val/penalty_m0p3/predictions.jsonl,6000,0.1028454765854281,0.3870622828120823,0.5665,7.775166666666666,-0.3,76,0.1036110756667092,"cyrillic_handwriting,hkr_words,school_notebooks_clean",needs_decision,,0.12609433322022395,0.4752160072760346,0.518,0.08453325497110392,0.3342516069788797,0.5505,0.10548487656921392,0.37648809523809523,0.631
penalty_m0p4,needs_review,penalty_m0p4,,,outputs/htr_graph_v1/sweep_tri10k_local_channels_v1_val/penalty_m0p4/summary.json,,,outputs/htr_graph_v1/sweep_tri10k_local_channels_v1_val/penalty_m0p4/predictions.jsonl,6000,0.10259027689166773,0.3873295910184443,0.5661666666666667,7.780833333333334,-0.4,76,0.1036110756667092,"cyrillic_handwriting,hkr_words,school_notebooks_clean",needs_decision,,0.12582287071598236,0.4747612551159618,0.5185,0.08423939661083357,0.3342516069788797,0.55,0.10531637037661135,0.37797619047619047,0.63
penalty_m0p5,needs_review,penalty_m0p5,,,outputs/htr_graph_v1/sweep_tri10k_local_channels_v1_val/penalty_m0p5/summary.json,,,outputs/htr_graph_v1/sweep_tri10k_local_channels_v1_val/penalty_m0p5/predictions.jsonl,6000,0.10250521032708095,0.3867949746057204,0.5666666666666667,7.7865,-0.5,76,0.1036110756667092,"cyrillic_handwriting,hkr_words,school_notebooks_clean",needs_decision,,0.12582287071598236,0.4733969986357435,0.5205,0.08419042021745518,0.3339455157636976,0.5495,0.10506361108770747,0.37797619047619047,0.63
penalty_m0p6,needs_review,penalty_m0p6,,,outputs/htr_graph_v1/sweep_tri10k_local_channels_v1_val/penalty_m0p6/summary.json,,,outputs/htr_graph_v1/sweep_tri10k_local_channels_v1_val/penalty_m0p6/predictions.jsonl,6000,0.10261154353281443,0.3875968992248062,0.566,7.791833333333333,-0.6,76,0.1036110756667092,"cyrillic_handwriting,hkr_words,school_notebooks_clean",needs_decision,,0.12595860196810316,0.47430650295588905,0.52,0.08419042021745518,0.33455769819406184,0.549,0.10531637037661135,0.37896825396825395,0.629
penalty_m0p7,needs_review,penalty_m0p7,,,outputs/htr_graph_v1/sweep_tri10k_local_channels_v1_val/penalty_m0p7/summary.json,,,outputs/htr_graph_v1/sweep_tri10k_local_channels_v1_val/penalty_m0p7/predictions.jsonl,6000,0.10271787673854792,0.3879978615343491,0.5656666666666667,7.796666666666667,-0.7,76,0.1036110756667092,"cyrillic_handwriting,hkr_words,school_notebooks_clean",needs_decision,,0.12595860196810316,0.4752160072760346,0.5195,0.08438632579096875,0.33486378940924394,0.5485,0.10540062347291262,0.37896825396825395,0.629
penalty_m0p8,needs_review,penalty_m0p8,,,outputs/htr_graph_v1/sweep_tri10k_local_channels_v1_val/penalty_m0p8/summary.json,,,outputs/htr_graph_v1/sweep_tri10k_local_channels_v1_val/penalty_m0p8/predictions.jsonl,6000,0.10271787673854792,0.388398823843892,0.5655,7.800666666666666,-0.8,76,0.1036110756667092,"cyrillic_handwriting,hkr_words,school_notebooks_clean",needs_decision,,0.12595860196810316,0.4761255115961801,0.519,0.08448427857772553,0.3351698806244261,0.5485,0.10523211728031005,0.37896825396825395,0.629
penalty_m0p9,needs_review,penalty_m0p9,,,outputs/htr_graph_v1/sweep_tri10k_local_channels_v1_val/penalty_m0p9/summary.json,,,outputs/htr_graph_v1/sweep_tri10k_local_channels_v1_val/penalty_m0p9/predictions.jsonl,6000,0.1028242099442814,0.38893344025661586,0.5646666666666667,7.806,-0.9,76,0.1036110756667092,"cyrillic_handwriting,hkr_words,school_notebooks_clean",needs_decision,,0.12609433322022395,0.4770350159163256,0.518,0.08458223136448231,0.3354759718396082,0.5475,0.10531637037661135,0.3794642857142857,0.6285
penalty_m1p0,needs_review,penalty_m1p0,,,outputs/htr_graph_v1/sweep_tri10k_local_channels_v1_val/penalty_m1p0/summary.json,,,outputs/htr_graph_v1/sweep_tri10k_local_channels_v1_val/penalty_m1p0/predictions.jsonl,6000,0.10312194292033516,0.3892007484629778,0.5645,7.811333333333334,-1.0,76,0.1036110756667092,"cyrillic_handwriting,hkr_words,school_notebooks_clean",needs_decision,,0.12656939260264677,0.47885402455661663,0.516,0.08472916054461749,0.33486378940924394,0.549,0.1056533827618165,0.3794642857142857,0.6285
penalty_m1p1,needs_review,penalty_m1p1,,,outputs/htr_graph_v1/sweep_tri10k_local_channels_v1_val/penalty_m1p1/summary.json,,,outputs/htr_graph_v1/sweep_tri10k_local_channels_v1_val/penalty_m1p1/predictions.jsonl,6000,0.10316447620262856,0.38893344025661586,0.5645,7.816666666666666,-1.1,76,0.1036110756667092,"cyrillic_handwriting,hkr_words,school_notebooks_clean",needs_decision,,0.12663725822870717,0.4793087767166894,0.5155,0.08472916054461749,0.3342516069788797,0.549,0.10573763585811778,0.37896825396825395,0.629
penalty_m1p2,needs_review,penalty_m1p2,,,outputs/htr_graph_v1/sweep_tri10k_local_channels_v1_val/penalty_m1p2/summary.json,,,outputs/htr_graph_v1/sweep_tri10k_local_channels_v1_val/penalty_m1p2/predictions.jsonl,6000,0.10331334269065544,0.38946805666933976,0.5645,7.822,-1.2,76,0.1036110756667092,"cyrillic_handwriting,hkr_words,school_notebooks_clean",needs_decision,,0.12684085510688836,0.4793087767166894,0.516,0.08472916054461749,0.33486378940924394,0.549,0.10607464824332294,0.37996031746031744,0.6285
penalty_0p0,needs_review,penalty_0p0,,,outputs/htr_graph_v1/sweep_tri10k_local_channels_v2_fixed_maps_val/penalty_0p0/summary.json,,,outputs/htr_graph_v1/sweep_tri10k_local_channels_v2_fixed_maps_val/penalty_0p0/predictions.jsonl,6000,0.10618433924545957,0.39601710772520715,0.5528333333333333,7.729,0.0,71,0.10714133809706095,"cyrillic_handwriting,hkr_words,school_notebooks_clean",needs_decision,,0.13036986766202918,0.4924965893587995,0.504,0.08360270349691448,0.327517600244873,0.549,0.11500547645125958,0.4017857142857143,0.6055
penalty_m0p1,needs_review,penalty_m0p1,,,outputs/htr_graph_v1/sweep_tri10k_local_channels_v2_fixed_maps_val/penalty_m0p1/summary.json,,,outputs/htr_graph_v1/sweep_tri10k_local_channels_v2_fixed_maps_val/penalty_m0p1/predictions.jsonl,6000,0.10622687252775297,0.39615076182838815,0.5528333333333333,7.733833333333333,-0.1,71,0.10714133809706095,"cyrillic_handwriting,hkr_words,school_notebooks_clean",needs_decision,,0.13064133016627077,0.4929513415188722,0.5035,0.08355372710353609,0.3272115090296909,0.5495,0.11492122335495829,0.40228174603174605,0.6055
penalty_m0p2,needs_review,penalty_m0p2,,,outputs/htr_graph_v1/sweep_tri10k_local_channels_v2_fixed_maps_val/penalty_m0p2/summary.json,,,outputs/htr_graph_v1/sweep_tri10k_local_channels_v2_fixed_maps_val/penalty_m0p2/predictions.jsonl,6000,0.10626940581004636,0.39655172413793105,0.5525,7.7396666666666665,-0.2,71,0.10714133809706095,"cyrillic_handwriting,hkr_words,school_notebooks_clean",needs_decision,,0.130844927044452,0.49386084583901774,0.503,0.0835047507101577,0.327517600244873,0.549,0.11492122335495829,0.40228174603174605,0.6055
penalty_m0p3,needs_review,penalty_m0p3,,,outputs/htr_graph_v1/sweep_tri10k_local_channels_v2_fixed_maps_val/penalty_m0p3/summary.json,,,outputs/htr_graph_v1/sweep_tri10k_local_channels_v2_fixed_maps_val/penalty_m0p3/predictions.jsonl,6000,0.10614180596316618,0.3962844159315691,0.5526666666666666,7.744166666666667,-0.3,71,0.10714133809706095,"cyrillic_handwriting,hkr_words,school_notebooks_clean",needs_decision,,0.130844927044452,0.4929513415188722,0.5025,0.0835047507101577,0.32812978267523724,0.549,0.11441570477715056,0.40128968253968256,0.6065
penalty_m0p4,needs_review,penalty_m0p4,,,outputs/htr_graph_v1/sweep_tri10k_local_channels_v2_fixed_maps_val/penalty_m0p4/summary.json,,,outputs/htr_graph_v1/sweep_tri10k_local_channels_v2_fixed_maps_val/penalty_m0p4/predictions.jsonl,6000,0.1059929394751393,0.3957497995188452,0.5533333333333333,7.748,-0.4,71,0.10714133809706095,"cyrillic_handwriting,hkr_words,school_notebooks_clean",needs_decision,,0.13043773328808958,0.49113233287858116,0.5045,0.08355372710353609,0.3278236914600551,0.5495,0.11424719858454799,0.4017857142857143,0.606
penalty_m0p5,needs_review,penalty_m0p5,,,outputs/htr_graph_v1/sweep_tri10k_local_channels_v2_fixed_maps_val/penalty_m0p5/summary.json,,,outputs/htr_graph_v1/sweep_tri10k_local_channels_v2_fixed_maps_val/penalty_m0p5/predictions.jsonl,6000,0.1059929394751393,0.39561614541566426,0.5531666666666667,7.753166666666667,-0.5,71,0.10714133809706095,"cyrillic_handwriting,hkr_words,school_notebooks_clean",needs_decision,,0.13036986766202918,0.4906775807185084,0.505,0.08355372710353609,0.32812978267523724,0.5485,0.11433145168084927,0.40128968253968256,0.606
penalty_m0p6,needs_review,penalty_m0p6,,,outputs/htr_graph_v1/sweep_tri10k_local_channels_v2_fixed_maps_val/penalty_m0p6/summary.json,,,outputs/htr_graph_v1/sweep_tri10k_local_channels_v2_fixed_maps_val/penalty_m0p6/predictions.jsonl,6000,0.10607800603972609,0.3957497995188452,0.553,7.757333333333333,-0.6,71,0.10714133809706095,"cyrillic_handwriting,hkr_words,school_notebooks_clean",needs_decision,,0.13043773328808958,0.4906775807185084,0.505,0.08360270349691448,0.3278236914600551,0.549,0.11449995787345185,0.40228174603174605,0.605
penalty_m0p7,needs_review,penalty_m0p7,,,outputs/htr_graph_v1/sweep_tri10k_local_channels_v2_fixed_maps_val/penalty_m0p7/summary.json,,,outputs/htr_graph_v1/sweep_tri10k_local_channels_v2_fixed_maps_val/penalty_m0p7/predictions.jsonl,6000,0.10620560588660627,0.3957497995188452,0.5528333333333333,7.763166666666667,-0.7,71,0.10714133809706095,"cyrillic_handwriting,hkr_words,school_notebooks_clean",needs_decision,,0.13057346454021038,0.49022282855843563,0.505,0.08379860907042805,0.32812978267523724,0.5485,0.11449995787345185,0.40228174603174605,0.605
penalty_m0p8,needs_review,penalty_m0p8,,,outputs/htr_graph_v1/sweep_tri10k_local_channels_v2_fixed_maps_val/penalty_m0p8/summary.json,,,outputs/htr_graph_v1/sweep_tri10k_local_channels_v2_fixed_maps_val/penalty_m0p8/predictions.jsonl,6000,0.10614180596316618,0.3957497995188452,0.5528333333333333,7.769666666666667,-0.8,71,0.10714133809706095,"cyrillic_handwriting,hkr_words,school_notebooks_clean",needs_decision,,0.13057346454021038,0.49113233287858116,0.5045,0.08370065628367127,0.3278236914600551,0.5485,0.11441570477715056,0.4017857142857143,0.6055
penalty_m0p9,needs_review,penalty_m0p9,,,outputs/htr_graph_v1/sweep_tri10k_local_channels_v2_fixed_maps_val/penalty_m0p9/summary.json,,,outputs/htr_graph_v1/sweep_tri10k_local_channels_v2_fixed_maps_val/penalty_m0p9/predictions.jsonl,6000,0.10612053932201948,0.3958834536220262,0.553,7.774333333333334,-0.9,71,0.10714133809706095,"cyrillic_handwriting,hkr_words,school_notebooks_clean",needs_decision,,0.13070919579233117,0.4924965893587995,0.5035,0.08379860907042805,0.32812978267523724,0.5485,0.11399443929564411,0.40029761904761907,0.607
penalty_m1p0,needs_review,penalty_m1p0,,,outputs/htr_graph_v1/sweep_tri10k_local_channels_v2_fixed_maps_val/penalty_m1p0/summary.json,,,outputs/htr_graph_v1/sweep_tri10k_local_channels_v2_fixed_maps_val/penalty_m1p0/predictions.jsonl,6000,0.10637573901577985,0.396685378241112,0.5521666666666667,7.78,-1.0,71,0.10714133809706095,"cyrillic_handwriting,hkr_words,school_notebooks_clean",needs_decision,,0.1311163895486936,0.4943155979990905,0.5025,0.08394553825056322,0.32843587389041934,0.5475,0.11424719858454799,0.4007936507936508,0.6065
penalty_m1p1,needs_review,penalty_m1p1,,,outputs/htr_graph_v1/sweep_tri10k_local_channels_v2_fixed_maps_val/penalty_m1p1/summary.json,,,outputs/htr_graph_v1/sweep_tri10k_local_channels_v2_fixed_maps_val/penalty_m1p1/predictions.jsonl,6000,0.10629067245119306,0.39615076182838815,0.5525,7.7843333333333335,-1.1,71,0.10714133809706095,"cyrillic_handwriting,hkr_words,school_notebooks_clean",needs_decision,,0.1309806582965728,0.4943155979990905,0.5025,0.08399451464394161,0.327517600244873,0.548,0.11399443929564411,0.40029761904761907,0.607
penalty_m1p2,needs_review,penalty_m1p2,,,outputs/htr_graph_v1/sweep_tri10k_local_channels_v2_fixed_maps_val/penalty_m1p2/summary.json,,,outputs/htr_graph_v1/sweep_tri10k_local_channels_v2_fixed_maps_val/penalty_m1p2/predictions.jsonl,6000,0.10631193909233976,0.3958834536220262,0.553,7.790333333333334,-1.2,71,0.10714133809706095,"cyrillic_handwriting,hkr_words,school_notebooks_clean",needs_decision,,0.130844927044452,0.4929513415188722,0.504,0.08404349103732,0.32843587389041934,0.547,0.1141629454882467,0.3993055555555556,0.608
test_eval_penalty_m04,exploratory,test_eval_penalty_m04,,,outputs/htr_graph_v1/tri10k_graph_fusion_v3_school_fg_auto/test_eval_penalty_m04/summary.json,,,outputs/htr_graph_v1/tri10k_graph_fusion_v3_school_fg_auto/test_eval_penalty_m04/predictions.jsonl,5563,0.15337844872462258,0.5219022103148024,0.408232967823117,8.423152975013481,-0.4,78,0.11207519884309472,"cyrillic_handwriting,hkr_words,school_notebooks_clean",needs_decision,,0.21758300487674528,0.704367816091954,0.25015994881637876,0.10184923105953392,0.40806353084911423,0.4435,0.16444594366672288,0.5099206349206349,0.4965
line_groups,needs_review,line_groups,,,outputs/iter2_data_audit/school_notebooks_v1/line_groups/summary.json,,,,,,,,,,,,,needs_decision,,,,,,,,,,
school_notebooks_v1,needs_review,school_notebooks_v1,,,outputs/iter2_data_audit/school_notebooks_v1/summary.json,,,,,,,,,,,,,needs_decision,,,,,,,,,,
blur_medium,exploratory,blur_medium,,,outputs/robustness_v1/gated_v2_dist/blur_medium/summary.json,,,outputs/robustness_v1/gated_v2_dist/blur_medium/predictions.jsonl,5563,0.1633940655908381,0.5370395177494977,0.3906165737911199,8.403199712385403,-0.3,71,0.10214367742758709,mixed_cyrillic_robustness,needs_decision,,,,,,,,,,
blur_mild,exploratory,blur_mild,,,outputs/robustness_v1/gated_v2_dist/blur_mild/summary.json,,,outputs/robustness_v1/gated_v2_dist/blur_mild/predictions.jsonl,5563,0.1506923477355544,0.5180174146014735,0.41146863203307565,8.458745281323027,-0.3,71,0.10214367742758709,mixed_cyrillic_robustness,needs_decision,,,,,,,,,,
blur_strong,exploratory,blur_strong,,,outputs/robustness_v1/gated_v2_dist/blur_strong/summary.json,,,outputs/robustness_v1/gated_v2_dist/blur_strong/predictions.jsonl,5563,0.19573138990109318,0.5898191560616209,0.33776739169512854,8.288872910300197,-0.3,71,0.10214367742758709,mixed_cyrillic_robustness,needs_decision,,,,,,,,,,
clean,exploratory,clean,,,outputs/robustness_v1/gated_v2_dist/clean/summary.json,,,outputs/robustness_v1/gated_v2_dist/clean/predictions.jsonl,5563,0.14375845913586674,0.5056932350971199,0.42387201150458387,8.503864821139674,-0.3,71,0.10214367742758709,"cyrillic_handwriting,hkr_words,school_notebooks_clean",needs_decision,,0.1993453136482063,0.671264367816092,0.2667946257197697,0.09208415888291348,0.37935247403787414,0.491,0.16596390622364648,0.5322420634920635,0.4795
low_contrast_medium,exploratory,low_contrast_medium,,,outputs/robustness_v1/gated_v2_dist/low_contrast_medium/summary.json,,,outputs/robustness_v1/gated_v2_dist/low_contrast_medium/predictions.jsonl,5563,0.16274856845393024,0.5464166108506363,0.3747977709868776,8.505842171490203,-0.3,71,0.10214367742758709,mixed_cyrillic_robustness,needs_decision,,,,,,,,,,
low_contrast_mild,exploratory,low_contrast_mild,,,outputs/robustness_v1/gated_v2_dist/low_contrast_mild/summary.json,,,outputs/robustness_v1/gated_v2_dist/low_contrast_mild/predictions.jsonl,5563,0.151858407079646,0.5265907568653717,0.39978428905266944,8.529929893942118,-0.3,71,0.10214367742758709,mixed_cyrillic_robustness,needs_decision,,,,,,,,,,
low_contrast_strong,exploratory,low_contrast_strong,,,outputs/robustness_v1/gated_v2_dist/low_contrast_strong/summary.json,,,outputs/robustness_v1/gated_v2_dist/low_contrast_strong/predictions.jsonl,5563,0.17759500260281103,0.5750837240455459,0.3436994427467194,8.464857091497393,-0.3,71,0.10214367742758709,mixed_cyrillic_robustness,needs_decision,,,,,,,,,,
noise_medium,exploratory,noise_medium,,,outputs/robustness_v1/gated_v2_dist/noise_medium/summary.json,,,outputs/robustness_v1/gated_v2_dist/noise_medium/predictions.jsonl,5563,0.15662675689744923,0.5320830542531815,0.3952903109832824,8.491820959913715,-0.3,71,0.10214367742758709,mixed_cyrillic_robustness,needs_decision,,,,,,,,,,
noise_mild,exploratory,noise_mild,,,outputs/robustness_v1/gated_v2_dist/noise_mild/summary.json,,,outputs/robustness_v1/gated_v2_dist/noise_mild/predictions.jsonl,5563,0.14492451847995835,0.5090421969189551,0.4206363472946252,8.505302894121877,-0.3,71,0.10214367742758709,mixed_cyrillic_robustness,needs_decision,,,,,,,,,,
noise_strong,exploratory,noise_strong,,,outputs/robustness_v1/gated_v2_dist/noise_strong/summary.json,,,outputs/robustness_v1/gated_v2_dist/noise_strong/predictions.jsonl,5563,0.1886309213951067,0.5863362357669123,0.3366888369584756,8.47492360237282,-0.3,71,0.10214367742758709,mixed_cyrillic_robustness,needs_decision,,,,,,,,,,
thick_strokes_medium,exploratory,thick_strokes_medium,,,outputs/robustness_v1/gated_v2_dist/thick_strokes_medium/summary.json,,,outputs/robustness_v1/gated_v2_dist/thick_strokes_medium/predictions.jsonl,5563,0.15190005205622073,0.5264567983924984,0.4044580262448319,8.473845047636168,-0.3,71,0.10214367742758709,mixed_cyrillic_robustness,needs_decision,,,,,,,,,,
thick_strokes_mild,exploratory,thick_strokes_mild,,,outputs/robustness_v1/gated_v2_dist/thick_strokes_mild/summary.json,,,outputs/robustness_v1/gated_v2_dist/thick_strokes_mild/predictions.jsonl,5563,0.15190005205622073,0.5264567983924984,0.4044580262448319,8.473845047636168,-0.3,71,0.10214367742758709,mixed_cyrillic_robustness,needs_decision,,,,,,,,,,
thick_strokes_strong,exploratory,thick_strokes_strong,,,outputs/robustness_v1/gated_v2_dist/thick_strokes_strong/summary.json,,,outputs/robustness_v1/gated_v2_dist/thick_strokes_strong/predictions.jsonl,5563,0.1837376366475794,0.5697253851306096,0.357001617832105,8.429804062556174,-0.3,71,0.10214367742758709,mixed_cyrillic_robustness,needs_decision,,,,,,,,,,
thin_strokes_medium,exploratory,thin_strokes_medium,,,outputs/robustness_v1/gated_v2_dist/thin_strokes_medium/summary.json,,,outputs/robustness_v1/gated_v2_dist/thin_strokes_medium/predictions.jsonl,5563,0.15752212389380532,0.5265907568653717,0.39654862484271075,8.486607945353226,-0.3,71,0.10214367742758709,mixed_cyrillic_robustness,needs_decision,,,,,,,,,,
thin_strokes_mild,exploratory,thin_strokes_mild,,,outputs/robustness_v1/gated_v2_dist/thin_strokes_mild/summary.json,,,outputs/robustness_v1/gated_v2_dist/thin_strokes_mild/predictions.jsonl,5563,0.15752212389380532,0.5265907568653717,0.39654862484271075,8.486607945353226,-0.3,71,0.10214367742758709,mixed_cyrillic_robustness,needs_decision,,,,,,,,,,
thin_strokes_strong,exploratory,thin_strokes_strong,,,outputs/robustness_v1/gated_v2_dist/thin_strokes_strong/summary.json,,,outputs/robustness_v1/gated_v2_dist/thin_strokes_strong/predictions.jsonl,5563,0.2916605934409162,0.6727394507702612,0.24824734855293906,8.24465216609743,-0.3,71,0.10214367742758709,mixed_cyrillic_robustness,needs_decision,,,,,,,,,,
blur_medium,needs_review,blur_medium,,,outputs/robustness_v1/graph_vector_v2/blur_medium/summary.json,,,outputs/robustness_v1/graph_vector_v2/blur_medium/predictions.jsonl,5563,0.16183237896928682,0.5323509711989284,0.39115585115944634,8.418119719575769,-0.4,71,0.098847348049849,mixed_cyrillic_robustness,needs_decision,,,,,,,,,,
blur_mild,needs_review,blur_mild,,,outputs/robustness_v1/graph_vector_v2/blur_mild/summary.json,,,outputs/robustness_v1/graph_vector_v2/blur_mild/predictions.jsonl,5563,0.14781884435190004,0.5068988613529806,0.4208161064174007,8.471687938162862,-0.4,71,0.098847348049849,mixed_cyrillic_robustness,needs_decision,,,,,,,,,,
blur_strong,needs_review,blur_strong,,,outputs/robustness_v1/graph_vector_v2/blur_strong/summary.json,,,outputs/robustness_v1/graph_vector_v2/blur_strong/predictions.jsonl,5563,0.19504424778761062,0.584594775619558,0.3363293187129247,8.29714182994787,-0.4,71,0.098847348049849,mixed_cyrillic_robustness,needs_decision,,,,,,,,,,
clean,needs_review,clean,,,outputs/robustness_v1/graph_vector_v2/clean/summary.json,,,outputs/robustness_v1/graph_vector_v2/clean/predictions.jsonl,5563,0.1396980739198334,0.4904219691895512,0.43897177781772423,8.512133740787345,-0.4,71,0.098847348049849,"cyrillic_handwriting,hkr_words,school_notebooks_clean",needs_decision,,0.19967933729708062,0.6763218390804597,0.2706333973128599,0.08802717237475234,0.3637751985339035,0.497,0.15635014336313038,0.4955357142857143,0.5125
low_contrast_medium,needs_review,low_contrast_medium,,,outputs/robustness_v1/graph_vector_v2/low_contrast_medium/summary.json,,,outputs/robustness_v1/graph_vector_v2/low_contrast_medium/predictions.jsonl,5563,0.15954190525767828,0.5397186872069658,0.38504404098508,8.535322667625381,-0.4,71,0.098847348049849,mixed_cyrillic_robustness,needs_decision,,,,,,,,,,
low_contrast_mild,needs_review,low_contrast_mild,,,outputs/robustness_v1/graph_vector_v2/low_contrast_mild/summary.json,,,outputs/robustness_v1/graph_vector_v2/low_contrast_mild/predictions.jsonl,5563,0.1477147319104633,0.5126590756865371,0.4152435736113608,8.555994966744562,-0.4,71,0.098847348049849,mixed_cyrillic_robustness,needs_decision,,,,,,,,,,
low_contrast_strong,needs_review,low_contrast_strong,,,outputs/robustness_v1/graph_vector_v2/low_contrast_strong/summary.json,,,outputs/robustness_v1/graph_vector_v2/low_contrast_strong/predictions.jsonl,5563,0.176762103071317,0.5710649698593436,0.34873269818443287,8.48570914973935,-0.4,71,0.098847348049849,mixed_cyrillic_robustness,needs_decision,,,,,,,,,,
noise_medium,needs_review,noise_medium,,,outputs/robustness_v1/graph_vector_v2/noise_medium/summary.json,,,outputs/robustness_v1/graph_vector_v2/noise_medium/predictions.jsonl,5563,0.15029672045809475,0.5131949095780308,0.41344598238360597,8.511414704296243,-0.4,71,0.098847348049849,mixed_cyrillic_robustness,needs_decision,,,,,,,,,,
noise_mild,needs_review,noise_mild,,,outputs/robustness_v1/graph_vector_v2/noise_mild/summary.json,,,outputs/robustness_v1/graph_vector_v2/noise_mild/predictions.jsonl,5563,0.1415929203539823,0.4957803081044876,0.432140931152256,8.502426748157468,-0.4,71,0.098847348049849,mixed_cyrillic_robustness,needs_decision,,,,,,,,,,
noise_strong,needs_review,noise_strong,,,outputs/robustness_v1/graph_vector_v2/noise_strong/summary.json,,,outputs/robustness_v1/graph_vector_v2/noise_strong/predictions.jsonl,5563,0.1757209786569495,0.5552578700602813,0.3670681287075319,8.511774222541794,-0.4,71,0.098847348049849,mixed_cyrillic_robustness,needs_decision,,,,,,,,,,
thick_strokes_medium,needs_review,thick_strokes_medium,,,outputs/robustness_v1/graph_vector_v2/thick_strokes_medium/summary.json,,,outputs/robustness_v1/graph_vector_v2/thick_strokes_medium/predictions.jsonl,5563,0.15021343050494534,0.5095780308104487,0.4208161064174007,8.494337587632572,-0.4,71,0.098847348049849,mixed_cyrillic_robustness,needs_decision,,,,,,,,,,
thick_strokes_mild,needs_review,thick_strokes_mild,,,outputs/robustness_v1/graph_vector_v2/thick_strokes_mild/summary.json,,,outputs/robustness_v1/graph_vector_v2/thick_strokes_mild/predictions.jsonl,5563,0.15021343050494534,0.5095780308104487,0.4208161064174007,8.494337587632572,-0.4,71,0.098847348049849,mixed_cyrillic_robustness,needs_decision,,,,,,,,,,
thick_strokes_strong,needs_review,thick_strokes_strong,,,outputs/robustness_v1/graph_vector_v2/thick_strokes_strong/summary.json,,,outputs/robustness_v1/graph_vector_v2/thick_strokes_strong/predictions.jsonl,5563,0.17963560645497137,0.562357669122572,0.3593384864281862,8.453172748516987,-0.4,71,0.098847348049849,mixed_cyrillic_robustness,needs_decision,,,,,,,,,,
thin_strokes_medium,needs_review,thin_strokes_medium,,,outputs/robustness_v1/graph_vector_v2/thin_strokes_medium/summary.json,,,outputs/robustness_v1/graph_vector_v2/thin_strokes_medium/predictions.jsonl,5563,0.15608537220197813,0.5202947086403215,0.4046377853676074,8.50080891605249,-0.4,71,0.098847348049849,mixed_cyrillic_robustness,needs_decision,,,,,,,,,,
thin_strokes_mild,needs_review,thin_strokes_mild,,,outputs/robustness_v1/graph_vector_v2/thin_strokes_mild/summary.json,,,outputs/robustness_v1/graph_vector_v2/thin_strokes_mild/predictions.jsonl,5563,0.15608537220197813,0.5202947086403215,0.4046377853676074,8.50080891605249,-0.4,71,0.098847348049849,mixed_cyrillic_robustness,needs_decision,,,,,,,,,,
thin_strokes_strong,needs_review,thin_strokes_strong,,,outputs/robustness_v1/graph_vector_v2/thin_strokes_strong/summary.json,,,outputs/robustness_v1/graph_vector_v2/thin_strokes_strong/predictions.jsonl,5563,0.2970327954190526,0.681178834561286,0.24465216609742946,8.13805500629157,-0.4,71,0.098847348049849,mixed_cyrillic_robustness,needs_decision,,,,,,,,,,
blur_medium,primary,blur_medium,,,outputs/robustness_v1/image_only/blur_medium/summary.json,,,outputs/robustness_v1/image_only/blur_medium/predictions.jsonl,5563,0.09651435436714957,0.37304811552519596,0.5858349811252921,8.512313499910121,-0.4,46,0.05389584135257089,"mixed_cyrillic_robustness|phrase|None,mixed_cyrillic_robustness|phrase|pupil_text,mixed_cyrillic_robustness|word|None,mixed_cyrillic_robustness|word|pupil_comment,mixed_cyrillic_robustness|word|pupil_text,mixed_cyrillic_robustness|word|teacher_comment",needs_decision,,,,,,,,,,
blur_mild,primary,blur_mild,,,outputs/robustness_v1/image_only/blur_mild/summary.json,,,outputs/robustness_v1/image_only/blur_mild/predictions.jsonl,5563,0.08574899495125653,0.34443645515009863,0.615315477260471,8.53496314937983,-0.4,46,0.05389584135257089,"mixed_cyrillic_robustness|phrase|None,mixed_cyrillic_robustness|phrase|pupil_text,mixed_cyrillic_robustness|word|None,mixed_cyrillic_robustness|word|pupil_comment,mixed_cyrillic_robustness|word|pupil_text,mixed_cyrillic_robustness|word|teacher_comment",needs_decision,,,,,,,,,,
blur_strong,primary,blur_strong,,,outputs/robustness_v1/image_only/blur_strong/summary.json,,,outputs/robustness_v1/image_only/blur_strong/predictions.jsonl,5563,0.12825327863423705,0.4429234825334053,0.5117742225417939,8.43232069027503,-0.4,46,0.05389584135257089,"mixed_cyrillic_robustness|phrase|None,mixed_cyrillic_robustness|phrase|pupil_text,mixed_cyrillic_robustness|word|None,mixed_cyrillic_robustness|word|pupil_comment,mixed_cyrillic_robustness|word|pupil_text,mixed_cyrillic_robustness|word|teacher_comment",needs_decision,,,,,,,,,,
clean,primary,clean,,,outputs/robustness_v1/image_only/clean/summary.json,,,outputs/robustness_v1/image_only/clean/predictions.jsonl,5563,0.08223581816287687,0.3350230690874226,0.6244831925220204,8.550422433938522,-0.4,46,0.05389584135257089,"cyrillic_handwriting|phrase|None,cyrillic_handwriting|word|None,hkr_words|phrase|None,hkr_words|word|None,school_notebooks_clean|phrase|pupil_text,school_notebooks_clean|word|pupil_comment,school_notebooks_clean|word|pupil_text,school_notebooks_clean|word|teacher_comment",needs_decision,,,,,,,,,,
low_contrast_medium,primary,low_contrast_medium,,,outputs/robustness_v1/image_only/low_contrast_medium/summary.json,,,outputs/robustness_v1/image_only/low_contrast_medium/predictions.jsonl,5563,0.11454443032755254,0.4148960393073281,0.5426927916591767,8.543591587273054,-0.4,46,0.05389584135257089,"mixed_cyrillic_robustness|phrase|None,mixed_cyrillic_robustness|phrase|pupil_text,mixed_cyrillic_robustness|word|None,mixed_cyrillic_robustness|word|pupil_comment,mixed_cyrillic_robustness|word|pupil_text,mixed_cyrillic_robustness|word|teacher_comment",needs_decision,,,,,,,,,,
low_contrast_mild,primary,low_contrast_mild,,,outputs/robustness_v1/image_only/low_contrast_mild/summary.json,,,outputs/robustness_v1/image_only/low_contrast_mild/predictions.jsonl,5563,0.09654659081558581,0.37173886991431454,0.5860147402480675,8.558152076217867,-0.4,46,0.05389584135257089,"mixed_cyrillic_robustness|phrase|None,mixed_cyrillic_robustness|phrase|pupil_text,mixed_cyrillic_robustness|word|None,mixed_cyrillic_robustness|word|pupil_comment,mixed_cyrillic_robustness|word|pupil_text,mixed_cyrillic_robustness|word|teacher_comment",needs_decision,,,,,,,,,,
low_contrast_strong,primary,low_contrast_strong,,,outputs/robustness_v1/image_only/low_contrast_strong/summary.json,,,outputs/robustness_v1/image_only/low_contrast_strong/predictions.jsonl,5563,0.1369991250637244,0.47169393013362126,0.48894481394930794,8.518425310084487,-0.4,46,0.05389584135257089,"mixed_cyrillic_robustness|phrase|None,mixed_cyrillic_robustness|phrase|pupil_text,mixed_cyrillic_robustness|word|None,mixed_cyrillic_robustness|word|pupil_comment,mixed_cyrillic_robustness|word|pupil_text,mixed_cyrillic_robustness|word|teacher_comment",needs_decision,,,,,,,,,,
noise_medium,primary,noise_medium,,,outputs/robustness_v1/image_only/noise_medium/summary.json,,,outputs/robustness_v1/image_only/noise_medium/predictions.jsonl,5563,0.10421801484405335,0.3890856252621485,0.5700161783210498,8.527952543591587,-0.4,46,0.05389584135257089,"mixed_cyrillic_robustness|phrase|None,mixed_cyrillic_robustness|phrase|pupil_text,mixed_cyrillic_robustness|word|None,mixed_cyrillic_robustness|word|pupil_comment,mixed_cyrillic_robustness|word|pupil_text,mixed_cyrillic_robustness|word|teacher_comment",needs_decision,,,,,,,,,,
noise_mild,primary,noise_mild,,,outputs/robustness_v1/image_only/noise_mild/summary.json,,,outputs/robustness_v1/image_only/noise_mild/predictions.jsonl,5563,0.08446723151847205,0.3410599796272992,0.619809455329858,8.535861944993709,-0.4,46,0.05389584135257089,"mixed_cyrillic_robustness|phrase|None,mixed_cyrillic_robustness|phrase|pupil_text,mixed_cyrillic_robustness|word|None,mixed_cyrillic_robustness|word|pupil_comment,mixed_cyrillic_robustness|word|pupil_text,mixed_cyrillic_robustness|word|teacher_comment",needs_decision,,,,,,,,,,
noise_strong,primary,noise_strong,,,outputs/robustness_v1/image_only/noise_strong/summary.json,,,outputs/robustness_v1/image_only/noise_strong/predictions.jsonl,5563,0.1610765355263847,0.4809635088980769,0.478878303073881,8.541254718676973,-0.4,46,0.05389584135257089,"mixed_cyrillic_robustness|phrase|None,mixed_cyrillic_robustness|phrase|pupil_text,mixed_cyrillic_robustness|word|None,mixed_cyrillic_robustness|word|pupil_comment,mixed_cyrillic_robustness|word|pupil_text,mixed_cyrillic_robustness|word|teacher_comment",needs_decision,,,,,,,,,,
thick_strokes_medium,primary,thick_strokes_medium,,,outputs/robustness_v1/image_only/thick_strokes_medium/summary.json,,,outputs/robustness_v1/image_only/thick_strokes_medium/predictions.jsonl,5563,0.08692513309819042,0.35037749415782843,0.6081251123494518,8.543411828150278,-0.4,46,0.05389584135257089,"mixed_cyrillic_robustness|phrase|None,mixed_cyrillic_robustness|phrase|pupil_text,mixed_cyrillic_robustness|word|None,mixed_cyrillic_robustness|word|pupil_comment,mixed_cyrillic_robustness|word|pupil_text,mixed_cyrillic_robustness|word|teacher_comment",needs_decision,,,,,,,,,,
thick_strokes_mild,primary,thick_strokes_mild,,,outputs/robustness_v1/image_only/thick_strokes_mild/summary.json,,,outputs/robustness_v1/image_only/thick_strokes_mild/predictions.jsonl,5563,0.08692513309819042,0.35037749415782843,0.6081251123494518,8.543411828150278,-0.4,46,0.05389584135257089,"mixed_cyrillic_robustness|phrase|None,mixed_cyrillic_robustness|phrase|pupil_text,mixed_cyrillic_robustness|word|None,mixed_cyrillic_robustness|word|pupil_comment,mixed_cyrillic_robustness|word|pupil_text,mixed_cyrillic_robustness|word|teacher_comment",needs_decision,,,,,,,,,,
thick_strokes_strong,primary,thick_strokes_strong,,,outputs/robustness_v1/image_only/thick_strokes_strong/summary.json,,,outputs/robustness_v1/image_only/thick_strokes_strong/predictions.jsonl,5563,0.10982143048374661,0.4104769608724311,0.5461082149919109,8.522919288153874,-0.4,46,0.05389584135257089,"mixed_cyrillic_robustness|phrase|None,mixed_cyrillic_robustness|phrase|pupil_text,mixed_cyrillic_robustness|word|None,mixed_cyrillic_robustness|word|pupil_comment,mixed_cyrillic_robustness|word|pupil_text,mixed_cyrillic_robustness|word|teacher_comment",needs_decision,,,,,,,,,,
thin_strokes_medium,primary,thin_strokes_medium,,,outputs/robustness_v1/image_only/thin_strokes_medium/summary.json,,,outputs/robustness_v1/image_only/thin_strokes_medium/predictions.jsonl,5563,0.09470299955193909,0.37158307867457585,0.5888908862124753,8.520043142189467,-0.4,46,0.05389584135257089,"mixed_cyrillic_robustness|phrase|None,mixed_cyrillic_robustness|phrase|pupil_text,mixed_cyrillic_robustness|word|None,mixed_cyrillic_robustness|word|pupil_comment,mixed_cyrillic_robustness|word|pupil_text,mixed_cyrillic_robustness|word|teacher_comment",needs_decision,,,,,,,,,,
thin_strokes_mild,primary,thin_strokes_mild,,,outputs/robustness_v1/image_only/thin_strokes_mild/summary.json,,,outputs/robustness_v1/image_only/thin_strokes_mild/predictions.jsonl,5563,0.09470299955193909,0.37158307867457585,0.5888908862124753,8.520043142189467,-0.4,46,0.05389584135257089,"mixed_cyrillic_robustness|phrase|None,mixed_cyrillic_robustness|phrase|pupil_text,mixed_cyrillic_robustness|word|None,mixed_cyrillic_robustness|word|pupil_comment,mixed_cyrillic_robustness|word|pupil_text,mixed_cyrillic_robustness|word|teacher_comment",needs_decision,,,,,,,,,,
thin_strokes_strong,primary,thin_strokes_strong,,,outputs/robustness_v1/image_only/thin_strokes_strong/summary.json,,,outputs/robustness_v1/image_only/thin_strokes_strong/predictions.jsonl,5563,0.2232730314182972,0.57881538738091,0.38252741326622325,8.236922523818084,-0.4,46,0.05389584135257089,"mixed_cyrillic_robustness|phrase|None,mixed_cyrillic_robustness|phrase|pupil_text,mixed_cyrillic_robustness|word|None,mixed_cyrillic_robustness|word|pupil_comment,mixed_cyrillic_robustness|word|pupil_text,mixed_cyrillic_robustness|word|teacher_comment",needs_decision,,,,,,,,,,
blur_medium,needs_review,blur_medium,,,outputs/robustness_v1_oracle/graph_vector_v2/blur_medium/summary.json,,,outputs/robustness_v1_oracle/graph_vector_v2/blur_medium/predictions.jsonl,5563,0.16110359187922957,0.5314132618888144,0.3931332015099766,8.424950566241236,-0.4,71,0.098847348049849,mixed_cyrillic_robustness,needs_decision,,,,,,,,,,
blur_mild,needs_review,blur_mild,,,outputs/robustness_v1_oracle/graph_vector_v2/blur_mild/summary.json,,,outputs/robustness_v1_oracle/graph_vector_v2/blur_mild/predictions.jsonl,5563,0.14781884435190004,0.5067649028801071,0.42099586554017615,8.474384325004493,-0.4,71,0.098847348049849,mixed_cyrillic_robustness,needs_decision,,,,,,,,,,
blur_strong,needs_review,blur_strong,,,outputs/robustness_v1_oracle/graph_vector_v2/blur_strong/summary.json,,,outputs/robustness_v1_oracle/graph_vector_v2/blur_strong/predictions.jsonl,5563,0.19402394586153046,0.5833891493636972,0.3366888369584756,8.304152435736114,-0.4,71,0.098847348049849,mixed_cyrillic_robustness,needs_decision,,,,,,,,,,
low_contrast_medium,needs_review,low_contrast_medium,,,outputs/robustness_v1_oracle/graph_vector_v2/low_contrast_medium/summary.json,,,outputs/robustness_v1_oracle/graph_vector_v2/low_contrast_medium/predictions.jsonl,5563,0.15927121290994273,0.539450770261219,0.38576307747618194,8.539816645694769,-0.4,71,0.098847348049849,mixed_cyrillic_robustness,needs_decision,,,,,,,,,,
low_contrast_mild,needs_review,low_contrast_mild,,,outputs/robustness_v1_oracle/graph_vector_v2/low_contrast_mild/summary.json,,,outputs/robustness_v1_oracle/graph_vector_v2/low_contrast_mild/predictions.jsonl,5563,0.1472149921915669,0.5117213663764233,0.4161423692252382,8.55923063095452,-0.4,71,0.098847348049849,mixed_cyrillic_robustness,needs_decision,,,,,,,,,,
low_contrast_strong,needs_review,low_contrast_strong,,,outputs/robustness_v1_oracle/graph_vector_v2/low_contrast_strong/summary.json,,,outputs/robustness_v1_oracle/graph_vector_v2/low_contrast_strong/predictions.jsonl,5563,0.17595002602811036,0.5702612190221031,0.34999101204386124,8.493259032895919,-0.4,71,0.098847348049849,mixed_cyrillic_robustness,needs_decision,,,,,,,,,,
noise_medium,needs_review,noise_medium,,,outputs/robustness_v1_oracle/graph_vector_v2/noise_medium/summary.json,,,outputs/robustness_v1_oracle/graph_vector_v2/noise_medium/predictions.jsonl,5563,0.1506923477355544,0.5125251172136638,0.41344598238360597,8.507100485349632,-0.4,71,0.098847348049849,mixed_cyrillic_robustness,needs_decision,,,,,,,,,,
noise_mild,needs_review,noise_mild,,,outputs/robustness_v1_oracle/graph_vector_v2/noise_mild/summary.json,,,outputs/robustness_v1_oracle/graph_vector_v2/noise_mild/predictions.jsonl,5563,0.14217595002602812,0.49604822505023444,0.43160165378392956,8.504943375876326,-0.4,71,0.098847348049849,mixed_cyrillic_robustness,needs_decision,,,,,,,,,,
noise_strong,needs_review,noise_strong,,,outputs/robustness_v1_oracle/graph_vector_v2/noise_strong/summary.json,,,outputs/robustness_v1_oracle/graph_vector_v2/noise_strong/predictions.jsonl,5563,0.17680374804789173,0.556463496316142,0.36634909221643,8.51159446341902,-0.4,71,0.098847348049849,mixed_cyrillic_robustness,needs_decision,,,,,,,,,,
thick_strokes_medium,needs_review,thick_strokes_medium,,,outputs/robustness_v1_oracle/graph_vector_v2/thick_strokes_medium/summary.json,,,outputs/robustness_v1_oracle/graph_vector_v2/thick_strokes_medium/predictions.jsonl,5563,0.14998438313378448,0.5097119892833222,0.4204565881718497,8.494876865000899,-0.4,71,0.098847348049849,mixed_cyrillic_robustness,needs_decision,,,,,,,,,,
thick_strokes_mild,needs_review,thick_strokes_mild,,,outputs/robustness_v1_oracle/graph_vector_v2/thick_strokes_mild/summary.json,,,outputs/robustness_v1_oracle/graph_vector_v2/thick_strokes_mild/predictions.jsonl,5563,0.14998438313378448,0.5097119892833222,0.4204565881718497,8.494876865000899,-0.4,71,0.098847348049849,mixed_cyrillic_robustness,needs_decision,,,,,,,,,,
thick_strokes_strong,needs_review,thick_strokes_strong,,,outputs/robustness_v1_oracle/graph_vector_v2/thick_strokes_strong/summary.json,,,outputs/robustness_v1_oracle/graph_vector_v2/thick_strokes_strong/predictions.jsonl,5563,0.17965642894325873,0.563027461486939,0.35915872730541076,8.460902390796333,-0.4,71,0.098847348049849,mixed_cyrillic_robustness,needs_decision,,,,,,,,,,
thin_strokes_medium,needs_review,thin_strokes_medium,,,outputs/robustness_v1_oracle/graph_vector_v2/thin_strokes_medium/summary.json,,,outputs/robustness_v1_oracle/graph_vector_v2/thin_strokes_medium/predictions.jsonl,5563,0.15646017699115045,0.5231078365706631,0.40230091677152613,8.50278626640302,-0.4,71,0.098847348049849,mixed_cyrillic_robustness,needs_decision,,,,,,,,,,
thin_strokes_mild,needs_review,thin_strokes_mild,,,outputs/robustness_v1_oracle/graph_vector_v2/thin_strokes_mild/summary.json,,,outputs/robustness_v1_oracle/graph_vector_v2/thin_strokes_mild/predictions.jsonl,5563,0.15646017699115045,0.5231078365706631,0.40230091677152613,8.50278626640302,-0.4,71,0.098847348049849,mixed_cyrillic_robustness,needs_decision,,,,,,,,,,
thin_strokes_strong,needs_review,thin_strokes_strong,,,outputs/robustness_v1_oracle/graph_vector_v2/thin_strokes_strong/summary.json,,,outputs/robustness_v1_oracle/graph_vector_v2/thin_strokes_strong/predictions.jsonl,5563,0.294679854242582,0.678901540522438,0.24573072083408232,8.158008268919648,-0.4,71,0.098847348049849,mixed_cyrillic_robustness,needs_decision,,,,,,,,,,
blur_medium,needs_review,blur_medium,,,outputs/robustness_v2_recomputed/graph_vector_v2/blur_medium/summary.json,,,outputs/robustness_v2_recomputed/graph_vector_v2/blur_medium/predictions.jsonl,5563,0.16183237896928682,0.5323509711989284,0.39115585115944634,8.418119719575769,-0.4,71,0.098847348049849,mixed_cyrillic_robustness,needs_decision,,,,,,,,,,
blur_mild,needs_review,blur_mild,,,outputs/robustness_v2_recomputed/graph_vector_v2/blur_mild/summary.json,,,outputs/robustness_v2_recomputed/graph_vector_v2/blur_mild/predictions.jsonl,5563,0.14781884435190004,0.5068988613529806,0.4208161064174007,8.471687938162862,-0.4,71,0.098847348049849,mixed_cyrillic_robustness,needs_decision,,,,,,,,,,
blur_strong,needs_review,blur_strong,,,outputs/robustness_v2_recomputed/graph_vector_v2/blur_strong/summary.json,,,outputs/robustness_v2_recomputed/graph_vector_v2/blur_strong/predictions.jsonl,5563,0.19504424778761062,0.584594775619558,0.3363293187129247,8.29714182994787,-0.4,71,0.098847348049849,mixed_cyrillic_robustness,needs_decision,,,,,,,,,,
clean,needs_review,clean,,,outputs/robustness_v2_recomputed/graph_vector_v2/clean/summary.json,,,outputs/robustness_v2_recomputed/graph_vector_v2/clean/predictions.jsonl,5563,0.13942738157209786,0.4897521768251842,0.43969081430882617,8.512313499910121,-0.4,71,0.098847348049849,"cyrillic_handwriting,hkr_words,school_notebooks_clean",needs_decision,,0.19967933729708062,0.6763218390804597,0.2706333973128599,0.08802717237475234,0.3637751985339035,0.497,0.1552538370720189,0.4930555555555556,0.5145
low_contrast_medium,needs_review,low_contrast_medium,,,outputs/robustness_v2_recomputed/graph_vector_v2/low_contrast_medium/summary.json,,,outputs/robustness_v2_recomputed/graph_vector_v2/low_contrast_medium/predictions.jsonl,5563,0.15954190525767828,0.5397186872069658,0.38504404098508,8.535322667625381,-0.4,71,0.098847348049849,mixed_cyrillic_robustness,needs_decision,,,,,,,,,,
low_contrast_mild,needs_review,low_contrast_mild,,,outputs/robustness_v2_recomputed/graph_vector_v2/low_contrast_mild/summary.json,,,outputs/robustness_v2_recomputed/graph_vector_v2/low_contrast_mild/predictions.jsonl,5563,0.1477147319104633,0.5126590756865371,0.4152435736113608,8.555994966744562,-0.4,71,0.098847348049849,mixed_cyrillic_robustness,needs_decision,,,,,,,,,,
low_contrast_strong,needs_review,low_contrast_strong,,,outputs/robustness_v2_recomputed/graph_vector_v2/low_contrast_strong/summary.json,,,outputs/robustness_v2_recomputed/graph_vector_v2/low_contrast_strong/predictions.jsonl,5563,0.176762103071317,0.5710649698593436,0.34873269818443287,8.48570914973935,-0.4,71,0.098847348049849,mixed_cyrillic_robustness,needs_decision,,,,,,,,,,
noise_medium,needs_review,noise_medium,,,outputs/robustness_v2_recomputed/graph_vector_v2/noise_medium/summary.json,,,outputs/robustness_v2_recomputed/graph_vector_v2/noise_medium/predictions.jsonl,5563,0.15029672045809475,0.5131949095780308,0.41344598238360597,8.511414704296243,-0.4,71,0.098847348049849,mixed_cyrillic_robustness,needs_decision,,,,,,,,,,
noise_mild,needs_review,noise_mild,,,outputs/robustness_v2_recomputed/graph_vector_v2/noise_mild/summary.json,,,outputs/robustness_v2_recomputed/graph_vector_v2/noise_mild/predictions.jsonl,5563,0.14161374284226966,0.49591426657736104,0.432140931152256,8.502246989034694,-0.4,71,0.098847348049849,mixed_cyrillic_robustness,needs_decision,,,,,,,,,,
noise_strong,needs_review,noise_strong,,,outputs/robustness_v2_recomputed/graph_vector_v2/noise_strong/summary.json,,,outputs/robustness_v2_recomputed/graph_vector_v2/noise_strong/predictions.jsonl,5563,0.1757209786569495,0.5552578700602813,0.3670681287075319,8.511774222541794,-0.4,71,0.098847348049849,mixed_cyrillic_robustness,needs_decision,,,,,,,,,,
thick_strokes_medium,needs_review,thick_strokes_medium,,,outputs/robustness_v2_recomputed/graph_vector_v2/thick_strokes_medium/summary.json,,,outputs/robustness_v2_recomputed/graph_vector_v2/thick_strokes_medium/predictions.jsonl,5563,0.15021343050494534,0.5095780308104487,0.4208161064174007,8.494337587632572,-0.4,71,0.098847348049849,mixed_cyrillic_robustness,needs_decision,,,,,,,,,,
thick_strokes_mild,needs_review,thick_strokes_mild,,,outputs/robustness_v2_recomputed/graph_vector_v2/thick_strokes_mild/summary.json,,,outputs/robustness_v2_recomputed/graph_vector_v2/thick_strokes_mild/predictions.jsonl,5563,0.15021343050494534,0.5095780308104487,0.4208161064174007,8.494337587632572,-0.4,71,0.098847348049849,mixed_cyrillic_robustness,needs_decision,,,,,,,,,,
thick_strokes_strong,needs_review,thick_strokes_strong,,,outputs/robustness_v2_recomputed/graph_vector_v2/thick_strokes_strong/summary.json,,,outputs/robustness_v2_recomputed/graph_vector_v2/thick_strokes_strong/predictions.jsonl,5563,0.17963560645497137,0.562357669122572,0.3593384864281862,8.453172748516987,-0.4,71,0.098847348049849,mixed_cyrillic_robustness,needs_decision,,,,,,,,,,
thin_strokes_medium,needs_review,thin_strokes_medium,,,outputs/robustness_v2_recomputed/graph_vector_v2/thin_strokes_medium/summary.json,,,outputs/robustness_v2_recomputed/graph_vector_v2/thin_strokes_medium/predictions.jsonl,5563,0.15608537220197813,0.5202947086403215,0.4046377853676074,8.50080891605249,-0.4,71,0.098847348049849,mixed_cyrillic_robustness,needs_decision,,,,,,,,,,
thin_strokes_mild,needs_review,thin_strokes_mild,,,outputs/robustness_v2_recomputed/graph_vector_v2/thin_strokes_mild/summary.json,,,outputs/robustness_v2_recomputed/graph_vector_v2/thin_strokes_mild/predictions.jsonl,5563,0.15608537220197813,0.5202947086403215,0.4046377853676074,8.50080891605249,-0.4,71,0.098847348049849,mixed_cyrillic_robustness,needs_decision,,,,,,,,,,
thin_strokes_strong,needs_review,thin_strokes_strong,,,outputs/robustness_v2_recomputed/graph_vector_v2/thin_strokes_strong/summary.json,,,outputs/robustness_v2_recomputed/graph_vector_v2/thin_strokes_strong/predictions.jsonl,5563,0.2970327954190526,0.681178834561286,0.24465216609742946,8.13805500629157,-0.4,71,0.098847348049849,mixed_cyrillic_robustness,needs_decision,,,,,,,,,,
smoke,primary,smoke,,,data/experiments/experiments/htr_baseline_v1/cyrillic_handwriting/smoke/summary.json,,,,,,,,,,,,,needs_decision,,,,,,,,,,
cyrillic_handwriting,primary,cyrillic_handwriting,cyrillic_handwriting,,data/experiments/experiments/htr_baseline_v1/cyrillic_handwriting/summary.json,,,,,,,,,,,,,needs_decision,,,,,,,,,,
smoke,primary,smoke,,,data/experiments/experiments/htr_baseline_v1/hkr_words/smoke/summary.json,,,,,,,,,,,,,needs_decision,,,,,,,,,,
hkr_words,primary,hkr_words,hkr_words,,data/experiments/experiments/htr_baseline_v1/hkr_words/summary.json,,,,,,,,,,,,,needs_decision,,,,,,,,,,
smoke,primary,smoke,,,data/experiments/experiments/htr_baseline_v1/iam/smoke/summary.json,,,,,,,,,,,,,needs_decision,,,,,,,,,,
iam,primary,iam,iam,,data/experiments/experiments/htr_baseline_v1/iam/summary.json,,,,,,,,,,,,,needs_decision,,,,,,,,,,
smoke,primary,smoke,,,data/experiments/experiments/htr_baseline_v1/school_notebooks_clean/smoke/summary.json,,,,,,,,,,,,,needs_decision,,,,,,,,,,
school_notebooks_clean,primary,school_notebooks_clean,school_notebooks_clean,,data/experiments/experiments/htr_baseline_v1/school_notebooks_clean/summary.json,,,,,,,,,,,,,needs_decision,,,,,,,,,,
htr_baseline_v1,primary,htr_baseline_v1,,,data/experiments/experiments/htr_baseline_v1/summary.json,,,,,,,,,,,,,needs_decision,,,,,,,,,,
one_sample,primary,one_sample,,,data/experiments/experiments/htr_baseline_v1_ctc_ready/cyrillic_handwriting/one_sample/summary.json,,,,,,,,,,,,,needs_decision,,,,,,,,,,
smoke,primary,smoke,cyrillic_handwriting,,data/experiments/experiments/htr_baseline_v1_ctc_ready/cyrillic_handwriting/smoke/summary.json,,,,,,,,,,,,,needs_decision,,,,,,,,,,
mini10k,primary,mini10k,,43,data/experiments/experiments/htr_baseline_v1_ctc_ready/cyrillic_handwriting/subsets/mini10k/summary.json,,,,,,,,,,,,,needs_decision,,,,,,,,,,
cyrillic_handwriting,primary,cyrillic_handwriting,cyrillic_handwriting,,data/experiments/experiments/htr_baseline_v1_ctc_ready/cyrillic_handwriting/summary.json,,,,,,,,,,,,,needs_decision,,,,,,,,,,
tiny64,primary,tiny64,,,data/experiments/experiments/htr_baseline_v1_ctc_ready/cyrillic_handwriting/tiny64/summary.json,,,,64,,,,,,,,,needs_decision,,,,,,,,,,
smoke,primary,smoke,hkr_words,,data/experiments/experiments/htr_baseline_v1_ctc_ready/hkr_words/smoke/summary.json,,,,,,,,,,,,,needs_decision,,,,,,,,,,
mini10k,primary,mini10k,,43,data/experiments/experiments/htr_baseline_v1_ctc_ready/hkr_words/subsets/mini10k/summary.json,,,,,,,,,,,,,needs_decision,,,,,,,,,,
hkr_words,primary,hkr_words,hkr_words,,data/experiments/experiments/htr_baseline_v1_ctc_ready/hkr_words/summary.json,,,,,,,,,,,,,needs_decision,,,,,,,,,,
smoke,primary,smoke,iam,,data/experiments/experiments/htr_baseline_v1_ctc_ready/iam/smoke/summary.json,,,,,,,,,,,,,needs_decision,,,,,,,,,,
mini10k,primary,mini10k,,43,data/experiments/experiments/htr_baseline_v1_ctc_ready/iam/subsets/mini10k/summary.json,,,,,,,,,,,,,needs_decision,,,,,,,,,,
iam,primary,iam,iam,,data/experiments/experiments/htr_baseline_v1_ctc_ready/iam/summary.json,,,,,,,,,,,,,needs_decision,,,,,,,,,,
smoke,primary,smoke,school_notebooks_clean,,data/experiments/experiments/htr_baseline_v1_ctc_ready/school_notebooks_clean/smoke/summary.json,,,,,,,,,,,,,needs_decision,,,,,,,,,,
mini10k,primary,mini10k,,43,data/experiments/experiments/htr_baseline_v1_ctc_ready/school_notebooks_clean/subsets/mini10k/summary.json,,,,,,,,,,,,,needs_decision,,,,,,,,,,
train50k,primary,train50k,,44,data/experiments/experiments/htr_baseline_v1_ctc_ready/school_notebooks_clean/subsets/train50k/summary.json,,,,,,,,,,,,,needs_decision,,,,,,,,,,
school_notebooks_clean,primary,school_notebooks_clean,school_notebooks_clean,,data/experiments/experiments/htr_baseline_v1_ctc_ready/school_notebooks_clean/summary.json,,,,,,,,,,,,,needs_decision,,,,,,,,,,
htr_baseline_v1_ctc_ready,primary,htr_baseline_v1_ctc_ready,,,data/experiments/experiments/htr_baseline_v1_ctc_ready/summary.json,,,,,,,,,,,,,needs_decision,,,,,,,,,,
smoke,primary,smoke,,,data/experiments/htr_baseline_v1/cyrillic_handwriting/smoke/summary.json,,,,,,,,,,,,,needs_decision,,,,,,,,,,
cyrillic_handwriting,primary,cyrillic_handwriting,cyrillic_handwriting,,data/experiments/htr_baseline_v1/cyrillic_handwriting/summary.json,,,,,,,,,,,,,needs_decision,,,,,,,,,,
smoke,primary,smoke,,,data/experiments/htr_baseline_v1/hkr_words/smoke/summary.json,,,,,,,,,,,,,needs_decision,,,,,,,,,,
hkr_words,primary,hkr_words,hkr_words,,data/experiments/htr_baseline_v1/hkr_words/summary.json,,,,,,,,,,,,,needs_decision,,,,,,,,,,
smoke,primary,smoke,,,data/experiments/htr_baseline_v1/iam/smoke/summary.json,,,,,,,,,,,,,needs_decision,,,,,,,,,,
iam,primary,iam,iam,,data/experiments/htr_baseline_v1/iam/summary.json,,,,,,,,,,,,,needs_decision,,,,,,,,,,
smoke,primary,smoke,,,data/experiments/htr_baseline_v1/school_notebooks_clean/smoke/summary.json,,,,,,,,,,,,,needs_decision,,,,,,,,,,
school_notebooks_clean,primary,school_notebooks_clean,school_notebooks_clean,,data/experiments/htr_baseline_v1/school_notebooks_clean/summary.json,,,,,,,,,,,,,needs_decision,,,,,,,,,,
htr_baseline_v1,primary,htr_baseline_v1,,,data/experiments/htr_baseline_v1/summary.json,,,,,,,,,,,,,needs_decision,,,,,,,,,,
one_sample,primary,one_sample,,,data/experiments/htr_baseline_v1_ctc_ready/cyrillic_handwriting/one_sample/summary.json,,,,,,,,,,,,,needs_decision,,,,,,,,,,
smoke,primary,smoke,cyrillic_handwriting,,data/experiments/htr_baseline_v1_ctc_ready/cyrillic_handwriting/smoke/summary.json,,,,,,,,,,,,,needs_decision,,,,,,,,,,
mini10k,primary,mini10k,,43,data/experiments/htr_baseline_v1_ctc_ready/cyrillic_handwriting/subsets/mini10k/summary.json,,,,,,,,,,,,,needs_decision,,,,,,,,,,
cyrillic_handwriting,primary,cyrillic_handwriting,cyrillic_handwriting,,data/experiments/htr_baseline_v1_ctc_ready/cyrillic_handwriting/summary.json,,,,,,,,,,,,,needs_decision,,,,,,,,,,
tiny64,primary,tiny64,,,data/experiments/htr_baseline_v1_ctc_ready/cyrillic_handwriting/tiny64/summary.json,,,,64,,,,,,,,,needs_decision,,,,,,,,,,
smoke,primary,smoke,hkr_words,,data/experiments/htr_baseline_v1_ctc_ready/hkr_words/smoke/summary.json,,,,,,,,,,,,,needs_decision,,,,,,,,,,
mini10k,primary,mini10k,,43,data/experiments/htr_baseline_v1_ctc_ready/hkr_words/subsets/mini10k/summary.json,,,,,,,,,,,,,needs_decision,,,,,,,,,,
hkr_words,primary,hkr_words,hkr_words,,data/experiments/htr_baseline_v1_ctc_ready/hkr_words/summary.json,,,,,,,,,,,,,needs_decision,,,,,,,,,,
smoke,primary,smoke,iam,,data/experiments/htr_baseline_v1_ctc_ready/iam/smoke/summary.json,,,,,,,,,,,,,needs_decision,,,,,,,,,,
mini10k,primary,mini10k,,43,data/experiments/htr_baseline_v1_ctc_ready/iam/subsets/mini10k/summary.json,,,,,,,,,,,,,needs_decision,,,,,,,,,,
iam,primary,iam,iam,,data/experiments/htr_baseline_v1_ctc_ready/iam/summary.json,,,,,,,,,,,,,needs_decision,,,,,,,,,,
mixed_cyrillic_balanced50k_v1,primary,mixed_cyrillic_balanced50k_v1,,45,data/experiments/htr_baseline_v1_ctc_ready/mixed_cyrillic_balanced50k_v1/summary.json,,,,,,,,,,,,,needs_decision,,,,,,,,,,
mixed_cyrillic_natural_full_v1,primary,mixed_cyrillic_natural_full_v1,,46,data/experiments/htr_baseline_v1_ctc_ready/mixed_cyrillic_natural_full_v1/summary.json,,,,,,,,,,,,,needs_decision,,,,,,,,,,
smoke,primary,smoke,school_notebooks_clean,,data/experiments/htr_baseline_v1_ctc_ready/school_notebooks_clean/smoke/summary.json,,,,,,,,,,,,,needs_decision,,,,,,,,,,
mini10k,primary,mini10k,,43,data/experiments/htr_baseline_v1_ctc_ready/school_notebooks_clean/subsets/mini10k/summary.json,,,,,,,,,,,,,needs_decision,,,,,,,,,,
train50k,primary,train50k,,44,data/experiments/htr_baseline_v1_ctc_ready/school_notebooks_clean/subsets/train50k/summary.json,,,,,,,,,,,,,needs_decision,,,,,,,,,,
school_notebooks_clean,primary,school_notebooks_clean,school_notebooks_clean,,data/experiments/htr_baseline_v1_ctc_ready/school_notebooks_clean/summary.json,,,,,,,,,,,,,needs_decision,,,,,,,,,,
htr_baseline_v1_ctc_ready,primary,htr_baseline_v1_ctc_ready,,,data/experiments/htr_baseline_v1_ctc_ready/summary.json,,,,,,,,,,,,,needs_decision,,,,,,,,,,
tri10k_mixed_plus_school_lines_10k_context_v1,primary,tri10k_mixed_plus_school_lines_10k_context_v1,,,data/experiments/htr_baseline_v1_ctc_ready/tri10k_mixed_plus_school_lines_10k_context_v1/summary.json,,,,,,,,,,,,,needs_decision,,,,,,,,,,
tri10k_mixed_plus_school_lines_2k_context_v1,primary,tri10k_mixed_plus_school_lines_2k_context_v1,,,data/experiments/htr_baseline_v1_ctc_ready/tri10k_mixed_plus_school_lines_2k_context_v1/summary.json,,,,,,,,,,,,,needs_decision,,,,,,,,,,
tri10k_mixed_plus_school_lines_5k_context_v1,primary,tri10k_mixed_plus_school_lines_5k_context_v1,,,data/experiments/htr_baseline_v1_ctc_ready/tri10k_mixed_plus_school_lines_5k_context_v1/summary.json,,,,,,,,,,,,,needs_decision,,,,,,,,,,
tri10k,needs_review,tri10k,,,data/experiments/htr_graph_v1/features/tri10k/summary.json,,,,,,,,,,,,,needs_decision,,,,,,,,,,
tri10k_school_fg_v3_auto,needs_review,tri10k_school_fg_v3_auto,,,data/experiments/htr_graph_v1/features/tri10k_school_fg_v3_auto/summary.json,,,,,,,,,,,,,needs_decision,,,,,,,,,,
tri10k_school_fg_v3_global145,needs_review,tri10k_school_fg_v3_global145,,,data/experiments/htr_graph_v1/features/tri10k_school_fg_v3_global145/summary.json,,,,,,,,,,,,,needs_decision,,,,,,,,,,
tri10k_mixed_plus_school_lines_10k_context_v1,exploratory,tri10k_mixed_plus_school_lines_10k_context_v1,,,data/experiments/htr_graph_v1/graph_fusion_ready/tri10k_mixed_plus_school_lines_10k_context_v1/summary.json,,,,,,,,,,,,,needs_decision,,,,,,,,,,
debug_school_lineaware_v3_limit,needs_review,debug_school_lineaware_v3_limit,,,data/experiments/htr_graph_v1/graph_ready/debug_school_lineaware_v3_limit/summary.json,,,,,,,,,,,,,needs_decision,,,,,,,,,,
tri10k_mixed,needs_review,tri10k_mixed,,48,data/experiments/htr_graph_v1/graph_ready/tri10k_mixed/summary.json,,,,,,,,,,,,,needs_decision,,,,,,,,,,
tri10k_mixed_school_fg_v3_auto,needs_review,tri10k_mixed_school_fg_v3_auto,,48,data/experiments/htr_graph_v1/graph_ready/tri10k_mixed_school_fg_v3_auto/summary.json,,,,,,,,,,,,,needs_decision,,,,,,,,,,
tri10k_mixed_school_lineaware_v3,needs_review,tri10k_mixed_school_lineaware_v3,,,data/experiments/htr_graph_v1/graph_ready/tri10k_mixed_school_lineaware_v3/summary.json,,,,,,,,,,,,,needs_decision,,,,,,,,,,
tri10k_mixed,needs_review,tri10k_mixed,,,data/experiments/htr_graph_v1/local_graph_ready/tri10k_mixed/summary.json,,,,,,,,,,,,,needs_decision,,,,,,,,,,
tri10k_mixed_v2,needs_review,tri10k_mixed_v2,,,data/experiments/htr_graph_v1/local_graph_ready/tri10k_mixed_v2/summary.json,,,,,,,,,,,,,needs_decision,,,,,,,,,,
robustness_v2_recomputed,needs_review,robustness_v2_recomputed,,,data/experiments/htr_graph_v1/robustness_v2_recomputed/summary.json,,,,,,,,,,,,,needs_decision,,,,,,,,,,
tri10k,needs_review,tri10k,,47,data/experiments/htr_graph_v1/subsets/tri10k/summary.json,,,,,,,,,,,,,needs_decision,,,,,,,,,,
school_notebooks_full_line_v1,needs_review,school_notebooks_full_line_v1,,,data/experiments/iter2_line_corpus/school_notebooks_full_line_v1/summary.json,,,,,,,,,,,,,needs_decision,,,,,,,,,,
school_notebooks_full_line_v1_sampled_10k,needs_review,school_notebooks_full_line_v1_sampled_10k,,42,data/experiments/iter2_line_corpus/school_notebooks_full_line_v1_sampled_10k/summary.json,,,,,,,,,,,,,needs_decision,,,,,,,,,,
school_notebooks_full_line_v1_sampled_2k,needs_review,school_notebooks_full_line_v1_sampled_2k,,42,data/experiments/iter2_line_corpus/school_notebooks_full_line_v1_sampled_2k/summary.json,,,,,,,,,,,,,needs_decision,,,,,,,,,,
school_notebooks_full_line_v1_sampled_5k,needs_review,school_notebooks_full_line_v1_sampled_5k,,42,data/experiments/iter2_line_corpus/school_notebooks_full_line_v1_sampled_5k/summary.json,,,,,,,,,,,,,needs_decision,,,,,,,,,,
school_notebooks_full_coco,needs_review,school_notebooks_full_coco,,,data/experiments/iter2_line_groups/school_notebooks_full_coco/summary.json,,,,,,,,,,,,,needs_decision,,,,,,,,,,
school_notebooks_full_coco_geometry_v1,needs_review,school_notebooks_full_coco_geometry_v1,,,data/experiments/iter2_line_groups/school_notebooks_full_coco_geometry_v1/summary.json,,,,,,,,,,,,,needs_decision,,,,,,,,,,
school_notebooks_lineaware_v3,needs_review,school_notebooks_lineaware_v3,,,data/experiments/iter2_line_groups/school_notebooks_lineaware_v3/summary.json,,,,,,,,,,,,,needs_decision,,,,,,,,,,
school_notebooks_lineaware_v3,needs_review,school_notebooks_lineaware_v3,,,data/experiments/iter2_quality_manifests/school_notebooks_lineaware_v3/summary.json,,,,,,,,,,,,,needs_decision,,,,,,,,,,
local_graph_ready,needs_review,local_graph_ready,,,data/experiments/robustness_v1/tri10k_mixed_test/local_graph_ready/summary.json,,,,,,,,,,,,,needs_decision,,,,,,,,,,
tri10k_mixed_test,needs_review,tri10k_mixed_test,,20260614,data/experiments/robustness_v1/tri10k_mixed_test/summary.json,,,,,,,,,,,,,needs_decision,,,,,,,,,,
