area,aspect_ratio,bbox_json,border_fg_ratio,category,component_count,contrast_range,dhash,exact_hash,fg_fraction,gray_p05,gray_p95,gray_std,height,horizontal_line_fraction,horizontal_line_rows,horizontal_line_width_fraction,image_path,level,line_id,max_row_occupancy,page_id,page_key,pixels_per_char,sample_id,split,suspicion_reasons,suspicion_score,suspicious,text,text_len,threshold_used,touches_bottom,touches_left,touches_right,touches_top,touching_sides,width,width_per_char,calibration_stratum
15232,3.71875,,0.0,pupil_text,2,169.0,1c3f5941657fc052,e9521422e10e16cfcd8529d2323df37ee1b745f1,0.1712841386554622,86.0,255.0,62.76526077733505,64,0.10463779225756994,2,0.6554621848739496,/home/galetka/Documents/Programming/hi-csg-r/data/processed/school_notebooks/ocr_images/school_notebooks_val_0269864.png,word,,0.7857142857142857,,,1523.2,school_notebooks_val_0269864,val,long_horizontal_structure,2,1,заботилась,10,145,0,0,0,0,0,238,23.8,line_low
5696,1.390625,,0.0,pupil_comment,1,162.0,4812183f2f2b0320,adeaf8447cbc6325ce8d79b18fa4468c9a90aad0,0.24455758426966293,93.0,255.0,63.54618565806146,64,0.8571428571428571,25,0.7078651685393258,/home/galetka/Documents/Programming/hi-csg-r/data/processed/school_notebooks/ocr_images/school_notebooks_train_0000524.png,word,,0.6853932584269663,,,2848.0,school_notebooks_train_0000524,train,very_short_text;probable_horizontal_ruling,4,1,п.,2,145,0,0,0,0,0,89,44.5,short_text_line_candidate
9472,2.3125,,0.0,pupil_text,1,155.0,69607d0f21604400,72e6815e6f5487c80556a430a9123ac2cfd3ba65,0.07569679054054054,100.0,255.0,51.125657609707304,64,0.0,0,0.0,/home/galetka/Documents/Programming/hi-csg-r/data/processed/school_notebooks/ocr_images/school_notebooks_train_0174110.png,word,,0.35135135135135137,,,1184.0,school_notebooks_train_0174110,train,,0,0,"(время),",8,145,0,0,0,0,0,148,18.5,line_none
9408,2.296875,,0.0,pupil_text,1,181.0,0c4d113165756d03,510912f5c07bd52af04f197a086ede7522037883,0.1793154761904762,74.0,255.0,59.84754183062972,64,0.13930053349140487,3,0.8639455782312925,/home/galetka/Documents/Programming/hi-csg-r/data/processed/school_notebooks/ocr_images/school_notebooks_train_0132793.png,word,,0.7891156462585034,,,2352.0,school_notebooks_train_0132793,train,probable_horizontal_ruling,3,1,быть,4,145,0,0,0,0,0,147,36.75,line_medium
7168,1.75,,0.0,pupil_text,3,211.0,0263234b592d2e68,641d1d36aa6565b26c0876ecdd173c3b27181b5e,0.17703683035714285,44.0,255.0,68.45661960559224,64,0.18833727344365642,3,0.875,/home/galetka/Documents/Programming/hi-csg-r/data/processed/school_notebooks/ocr_images/school_notebooks_train_0242488.png,word,,0.875,,,3584.0,school_notebooks_train_0242488,train,very_short_text;probable_horizontal_ruling,4,1,ше,2,145,0,0,0,0,0,112,56.0,short_text_line_candidate
12160,2.96875,,0.0,pupil_text,1,177.0,082031392b5e6d92,7d458a72d561ab6790433ffac286d28d913f87db,0.10879934210526315,78.0,255.0,58.22143851920803,64,0.0,0,0.0,/home/galetka/Documents/Programming/hi-csg-r/data/processed/school_notebooks/ocr_images/school_notebooks_test_0296874.png,word,,0.3631578947368421,,,6080.0,school_notebooks_test_0296874,test,very_short_text,1,0,на,2,145,0,0,0,0,0,190,95.0,short_text_no_line
5824,1.421875,,0.0,pupil_comment,2,150.0,817c3b33274b662d,09d0f6d77bc12e1670b47f072bbc16155d27b56c,0.10027472527472528,105.0,255.0,49.85544882148885,64,0.0,0,0.0,/home/galetka/Documents/Programming/hi-csg-r/data/processed/school_notebooks/ocr_images/school_notebooks_test_0301218.png,word,,0.25274725274725274,,,2912.0,school_notebooks_test_0301218,test,very_short_text,1,0,гл,2,145,0,0,0,0,0,91,45.5,short_text_no_line
8192,2.0,,0.0,pupil_text,2,192.0,011c27272f290500,845b3a3a66cd6ff4035fad243aef9ec2cd3b5f7a,0.1253662109375,63.0,255.0,61.60986842181111,64,0.0,0,0.0,/home/galetka/Documents/Programming/hi-csg-r/data/processed/school_notebooks/ocr_images/school_notebooks_train_0000197.png,word,,0.53125,,,2730.6666666666665,school_notebooks_train_0000197,train,,0,0,мн.,3,145,0,0,0,0,0,128,42.666666666666664,line_none
4672,1.140625,,0.0,pupil_text,1,180.0,606e6f654b0d4c49,71d80e3c88aeb9b9a8d577e93d0d2fc04dc36cc9,0.1819349315068493,74.0,254.0,64.26266524725808,64,0.1188235294117647,2,0.7123287671232876,/home/galetka/Documents/Programming/hi-csg-r/data/processed/school_notebooks/ocr_images/school_notebooks_test_0305411.png,word,,0.7123287671232876,,,934.4,school_notebooks_test_0305411,test,long_horizontal_structure,2,1,видел,5,145,0,0,0,0,0,73,14.6,line_low
13440,3.28125,,0.0,pupil_text,1,171.0,84176d4d354b5e60,4dd7799aeff52605091a88b1ec838919cfcd7bff,0.21279761904761904,84.0,255.0,61.37119560507565,64,0.21783216783216783,4,0.819047619047619,/home/galetka/Documents/Programming/hi-csg-r/data/processed/school_notebooks/ocr_images/school_notebooks_train_0013922.png,word,,0.8142857142857143,,,2688.0,school_notebooks_train_0013922,train,probable_horizontal_ruling,3,1,около,5,145,0,0,0,0,0,210,42.0,line_medium
13376,3.265625,,0.0,pupil_text,1,201.0,02034947432b7ff0,5b14e3631189d80d207e0dc19ca236dd94fe0a5c,0.5864982057416268,54.0,255.0,76.9128725867854,64,0.6866794136392607,42,0.937799043062201,/home/galetka/Documents/Programming/hi-csg-r/data/processed/school_notebooks/ocr_images/school_notebooks_train_0143036.png,word,,0.9186602870813397,,,2229.3333333333335,school_notebooks_train_0143036,train,foreground_heavy;probable_horizontal_ruling,6,1,плане-,6,120,0,0,0,0,0,209,34.833333333333336,foreground_heavy
4800,1.171875,,0.0,pupil_text,1,208.0,407e3e1f131b1305,5f249977fcc36c9ea403743063094565ea6a22fc,0.1625,46.0,254.0,76.31376494879363,64,0.4371794871794872,8,0.7466666666666667,/home/galetka/Documents/Programming/hi-csg-r/data/processed/school_notebooks/ocr_images/school_notebooks_train_0038994.png,word,,0.6533333333333333,,,2400.0,school_notebooks_train_0038994,train,very_short_text;probable_horizontal_ruling,4,1,ч.,2,120,0,0,0,0,0,75,37.5,short_text_line_candidate
9088,2.21875,,0.0,pupil_text,5,135.0,141a9b090b197f70,baeda0ef5dd31e742010cc0f0ace3d6fa3e9b9d2,0.11586707746478873,120.0,255.0,50.43390325446405,64,0.0,0,0.0,/home/galetka/Documents/Programming/hi-csg-r/data/processed/school_notebooks/ocr_images/school_notebooks_test_0318887.png,word,,0.2887323943661972,,,1817.6,school_notebooks_test_0318887,test,,0,0,легко,5,145,0,0,0,0,0,142,28.4,line_none
7744,1.890625,,0.0,pupil_comment,1,201.0,0b0b4b5b19210f8c,fad574bb30b4ce34ef25023647922acf39447ef6,0.559529958677686,54.0,255.0,82.64636470888178,64,0.9416108931456266,46,0.8677685950413223,/home/galetka/Documents/Programming/hi-csg-r/data/processed/school_notebooks/ocr_images/school_notebooks_train_0239018.png,word,,0.8677685950413223,,,2581.3333333333335,school_notebooks_train_0239018,train,foreground_heavy;probable_horizontal_ruling,6,1,скл,3,120,0,0,0,0,0,121,40.333333333333336,foreground_heavy
4096,1.0,,0.0,pupil_text,3,124.25,02061e36765d6d08,d48f3a8d039b6213ab51a685360d69e3b44db385,0.060302734375,130.75,255.0,39.834364556819715,64,0.0,0,0.0,/home/galetka/Documents/Programming/hi-csg-r/data/processed/school_notebooks/ocr_images/school_notebooks_train_0232284.png,word,,0.203125,,,1365.3333333333333,school_notebooks_train_0232284,train,,0,0,"б.,",3,145,0,0,0,0,0,64,21.333333333333332,line_none
9920,2.421875,,0.0,pupil_text,8,143.0,03114969cb185a10,59ec06f0be5ffdfe220134c8202f2cd1722bc964,0.0719758064516129,112.0,255.0,45.03900219881675,64,0.0,0,0.0,/home/galetka/Documents/Programming/hi-csg-r/data/processed/school_notebooks/ocr_images/school_notebooks_train_0130058.png,word,,0.3548387096774194,,,1984.0,school_notebooks_train_0130058,train,,0,0,шорох,5,145,0,0,0,0,0,155,31.0,line_none
4736,1.15625,,0.0,pupil_text,2,163.0,160e0f8f0f2f2b15,dca933d8239d482cac7397b84c5ac7a9742c9bfa,0.08298141891891891,92.0,255.0,54.64470949272536,64,0.0,0,0.0,/home/galetka/Documents/Programming/hi-csg-r/data/processed/school_notebooks/ocr_images/school_notebooks_test_0316855.png,word,,0.35135135135135137,,,2368.0,school_notebooks_test_0316855,test,very_short_text,1,0,бы,2,145,0,0,0,0,0,74,37.0,short_text_no_line
6976,1.703125,,0.0,pupil_text,1,207.25,023d3e5755471621,ccb9ea98d3c591e20600c5b3b88cf3d283986c6b,0.1720183486238532,47.75,255.0,69.77011608813602,64,0.035833333333333335,1,0.3944954128440367,/home/galetka/Documents/Programming/hi-csg-r/data/processed/school_notebooks/ocr_images/school_notebooks_val_0287519.png,word,,0.5688073394495413,,,3488.0,school_notebooks_val_0287519,val,very_short_text,1,0,он,2,145,0,0,0,0,0,109,54.5,short_text_no_line
13376,3.265625,,0.0,pupil_text,8,196.0,a13c2f5921236306,9d65a2dbb535b2da1af7dbdcdc4439d6eb48f88d,0.319377990430622,59.0,255.0,76.81090908318875,64,0.36680711610486894,11,0.9234449760765551,/home/galetka/Documents/Programming/hi-csg-r/data/processed/school_notebooks/ocr_images/school_notebooks_val_0294186.png,word,,0.937799043062201,,,2229.3333333333335,school_notebooks_val_0294186,val,probable_horizontal_ruling,3,1,взгляд,6,120,0,0,0,0,0,209,34.833333333333336,line_high
14912,3.640625,,0.0,pupil_text,1,188.0,3f19332543c0d0c0,0aeef075f0c38f43c09397ff2a5e5986bfcfc077,0.11876341201716738,67.0,255.0,61.08035212918638,64,0.05815923207227555,1,0.44206008583690987,/home/galetka/Documents/Programming/hi-csg-r/data/processed/school_notebooks/ocr_images/school_notebooks_train_0093479.png,word,,0.7639484978540773,,,1864.0,school_notebooks_train_0093479,train,long_horizontal_structure,2,1,джигита.,8,145,0,0,0,0,0,233,29.125,line_low
4096,1.0,,0.0,pupil_text,2,188.0,272f177317272e18,d45e1040cbc819e118f6fd2470cca856322816ae,0.316650390625,67.0,255.0,67.25995573461212,64,0.3037779491133385,12,0.765625,/home/galetka/Documents/Programming/hi-csg-r/data/processed/school_notebooks/ocr_images/school_notebooks_test_0321344.png,word,,0.75,,,1365.3333333333333,school_notebooks_test_0321344,test,probable_horizontal_ruling,3,1,год,3,145,0,0,0,0,0,64,21.333333333333332,line_high
5952,1.453125,,0.0,pupil_text,1,210.0,0c0733173747532d,1e058a78e81cbcc11ad8d985901b1d9b0885d6f6,0.1639784946236559,45.0,255.0,63.62470149245845,64,0.18442622950819673,3,0.8709677419354839,/home/galetka/Documents/Programming/hi-csg-r/data/processed/school_notebooks/ocr_images/school_notebooks_train_0022779.png,word,,0.8602150537634409,,,2976.0,school_notebooks_train_0022779,train,very_short_text;probable_horizontal_ruling,4,1,на,2,145,0,0,0,0,0,93,46.5,short_text_line_candidate
7488,1.828125,,0.0,pupil_text,5,141.64999999999998,904e475357310110,200b639e4931721698b4b37f957c1895f9bbd1db,0.06891025641025642,112.35000000000002,254.0,46.441856379681354,64,0.0,0,0.0,/home/galetka/Documents/Programming/hi-csg-r/data/processed/school_notebooks/ocr_images/school_notebooks_train_0129578.png,word,,0.24786324786324787,,,1872.0,school_notebooks_train_0129578,train,,0,0,454.,4,145,0,0,0,0,0,117,29.25,line_none
8768,2.140625,,0.0,pupil_text,1,162.0,162136366d1b0600,a1b0b3c951d0588e91da9af9a0dfadb8553c5913,0.0927235401459854,93.0,255.0,50.76454973958119,64,0.0,0,0.0,/home/galetka/Documents/Programming/hi-csg-r/data/processed/school_notebooks/ocr_images/school_notebooks_train_0203179.png,word,,0.29927007299270075,,,4384.0,school_notebooks_train_0203179,train,very_short_text,1,0,на,2,145,0,0,0,0,0,137,68.5,short_text_no_line
8192,2.0,,0.0,pupil_text,5,167.0,44871b3b2747473c,e55c6842ace183342c154921c66d4d7bd31412b0,0.1263427734375,87.0,254.0,55.96315624328594,64,0.0,0,0.0,/home/galetka/Documents/Programming/hi-csg-r/data/processed/school_notebooks/ocr_images/school_notebooks_train_0171232.png,word,,0.4609375,,,4096.0,school_notebooks_train_0171232,train,very_short_text,1,0,ал,2,145,0,0,0,0,0,128,64.0,short_text_no_line
4096,1.0,,0.0,pupil_text,1,155.0,3e373f5b53032303,70babaef1d5357705a705d63901799bb0adbb52d,0.112060546875,100.0,255.0,54.07565785191721,64,0.0,0,0.0,/home/galetka/Documents/Programming/hi-csg-r/data/processed/school_notebooks/ocr_images/school_notebooks_test_0311459.png,word,,0.390625,,,1365.3333333333333,school_notebooks_test_0311459,test,,0,0,эту,3,145,0,0,0,0,0,64,21.333333333333332,line_none
8512,2.078125,,0.0,pupil_text,1,203.0,005d56256d4b9601,649d2a9b0f13081a89388210f840a084a0e6451e,0.22274436090225563,52.0,255.0,72.55725277218251,64,0.03270042194092827,1,0.46616541353383456,/home/galetka/Documents/Programming/hi-csg-r/data/processed/school_notebooks/ocr_images/school_notebooks_val_0287379.png,word,,0.6466165413533834,,,4256.0,school_notebooks_val_0287379,val,very_short_text,1,0,на,2,145,0,0,0,0,0,133,66.5,short_text_no_line
5504,1.34375,,0.0,pupil_comment,1,175.0,25131b1b1b8f0602,c84e1528ad06eee6a47407d920324d7e37e021d0,0.14026162790697674,80.0,255.0,59.455813733618385,64,0.13730569948186527,3,0.47674418604651164,/home/galetka/Documents/Programming/hi-csg-r/data/processed/school_notebooks/ocr_images/school_notebooks_train_0172314.png,word,,0.47674418604651164,,,2752.0,school_notebooks_train_0172314,train,very_short_text,1,0,гл,2,145,0,0,0,0,0,86,43.0,short_text_line_candidate
9024,2.203125,,0.0,pupil_text,2,146.0,0003793333575e00,67c964c1da014b5e01f3c7903d8556be10828df9,0.12422429078014184,109.0,255.0,54.101027769103126,64,0.272078501338091,4,0.6879432624113475,/home/galetka/Documents/Programming/hi-csg-r/data/processed/school_notebooks/ocr_images/school_notebooks_test_0320848.png,word,,0.6808510638297872,,,4512.0,school_notebooks_test_0320848,test,very_short_text;probable_horizontal_ruling,4,1,н-,2,145,0,0,0,0,0,141,70.5,short_text_line_candidate
9024,2.203125,,0.0,pupil_text,1,199.0,4a58514d3b73d083,635bde4efc9af08a1cc949adedd2e8d001b949dc,0.33832003546099293,55.0,254.0,73.19998502681479,64,0.4615132656403538,16,0.8581560283687943,/home/galetka/Documents/Programming/hi-csg-r/data/processed/school_notebooks/ocr_images/school_notebooks_train_0220594.png,word,,0.8439716312056738,,,1289.142857142857,school_notebooks_train_0220594,train,probable_horizontal_ruling,3,1,добычей,7,145,0,0,0,0,0,141,20.142857142857142,line_high
7360,1.796875,,0.0,pupil_comment,1,212.0,b03e4f591b3b3f60,0ee517104d0f26fa8fe18b85e7038cf7cb2b9521,0.45706521739130435,43.0,255.0,84.20618708391736,64,0.9051724137931034,35,0.9130434782608695,/home/galetka/Documents/Programming/hi-csg-r/data/processed/school_notebooks/ocr_images/school_notebooks_train_0237352.png,word,,0.9043478260869565,,,1840.0,school_notebooks_train_0237352,train,foreground_heavy;probable_horizontal_ruling,6,1,по.п,4,120,0,0,0,0,0,115,28.75,foreground_heavy
8704,2.125,,0.0,pupil_comment,1,187.0,36393961597373c0,1b454ab6392d01e6400d41c4a198df8ea9e91f37,0.45622702205882354,68.0,255.0,79.56525545640564,64,0.7821707378494082,29,0.9117647058823529,/home/galetka/Documents/Programming/hi-csg-r/data/processed/school_notebooks/ocr_images/school_notebooks_train_0239673.png,word,,0.8897058823529411,,,2901.3333333333335,school_notebooks_train_0239673,train,foreground_heavy;probable_horizontal_ruling,6,1,в.п,3,120,0,0,0,0,0,136,45.333333333333336,foreground_heavy
8832,2.15625,,0.0,pupil_text,5,225.0,281b192b57675b04,2901b7cbce9da7171cfce27ae1e1859672cf41ba,0.1402853260869565,30.0,255.0,66.70472354578361,64,0.0,0,0.0,/home/galetka/Documents/Programming/hi-csg-r/data/processed/school_notebooks/ocr_images/school_notebooks_train_0092018.png,word,,0.32608695652173914,,,4416.0,school_notebooks_train_0092018,train,very_short_text,1,0,те,2,145,0,0,0,0,0,138,69.0,short_text_no_line
10304,2.515625,,0.0,pupil_text,3,151.0,0c0f233527030181,4f4e9a5d1a7b26f87119c227a5888342fb620815,0.1142274844720497,104.0,255.0,50.83882708644373,64,0.0,0,0.0,/home/galetka/Documents/Programming/hi-csg-r/data/processed/school_notebooks/ocr_images/school_notebooks_train_0264204.png,word,,0.32298136645962733,,,1717.3333333333333,school_notebooks_train_0264204,train,,0,0,любвим,6,145,0,0,0,0,0,161,26.833333333333332,line_none
7744,1.890625,,0.0,pupil_text,2,154.0,509f29350d031302,4492e8abac395edca712a086a58b39585289b6ac,0.09284607438016529,100.0,254.0,53.76129097586149,64,0.0,0,0.0,/home/galetka/Documents/Programming/hi-csg-r/data/processed/school_notebooks/ocr_images/school_notebooks_test_0296898.png,word,,0.4049586776859504,,,3872.0,school_notebooks_test_0296898,test,very_short_text,1,0,"и,",2,145,0,0,0,0,0,121,60.5,short_text_no_line
6656,1.625,,0.0,pupil_text,6,141.0,11383f37475d7b4b,e48d97d7b8a429049c1df83a138b1746b9098b52,0.09104567307692307,114.0,255.0,51.710226243156036,64,0.13366336633663367,2,0.5576923076923077,/home/galetka/Documents/Programming/hi-csg-r/data/processed/school_notebooks/ocr_images/school_notebooks_test_0317160.png,phrase,,0.5096153846153846,,,1331.2,school_notebooks_test_0317160,test,probable_horizontal_ruling,3,1,"2 л.,",5,145,0,0,0,0,0,104,20.8,line_medium
8448,2.0625,,0.0,pupil_text,1,185.0,185a584d51592f0f,b94cb4aee7d7fd4d89436e7e5b10fb8fa3d89223,0.12275094696969698,70.0,255.0,61.50169329240306,64,0.054966248794599805,1,0.4318181818181818,/home/galetka/Documents/Programming/hi-csg-r/data/processed/school_notebooks/ocr_images/school_notebooks_val_0279025.png,word,,0.553030303030303,,,2112.0,school_notebooks_val_0279025,val,,0,0,свет,4,145,0,0,0,0,0,132,33.0,line_low
17600,4.296875,,0.0,pupil_text,3,188.0,6069606969637fc0,d960a5b57a42ee888ee3d9f1b44f974c60b8e4ca,0.20147727272727273,67.0,255.0,66.74582511387297,64,0.23575860124083475,5,0.96,/home/galetka/Documents/Programming/hi-csg-r/data/processed/school_notebooks/ocr_images/school_notebooks_train_0221799.png,word,,0.92,,,2200.0,school_notebooks_train_0221799,train,probable_horizontal_ruling,3,1,домашняя,8,145,0,0,0,0,0,275,34.375,line_medium
9792,2.390625,,0.0,pupil_text,1,176.0,203f5765030d4811,242ad3c66887a285409475d177d13f99a22d520d,0.21548202614379086,78.0,254.0,65.13783837050846,64,0.4872037914691943,12,0.9019607843137255,/home/galetka/Documents/Programming/hi-csg-r/data/processed/school_notebooks/ocr_images/school_notebooks_val_0270240.png,word,,0.8366013071895425,,,2448.0,school_notebooks_val_0270240,val,probable_horizontal_ruling,3,1,шире,4,145,0,0,0,0,0,153,38.25,line_high
14144,3.453125,,0.0,pupil_text,7,149.8499999999999,00140009134f7fc0,8201970123008d6b54e58093094dca3c4a9b78fd,0.08547794117647059,105.15000000000009,255.0,52.322616746891164,64,0.0,0,0.0,/home/galetka/Documents/Programming/hi-csg-r/data/processed/school_notebooks/ocr_images/school_notebooks_train_0041711.png,word,,0.31221719457013575,,,2020.5714285714287,school_notebooks_train_0041711,train,,0,0,тишены!,7,145,0,0,0,0,0,221,31.571428571428573,line_none
7424,1.8125,,0.0,pupil_text,2,171.0,2c2f130b23070e0d,baf8506fbdc6057685dda1edbfdcb2d53f48d71c,0.11570581896551724,84.0,255.0,57.355731191452556,64,0.0,0,0.0,/home/galetka/Documents/Programming/hi-csg-r/data/processed/school_notebooks/ocr_images/school_notebooks_train_0071945.png,word,,0.3879310344827586,,,2474.6666666666665,school_notebooks_train_0071945,train,,0,0,под,3,145,0,0,0,0,0,116,38.666666666666664,line_none
5120,1.25,,0.0,pupil_text,1,206.0,4e8f173f2f5e3936,b0998bf78336a52662fee805ee3058522434284e,0.424609375,49.0,255.0,85.4127564738881,64,0.9070837166513339,42,0.85,/home/galetka/Documents/Programming/hi-csg-r/data/processed/school_notebooks/ocr_images/school_notebooks_val_0273175.png,word,,0.725,,,2560.0,school_notebooks_val_0273175,val,very_short_text;foreground_heavy;probable_horizontal_ruling,7,1,не,2,120,0,0,0,0,0,80,40.0,foreground_heavy
11584,2.828125,,0.0,pupil_text,3,200.0,4240654733436564,fd756a1916e90b53e8b34332cda3fc4d899172b8,0.30740676795580113,55.0,255.0,71.16489032019123,64,0.15164279696714406,6,0.6961325966850829,/home/galetka/Documents/Programming/hi-csg-r/data/processed/school_notebooks/ocr_images/school_notebooks_train_0193977.png,word,,0.856353591160221,,,1053.090909090909,school_notebooks_train_0193977,train,probable_horizontal_ruling,3,1,контрольный,11,145,0,0,0,0,0,181,16.454545454545453,line_medium
7232,1.765625,,0.0,pupil_text,2,203.0,5899293b33570300,008fc8073f46c71812ec5c445f14b5957b20be37,0.3620022123893805,52.0,255.0,82.77345911838786,64,0.4144385026737968,15,0.8230088495575221,/home/galetka/Documents/Programming/hi-csg-r/data/processed/school_notebooks/ocr_images/school_notebooks_test_0302205.png,word,,0.8230088495575221,,,3616.0,school_notebooks_test_0302205,test,very_short_text;foreground_heavy;probable_horizontal_ruling,7,1,не,2,120,0,0,0,0,0,113,56.5,foreground_heavy
10176,2.484375,,0.0,pupil_text,4,207.0,407f2b256b571103,4d4db6a05864ac2c9ef535947d98512b13340ade,0.17541273584905662,48.0,255.0,66.9935839593231,64,0.32100840336134456,5,0.8679245283018868,/home/galetka/Documents/Programming/hi-csg-r/data/processed/school_notebooks/ocr_images/school_notebooks_val_0285214.png,word,,0.8679245283018868,,,3392.0,school_notebooks_val_0285214,val,probable_horizontal_ruling,3,1,или,3,145,0,0,0,0,0,159,53.0,line_high
10944,2.671875,,0.0,pupil_text,2,165.0,382f4b1149c91801,b4076d46d4af35aa3d8ec4c96bf813fb71ba3b13,0.1608187134502924,90.0,255.0,58.7517847075181,64,0.3625,5,0.9122807017543859,/home/galetka/Documents/Programming/hi-csg-r/data/processed/school_notebooks/ocr_images/school_notebooks_test_0303464.png,word,,0.9064327485380117,,,2736.0,school_notebooks_test_0303464,test,probable_horizontal_ruling,3,1,торт,4,145,0,0,0,0,0,171,42.75,line_high
7552,1.84375,,0.0,pupil_text,1,197.0,61687355336f5501,d56d4569b89b20fa3a2df34e428b859676460b56,0.1839247881355932,57.0,254.0,65.37964114920314,64,0.2606191504679626,4,0.8983050847457628,/home/galetka/Documents/Programming/hi-csg-r/data/processed/school_notebooks/ocr_images/school_notebooks_train_0002840.png,word,,0.8983050847457628,,,1888.0,school_notebooks_train_0002840,train,probable_horizontal_ruling,3,1,вает,4,145,0,0,0,0,0,118,29.5,line_medium
8320,2.03125,,0.0,pupil_text,5,136.0,8121634d6d676101,1ac19fcf7e845bbe5c45d7a8cbe4b25b4f31301f,0.11430288461538461,119.0,255.0,48.77903400638497,64,0.33543638275499477,4,0.8307692307692308,/home/galetka/Documents/Programming/hi-csg-r/data/processed/school_notebooks/ocr_images/school_notebooks_test_0309708.png,word,,0.8615384615384616,,,1188.5714285714287,school_notebooks_test_0309708,test,probable_horizontal_ruling,3,1,делаю?),7,145,0,0,0,0,0,130,18.571428571428573,line_high
10816,2.640625,,0.0,teacher_comment,3,203.0,58626369590b0f08,0e9c4f358f4fb232cc66505b58251d22f5202113,0.16013313609467456,51.0,254.0,65.67691784877465,64,0.0,0,0.0,/home/galetka/Documents/Programming/hi-csg-r/data/processed/school_notebooks/ocr_images/school_notebooks_train_0252177.png,word,,0.5266272189349113,,,1802.6666666666667,school_notebooks_train_0252177,train,,0,0,бегали,6,145,0,0,0,0,0,169,28.166666666666668,line_none
10112,2.46875,,0.0,pupil_text,1,189.0,101f29093317532c,7c644a21a6a349d0e2bb98781fe12171f69418d8,0.12312104430379747,66.0,255.0,56.433117652619096,64,0.0,0,0.0,/home/galetka/Documents/Programming/hi-csg-r/data/processed/school_notebooks/ocr_images/school_notebooks_val_0277011.png,word,,0.4240506329113924,,,5056.0,school_notebooks_val_0277011,val,very_short_text,1,0,ши,2,145,0,0,0,0,0,158,79.0,short_text_no_line
8576,2.09375,,0.0,pupil_text,1,184.0,111c2f2b63012181,89345c451e1770c09e479c6e64f0de72d4785e99,0.23332555970149255,71.0,255.0,64.9955706719095,64,0.36681659170414793,9,0.7985074626865671,/home/galetka/Documents/Programming/hi-csg-r/data/processed/school_notebooks/ocr_images/school_notebooks_train_0185507.png,word,,0.7910447761194029,,,2858.6666666666665,school_notebooks_train_0185507,train,probable_horizontal_ruling,3,1,ели,3,145,0,0,0,0,0,134,44.666666666666664,line_high
21376,5.21875,,0.0,pupil_text,1,182.0,0105070b454d4d00,eb2d31af736aa4d251188757d9582dd18954e131,0.23053892215568864,73.0,255.0,67.10167184863336,64,0.14508928571428573,4,0.811377245508982,/home/galetka/Documents/Programming/hi-csg-r/data/processed/school_notebooks/ocr_images/school_notebooks_val_0268468.png,word,,0.9161676646706587,,,2672.0,school_notebooks_val_0268468,val,probable_horizontal_ruling,3,1,личности,8,120,0,0,0,0,0,334,41.75,line_medium
6336,1.546875,,0.0,pupil_text,2,167.0,59983b3367695b22,70ade9688e74cf483d6c8dc84828f5361c994bb6,0.11631944444444445,88.0,255.0,53.68860607064259,64,0.0,0,0.0,/home/galetka/Documents/Programming/hi-csg-r/data/processed/school_notebooks/ocr_images/school_notebooks_train_0199490.png,word,,0.36363636363636365,,,3168.0,school_notebooks_train_0199490,train,very_short_text,1,0,от,2,145,0,0,0,0,0,99,49.5,short_text_no_line
10688,2.609375,,0.0,pupil_text,1,197.0,0136351d335e5906,d09001592c34bbeed2b5279cc656c42e9f3af874,0.15755988023952097,58.0,255.0,66.30738497341154,64,0.0,0,0.0,/home/galetka/Documents/Programming/hi-csg-r/data/processed/school_notebooks/ocr_images/school_notebooks_val_0287497.png,word,,0.38323353293413176,,,5344.0,school_notebooks_val_0287497,val,very_short_text,1,0,от,2,145,0,0,0,0,0,167,83.5,short_text_no_line
6208,1.515625,,0.0,pupil_text,3,200.0,840713172d575f7c,1094109c3ac6004642da9bf4a8af3eb84494f03a,0.3603414948453608,54.0,254.0,75.80687445859971,64,0.31247206079570855,13,0.8247422680412371,/home/galetka/Documents/Programming/hi-csg-r/data/processed/school_notebooks/ocr_images/school_notebooks_val_0272052.png,word,,0.845360824742268,,,3104.0,school_notebooks_val_0272052,val,very_short_text;foreground_heavy;probable_horizontal_ruling,7,1,на,2,120,0,0,0,0,0,97,48.5,foreground_heavy
13440,3.28125,,0.0,pupil_text,2,165.0,7f67652d3f7e2028,b204d514b2f520cff2b2d7257e5ddfab8e2793ee,0.15647321428571428,90.0,255.0,60.47799936291627,64,0.20589633856395625,3,0.9333333333333333,/home/galetka/Documents/Programming/hi-csg-r/data/processed/school_notebooks/ocr_images/school_notebooks_val_0292743.png,word,,0.919047619047619,,,1493.3333333333333,school_notebooks_val_0292743,val,probable_horizontal_ruling,3,1,андреевич,9,145,0,0,0,0,0,210,23.333333333333332,line_medium
9152,2.234375,,0.0,pupil_text,3,213.0,109f0b17072d0382,9da799090dd55e117dd7b9d6cb760e84335a9931,0.41149475524475526,42.0,255.0,82.91534958346342,64,0.7156133828996283,28,0.8881118881118881,/home/galetka/Documents/Programming/hi-csg-r/data/processed/school_notebooks/ocr_images/school_notebooks_val_0277481.png,word,,0.8671328671328671,,,4576.0,school_notebooks_val_0277481,val,very_short_text;foreground_heavy;probable_horizontal_ruling,7,1,мы,2,120,0,0,0,0,0,143,71.5,foreground_heavy
6400,1.5625,,0.0,pupil_comment,1,220.0,003f2f2d290f3f00,7826403fbeaca51cae5b1f0b2e02249a76b3dfff,0.4184375,35.0,255.0,89.01389825632897,64,0.9753547423450336,37,0.79,/home/galetka/Documents/Programming/hi-csg-r/data/processed/school_notebooks/ocr_images/school_notebooks_train_0222481.png,word,,0.76,,,3200.0,school_notebooks_train_0222481,train,very_short_text;foreground_heavy;probable_horizontal_ruling,7,1,п.,2,120,0,0,0,0,0,100,50.0,foreground_heavy
17408,4.25,,0.0,pupil_text,3,186.0,405e375125193f20,4a414a2ae1f47268caa3f61e99048683ae93ee79,0.17497702205882354,68.0,254.0,61.24768705769647,64,0.0,0,0.0,/home/galetka/Documents/Programming/hi-csg-r/data/processed/school_notebooks/ocr_images/school_notebooks_test_0316958.png,word,,0.5330882352941176,,,2486.8571428571427,school_notebooks_test_0316958,test,,0,0,кажется,7,145,0,0,0,0,0,272,38.857142857142854,line_none
9792,2.390625,,0.0,pupil_text,2,191.0,8301133766cd4a50,ebb6025c49d416d01e5d949a60411db2ca9c32d3,0.12265114379084967,63.0,254.0,60.72332754492475,64,0.0,0,0.0,/home/galetka/Documents/Programming/hi-csg-r/data/processed/school_notebooks/ocr_images/school_notebooks_val_0288609.png,word,,0.43790849673202614,,,3264.0,school_notebooks_val_0288609,val,,0,0,эту,3,145,0,0,0,0,0,153,51.0,line_none
12928,3.15625,,0.0,pupil_text,2,149.0,716c2d21119014b4,2a600ae6b191dd5f7f4b541ede37cfb7f3082334,0.13474628712871287,106.0,255.0,56.512220242709276,64,0.11308840413318025,2,0.599009900990099,/home/galetka/Documents/Programming/hi-csg-r/data/processed/school_notebooks/ocr_images/school_notebooks_train_0113045.png,word,,0.7574257425742574,,,2154.6666666666665,school_notebooks_train_0113045,train,long_horizontal_structure,2,1,редкая,6,145,0,0,0,0,0,202,33.666666666666664,line_low
7680,1.875,,0.0,pupil_comment,3,189.0,303f391963170645,ba9b0f88f5e683397b0dc4241542e1b6e82d7775,0.14947916666666666,66.0,255.0,63.16648926132104,64,0.08536585365853659,2,0.575,/home/galetka/Documents/Programming/hi-csg-r/data/processed/school_notebooks/ocr_images/school_notebooks_train_0155095.png,word,,0.6166666666666667,,,2560.0,school_notebooks_train_0155095,train,,0,0,м.р,3,145,0,0,0,0,0,120,40.0,line_low
6528,1.59375,,0.0,pupil_text,1,186.0,0203152f4f4b0f0c,91620d8601e1a989680615412f73aa0d99fb113b,0.1879595588235294,69.0,255.0,64.18289432142343,64,0.13691931540342298,3,0.7058823529411765,/home/galetka/Documents/Programming/hi-csg-r/data/processed/school_notebooks/ocr_images/school_notebooks_val_0273125.png,word,,0.7156862745098039,,,3264.0,school_notebooks_val_0273125,val,very_short_text;probable_horizontal_ruling,4,1,ты,2,145,0,0,0,0,0,102,51.0,short_text_line_candidate
9728,2.375,,0.0,pupil_text,8,208.0,7e7f194161505050,8bd1720753461747fdafeaa929a1dad581ec6636,0.27446546052631576,46.0,254.0,73.96508604294081,64,0.3898876404494382,8,0.9342105263157895,/home/galetka/Documents/Programming/hi-csg-r/data/processed/school_notebooks/ocr_images/school_notebooks_train_0224629.png,word,,0.9342105263157895,,,1389.7142857142858,school_notebooks_train_0224629,train,probable_horizontal_ruling,3,1,ученика,7,145,0,0,0,0,0,152,21.714285714285715,line_high
8896,2.171875,,0.0,pupil_text,3,185.0,83032327172b1f10,4103225051758d9ff77e14b8d189df21df092b2e,0.15343974820143885,69.0,254.0,60.0159183387473,64,0.0,0,0.0,/home/galetka/Documents/Programming/hi-csg-r/data/processed/school_notebooks/ocr_images/school_notebooks_train_0185851.png,word,,0.460431654676259,,,4448.0,school_notebooks_train_0185851,train,very_short_text,1,0,он,2,145,0,0,0,0,0,139,69.5,short_text_no_line
13184,3.21875,,0.0,pupil_text,5,178.0,707f33372b090101,d1e077662e4d8982e1b6d61fe846ae853cbb3b91,0.09921116504854369,76.0,254.0,56.0152169360645,64,0.0,0,0.0,/home/galetka/Documents/Programming/hi-csg-r/data/processed/school_notebooks/ocr_images/school_notebooks_val_0294291.png,word,,0.44660194174757284,,,2636.8,school_notebooks_val_0294291,val,,0,0,силы.,5,145,0,0,0,0,0,206,41.2,line_none
11200,2.734375,,0.0,pupil_text,2,195.0,4874785e57650d5c,94f48291930a3aaac7a5f20d22a76d975e7e2ae4,0.14375,60.0,255.0,62.78802031129003,64,0.19130434782608696,3,0.9028571428571428,/home/galetka/Documents/Programming/hi-csg-r/data/processed/school_notebooks/ocr_images/school_notebooks_train_0261229.png,word,,0.8857142857142857,,,1866.6666666666667,school_notebooks_train_0261229,train,probable_horizontal_ruling,3,1,работа,6,145,0,0,0,0,0,175,29.166666666666668,line_medium
11904,2.90625,,0.0,pupil_text,1,192.0,1a0c3f3737634704,ff64eb565a3f4dea77f80e14b822044576d6aacf,0.11676747311827956,63.0,255.0,59.895061504164175,64,0.1410071942446043,2,0.6344086021505376,/home/galetka/Documents/Programming/hi-csg-r/data/processed/school_notebooks/ocr_images/school_notebooks_train_0188725.png,word,,0.6344086021505376,,,5952.0,school_notebooks_train_0188725,train,very_short_text;probable_horizontal_ruling,4,1,та,2,145,0,0,0,0,0,186,93.0,short_text_line_candidate
5120,1.25,,0.0,pupil_text,1,163.04999999999998,42870b1f1f1e1d12,f177123532ce9d39124cc3bb5a04d7701abcafba,0.108984375,90.95000000000002,254.0,53.31283976939648,64,0.3064516129032258,5,0.6875,/home/galetka/Documents/Programming/hi-csg-r/data/processed/school_notebooks/ocr_images/school_notebooks_train_0137953.png,word,,0.475,,,2560.0,school_notebooks_train_0137953,train,very_short_text;probable_horizontal_ruling,4,1,ii,2,145,0,0,0,0,0,80,40.0,short_text_line_candidate
12928,3.15625,,0.0,pupil_text,2,205.0,44050f4d13357734,0f89c786ffdf067e7f03e98855dd7dc3afec7b11,0.4031559405940594,50.0,255.0,80.85682932980309,64,0.5855717574827322,25,0.905940594059406,/home/galetka/Documents/Programming/hi-csg-r/data/processed/school_notebooks/ocr_images/school_notebooks_val_0277484.png,word,,0.8811881188118812,,,2585.6,school_notebooks_val_0277484,val,foreground_heavy;probable_horizontal_ruling,6,1,хотел,5,120,0,0,0,0,0,202,40.4,foreground_heavy
8384,2.046875,,0.0,pupil_comment,3,174.0,301f1f1b33336620,28c7d60e8776f1f119efecb8c2d17e67798b77c6,0.15899332061068702,81.0,255.0,59.797559346236646,64,0.0,0,0.0,/home/galetka/Documents/Programming/hi-csg-r/data/processed/school_notebooks/ocr_images/school_notebooks_train_0232968.png,word,,0.4961832061068702,,,2096.0,school_notebooks_train_0232968,train,,0,0,сущ.,4,145,0,0,0,0,0,131,32.75,line_none
11008,2.6875,,0.0,pupil_text,1,200.0,0d13374b435d7fc0,44f72c991ad0dfdeca2cb8c28c034735e78b78a5,0.5681322674418605,55.0,255.0,76.54424859419555,64,0.6362328110009594,35,0.9127906976744186,/home/galetka/Documents/Programming/hi-csg-r/data/processed/school_notebooks/ocr_images/school_notebooks_train_0019370.png,word,,0.9011627906976745,,,1834.6666666666667,school_notebooks_train_0019370,train,foreground_heavy;probable_horizontal_ruling,6,1,class.,6,120,0,0,0,0,0,172,28.666666666666668,foreground_heavy
11136,2.71875,,0.0,pupil_text,4,182.0,30396165135bfcc0,58935189c0ec9cb637572b1c7ad47fa965d3505c,0.25170617816091956,73.0,255.0,64.98396144096814,64,0.06778451658936853,2,0.6091954022988506,/home/galetka/Documents/Programming/hi-csg-r/data/processed/school_notebooks/ocr_images/school_notebooks_val_0273145.png,word,,0.7011494252873564,,,1237.3333333333333,school_notebooks_val_0273145,val,long_horizontal_structure,2,1,ненастной,9,145,0,0,0,0,0,174,19.333333333333332,line_low
4096,1.0,,0.0,pupil_text,1,171.25,460f1b27270b1e16,670609c447ba5557f755db312e9f4c57318aef30,0.091796875,83.75,255.0,54.41672206932313,64,0.0,0,0.0,/home/galetka/Documents/Programming/hi-csg-r/data/processed/school_notebooks/ocr_images/school_notebooks_test_0312806.png,word,,0.3125,,,2048.0,school_notebooks_test_0312806,test,very_short_text,1,0,од,2,145,0,0,0,0,0,64,32.0,short_text_no_line
5184,1.265625,,0.0,pupil_text,4,170.0,181e3333133b3821,042bef86d1e423766f7b568fba19ccad26020c07,0.1869212962962963,85.0,255.0,64.08274465808583,64,0.17131062951496387,4,0.6172839506172839,/home/galetka/Documents/Programming/hi-csg-r/data/processed/school_notebooks/ocr_images/school_notebooks_train_0063955.png,word,,0.6049382716049383,,,2592.0,school_notebooks_train_0063955,train,very_short_text;probable_horizontal_ruling,4,1,за,2,145,0,0,0,0,0,81,40.5,short_text_line_candidate
6208,1.515625,,0.0,pupil_text,1,211.0,013e2f3b2b476700,c2fe6351bad88c8e852dcbd086cce3a3e45ef3f2,0.49210695876288657,44.0,255.0,87.78601960375386,64,0.9816693944353518,42,0.8144329896907216,/home/galetka/Documents/Programming/hi-csg-r/data/processed/school_notebooks/ocr_images/school_notebooks_train_0103883.png,word,,0.8144329896907216,,,3104.0,school_notebooks_train_0103883,train,very_short_text;foreground_heavy;probable_horizontal_ruling,7,1,ни,2,120,0,0,0,0,0,97,48.5,foreground_heavy
8576,2.09375,,0.0,pupil_text,1,200.0,2821383f71594d61,7431c3be4269524bba9aae1e39b559429aaea58a,0.20848880597014927,55.0,255.0,76.04113625461656,64,0.23378076062639822,4,0.917910447761194,/home/galetka/Documents/Programming/hi-csg-r/data/processed/school_notebooks/ocr_images/school_notebooks_train_0040302.png,word,,0.9104477611940298,,,2144.0,school_notebooks_train_0040302,train,probable_horizontal_ruling,3,1,вьют,4,120,0,0,0,0,0,134,33.5,line_medium
8704,2.125,,0.0,pupil_text,1,215.0,460b1b25394dffc0,6b8c43815154cad02c063613b4346b61fbdffbca,0.5063189338235294,40.0,255.0,90.99789179326744,64,0.9387338325391422,42,0.9264705882352942,/home/galetka/Documents/Programming/hi-csg-r/data/processed/school_notebooks/ocr_images/school_notebooks_train_0011503.png,word,,0.8823529411764706,,,1450.6666666666667,school_notebooks_train_0011503,train,foreground_heavy;probable_horizontal_ruling,6,1,работа,6,120,0,0,0,0,0,136,22.666666666666668,foreground_heavy
9280,2.265625,,0.0,pupil_text,1,206.0,382b6b5b07014106,e11a1381a4cd11233064918cfd4ce9005ff8c69c,0.32607758620689653,49.0,255.0,80.43250047742956,64,0.35525446133509586,13,0.8896551724137931,/home/galetka/Documents/Programming/hi-csg-r/data/processed/school_notebooks/ocr_images/school_notebooks_train_0208109.png,word,,0.8689655172413793,,,2320.0,school_notebooks_train_0208109,train,probable_horizontal_ruling,3,1,"том,",4,120,0,0,0,0,0,145,36.25,line_high
8192,2.0,,0.0,pupil_text,1,216.0,5903035759470425,653e7c73529410087a1f254c15f67b2bda71175a,0.4171142578125,39.0,255.0,85.83560653592164,64,0.8112379280070237,26,0.9296875,/home/galetka/Documents/Programming/hi-csg-r/data/processed/school_notebooks/ocr_images/school_notebooks_train_0147645.png,word,,0.9296875,,,1365.3333333333333,school_notebooks_train_0147645,train,foreground_heavy;probable_horizontal_ruling,6,1,людей.,6,120,0,0,0,0,0,128,21.333333333333332,foreground_heavy
8064,1.96875,,0.0,pupil_text,4,217.0,2063535b113131b9,cec667bff527cbace1290e3a23668936c20db13b,0.21961805555555555,37.0,254.0,69.53265642984927,64,0.02766798418972332,1,0.3888888888888889,/home/galetka/Documents/Programming/hi-csg-r/data/processed/school_notebooks/ocr_images/school_notebooks_test_0316345.png,phrase,,0.6507936507936508,,,1344.0,school_notebooks_test_0316345,test,long_horizontal_structure,2,1,ед ч.),6,145,0,0,0,0,0,126,21.0,line_low
13504,3.296875,,0.0,pupil_text,1,184.0,47436367474f6061,ed99245be80deae97d66048a218c1fbc72d82833,0.15321386255924171,71.0,255.0,61.744946673621506,64,0.04059932334461092,1,0.3981042654028436,/home/galetka/Documents/Programming/hi-csg-r/data/processed/school_notebooks/ocr_images/school_notebooks_train_0075627.png,word,,0.6492890995260664,,,1929.142857142857,school_notebooks_train_0075627,train,,0,0,вершка.,7,145,0,0,0,0,0,211,30.142857142857142,line_low
4480,1.09375,,0.0,pupil_text,1,182.04999999999998,303415303f193905,e9eaa964c6188ebe7b2588cd8f1be7d939d7fd41,0.1453125,71.95000000000002,254.0,61.47839420764571,64,0.1781874039938556,2,0.8285714285714286,/home/galetka/Documents/Programming/hi-csg-r/data/processed/school_notebooks/ocr_images/school_notebooks_test_0314144.png,word,,0.8285714285714286,,,1493.3333333333333,school_notebooks_test_0314144,test,probable_horizontal_ruling,3,1,это,3,145,0,0,0,0,0,70,23.333333333333332,line_medium
19840,4.84375,,0.0,pupil_text,1,206.0,084f6f1b1b011110,027e2e9c8ce02d3c644df3415adc7ad51bc6f52f,0.5364415322580646,49.0,255.0,83.07579165116235,64,0.9103636192802781,39,0.9741935483870968,/home/galetka/Documents/Programming/hi-csg-r/data/processed/school_notebooks/ocr_images/school_notebooks_train_0011654.png,word,,0.9741935483870968,,,1417.142857142857,school_notebooks_train_0011654,train,foreground_heavy;probable_horizontal_ruling,6,1,географические,14,120,0,0,0,0,0,310,22.142857142857142,foreground_heavy
9728,2.375,,0.0,pupil_text,1,187.0,59181b4d25278c2d,38b51f7652b5bfd139752a14dc54ab1a571b722f,0.33295641447368424,67.0,254.0,69.15843609895406,64,0.5128125964803952,18,0.9342105263157895,/home/galetka/Documents/Programming/hi-csg-r/data/processed/school_notebooks/ocr_images/school_notebooks_train_0013361.png,word,,0.9342105263157895,,,1389.7142857142858,school_notebooks_train_0013361,train,probable_horizontal_ruling,3,1,шиворот,7,145,0,0,0,0,0,152,21.714285714285715,line_high
7552,1.84375,,0.0,pupil_text,8,210.0,703f214d457b0303,e9eedc18e76721bbd58dca32eeba894403ea5d62,0.18683792372881355,45.0,255.0,76.09398099371232,64,0.37278525868178597,7,0.8050847457627118,/home/galetka/Documents/Programming/hi-csg-r/data/processed/school_notebooks/ocr_images/school_notebooks_train_0222448.png,word,,0.8050847457627118,,,2517.3333333333335,school_notebooks_train_0222448,train,probable_horizontal_ruling,3,1,[-],3,120,0,0,0,0,0,118,39.333333333333336,line_high
7360,1.796875,,0.0,pupil_text,1,223.0,007f6357274b4f00,0864d28136434fbd5b04741db9f3fbee4ca591f2,0.13940217391304346,32.0,255.0,67.42796543135289,64,0.13352826510721247,2,0.6782608695652174,/home/galetka/Documents/Programming/hi-csg-r/data/processed/school_notebooks/ocr_images/school_notebooks_test_0314906.png,word,,0.7565217391304347,,,3680.0,school_notebooks_test_0314906,test,very_short_text;probable_horizontal_ruling,4,1,на,2,145,0,0,0,0,0,115,57.5,short_text_line_candidate
6656,1.625,,0.0,pupil_text,8,203.0,381a1819251b4b7f,fe49d2daf0ee316684004f72173de72be2e8b2bc,0.15925480769230768,51.0,254.0,65.60609544332245,64,0.1169811320754717,2,0.7980769230769231,/home/galetka/Documents/Programming/hi-csg-r/data/processed/school_notebooks/ocr_images/school_notebooks_train_0109830.png,word,,0.7980769230769231,,,2218.6666666666665,school_notebooks_train_0109830,train,long_horizontal_structure,2,1,так,3,145,0,0,0,0,0,104,34.666666666666664,line_low
13248,3.234375,,0.0,pupil_text,5,153.0,003e332d49434b00,7f2b4761afcf203bda75de3c9e11f53d3968c8a0,0.09141002415458938,102.0,255.0,48.16821395854756,64,0.0,0,0.0,/home/galetka/Documents/Programming/hi-csg-r/data/processed/school_notebooks/ocr_images/school_notebooks_train_0203677.png,word,,0.2608695652173913,,,4416.0,school_notebooks_train_0203677,train,,0,0,тые,3,145,0,0,0,0,0,207,69.0,line_none
15360,3.75,,0.0,pupil_text,4,147.0,9022383909514b23,8d99db1e4dd42c117d85ebc73996e0433289a04b,0.09772135416666666,107.0,254.0,49.737411525277246,64,0.0,0,0.0,/home/galetka/Documents/Programming/hi-csg-r/data/processed/school_notebooks/ocr_images/school_notebooks_train_0051329.png,word,,0.38333333333333336,,,1920.0,school_notebooks_train_0051329,train,,0,0,домашняя,8,145,0,0,0,0,0,240,30.0,line_none
5888,1.4375,,0.0,pupil_text,1,167.0,7c7f756160685050,b36d0a116f828e6c830a5ea7185b302d6fe44f46,0.34816576086956524,88.0,255.0,66.59469394536785,64,0.5795121951219512,20,0.8913043478260869,/home/galetka/Documents/Programming/hi-csg-r/data/processed/school_notebooks/ocr_images/school_notebooks_test_0312235.png,word,,0.8913043478260869,,,981.3333333333334,school_notebooks_test_0312235,test,probable_horizontal_ruling,3,1,дожили,6,145,0,0,0,0,0,92,15.333333333333334,line_high
6528,1.59375,,0.0,pupil_text,2,177.0,4301092b031f6903,2082b176f560c6ac1757b5fd714acb6de39673d9,0.3322610294117647,78.0,255.0,63.32241181368925,64,0.5592438911940987,19,0.9019607843137255,/home/galetka/Documents/Programming/hi-csg-r/data/processed/school_notebooks/ocr_images/school_notebooks_val_0271708.png,word,,0.8823529411764706,,,1305.6,school_notebooks_val_0271708,val,probable_horizontal_ruling,3,1,слов.,5,145,0,0,0,0,0,102,20.4,line_high
9856,2.40625,,0.0,pupil_text,1,198.0,3e031b57171f1033,9af2d68ec169e80e3b911bd9afc1d33f458c8fea,0.2205762987012987,57.0,255.0,70.00532941107134,64,0.19917203311867526,4,0.8181818181818182,/home/galetka/Documents/Programming/hi-csg-r/data/processed/school_notebooks/ocr_images/school_notebooks_train_0132174.png,word,,0.7792207792207793,,,1971.2,school_notebooks_train_0132174,train,probable_horizontal_ruling,3,1,парн.,5,145,0,0,0,0,0,154,30.8,line_medium
11456,2.796875,,0.0,pupil_text,1,244.0,0e17070b0f677d70,fa48f40f75dd65befa3a42c78d21f90406cf67aa,0.21831354748603352,11.0,255.0,80.50409535501083,64,0.1911235505797681,5,0.9273743016759777,/home/galetka/Documents/Programming/hi-csg-r/data/processed/school_notebooks/ocr_images/school_notebooks_train_0227554.png,word,,0.7988826815642458,,,2291.2,school_notebooks_train_0227554,train,probable_horizontal_ruling,3,1,леса.,5,120,0,0,0,0,0,179,35.8,line_medium
8128,1.984375,,0.0,pupil_text,2,198.0,2b2b032f555bd0d0,2773d1c185a7a5da767effbf7cf8efe40f4383fa,0.12918307086614172,56.0,254.0,60.68483098569819,64,0.0,0,0.0,/home/galetka/Documents/Programming/hi-csg-r/data/processed/school_notebooks/ocr_images/school_notebooks_val_0276337.png,word,,0.3228346456692913,,,1625.6,school_notebooks_val_0276337,val,,0,0,знает,5,145,0,0,0,0,0,127,25.4,line_none
7040,1.71875,,0.0,pupil_text,5,184.0,003c27274b0f3f00,6e189dbdae6ec7736c2d4bcd04634d25a5a17b2f,0.1421875,71.0,255.0,60.99460689646043,64,0.0,0,0.0,/home/galetka/Documents/Programming/hi-csg-r/data/processed/school_notebooks/ocr_images/school_notebooks_train_0005513.png,word,,0.5636363636363636,,,3520.0,school_notebooks_train_0005513,train,very_short_text,1,0,на,2,145,0,0,0,0,0,110,55.0,short_text_no_line
5824,1.421875,,0.0,pupil_text,1,196.0,081e9d13574d4d40,ea14ff6c6b6b7cb91ac55481e19c31efb6814d01,0.20810439560439561,59.0,255.0,69.9662872437941,64,0.0,0,0.0,/home/galetka/Documents/Programming/hi-csg-r/data/processed/school_notebooks/ocr_images/school_notebooks_train_0050821.png,word,,0.6263736263736264,,,2912.0,school_notebooks_train_0050821,train,very_short_text,1,0,мы,2,145,0,0,0,0,0,91,45.5,short_text_no_line
4096,1.0,,0.0,pupil_text,4,181.0,060b9b2b1e563270,587580c981e86b276fceaa076e6f521950e4454c,0.100830078125,74.0,255.0,56.64613460236414,64,0.0,0,0.0,/home/galetka/Documents/Programming/hi-csg-r/data/processed/school_notebooks/ocr_images/school_notebooks_train_0211091.png,word,,0.328125,,,2048.0,school_notebooks_train_0211091,train,very_short_text,1,0,р.,2,145,0,0,0,0,0,64,32.0,short_text_no_line
15680,3.828125,,0.0,pupil_text,10,164.0,2c2c2d5917052405,82dced5fd49d8c2a87f6ea9ed35ffa4eb43796d2,0.10401785714285715,91.0,255.0,55.288929664410816,64,0.0,0,0.0,/home/galetka/Documents/Programming/hi-csg-r/data/processed/school_notebooks/ocr_images/school_notebooks_test_0302268.png,word,,0.42448979591836733,,,1960.0,school_notebooks_test_0302268,test,,0,0,свободно,8,145,0,0,0,0,0,245,30.625,line_none
4864,1.1875,,0.0,pupil_text,1,205.0,0f1b2b0f491f3e21,4088a74a17c58b4db51ae79a5e069b4dce268e37,0.4239309210526316,49.0,254.0,78.2526379168876,64,0.5213385063045587,21,0.868421052631579,/home/galetka/Documents/Programming/hi-csg-r/data/processed/school_notebooks/ocr_images/school_notebooks_val_0273136.png,word,,0.8552631578947368,,,1621.3333333333333,school_notebooks_val_0273136,val,foreground_heavy;probable_horizontal_ruling,6,1,луч,3,120,0,0,0,0,0,76,25.333333333333332,foreground_heavy
6656,1.625,,0.0,pupil_text,3,148.25,41383f373b03650b,44d33f15564f503dd75f53b5042e39484367b8ef,0.0948016826923077,106.75,255.0,53.27209412417168,64,0.2836767036450079,2,0.8653846153846154,/home/galetka/Documents/Programming/hi-csg-r/data/processed/school_notebooks/ocr_images/school_notebooks_val_0295185.png,word,,0.8653846153846154,,,3328.0,school_notebooks_val_0295185,val,very_short_text;probable_horizontal_ruling,4,1,на,2,145,0,0,0,0,0,104,52.0,short_text_line_candidate
4096,1.0,,0.0,pupil_text,2,132.25,189a1d5e1e2f5302,aca8b2f179eeb4bbdf1f984d57cb3b5ff64419ae,0.05908203125,122.75,255.0,44.498546195526174,64,0.0,0,0.0,/home/galetka/Documents/Programming/hi-csg-r/data/processed/school_notebooks/ocr_images/school_notebooks_train_0235615.png,word,,0.1875,,,2048.0,school_notebooks_train_0235615,train,very_short_text,1,0,"я,",2,145,0,0,0,0,0,64,32.0,short_text_no_line
6976,1.703125,,0.0,pupil_comment,2,153.0,520d56533b130742,b358d7f4394a8ed1d26d7de65d84d617590ba60e,0.13044724770642202,102.0,255.0,54.40679257737656,64,0.0,0,0.0,/home/galetka/Documents/Programming/hi-csg-r/data/processed/school_notebooks/ocr_images/school_notebooks_train_0174137.png,word,,0.44954128440366975,,,1744.0,school_notebooks_train_0174137,train,,0,0,обст,4,145,0,0,0,0,0,109,27.25,line_none
8448,2.0625,,0.0,pupil_comment,1,205.0,0163335f674f0100,298be79101eba2be9c29bc8e4605f3e59b73a642,0.4698153409090909,50.0,255.0,83.57392177174599,64,0.491307634164777,24,0.8560606060606061,/home/galetka/Documents/Programming/hi-csg-r/data/processed/school_notebooks/ocr_images/school_notebooks_train_0123135.png,word,,0.8560606060606061,,,2112.0,school_notebooks_train_0123135,train,foreground_heavy;probable_horizontal_ruling,6,1,сов.,4,120,0,0,0,0,0,132,33.0,foreground_heavy
5312,1.296875,,0.0,pupil_comment,3,178.0,620303474f170f04,c5330212293934286adecff95a67972b9c4fabe3,0.1745105421686747,77.0,255.0,64.02816860875349,64,0.032362459546925564,1,0.3614457831325301,/home/galetka/Documents/Programming/hi-csg-r/data/processed/school_notebooks/ocr_images/school_notebooks_test_0317270.png,word,,0.6265060240963856,,,1328.0,school_notebooks_test_0317270,test,,0,0,пов.,4,145,0,0,0,0,0,83,20.75,line_low
15424,3.765625,,0.0,pupil_text,2,158.0,81012d495b692523,055ebe4016841aa566498d1e29400cf70d46a21f,0.11780342323651452,96.0,254.0,49.93097338541574,64,0.0,0,0.0,/home/galetka/Documents/Programming/hi-csg-r/data/processed/school_notebooks/ocr_images/school_notebooks_val_0293124.png,word,,0.36929460580912865,,,2570.6666666666665,school_notebooks_val_0293124,val,,0,0,многие,6,145,0,0,0,0,0,241,40.166666666666664,line_none
6016,1.46875,,0.0,pupil_text,2,168.0,382d5d1e1b232f38,95b164d558f210126d0f85cd072f7edc84669a93,0.10222739361702128,87.0,255.0,55.64429707930878,64,0.0,0,0.0,/home/galetka/Documents/Programming/hi-csg-r/data/processed/school_notebooks/ocr_images/school_notebooks_test_0316985.png,word,,0.32978723404255317,,,3008.0,school_notebooks_test_0316985,test,very_short_text,1,0,на,2,145,0,0,0,0,0,94,47.0,short_text_no_line
4288,1.046875,,0.0,pupil_comment,2,101.29999999999995,802c1c1e16930340,e3c18d17d3c496b11335b03b3cfcc598ae06a51b,0.04547574626865672,152.70000000000005,254.0,40.5420188088949,64,0.0,0,0.0,/home/galetka/Documents/Programming/hi-csg-r/data/processed/school_notebooks/ocr_images/school_notebooks_train_0130362.png,word,,0.2537313432835821,,,2144.0,school_notebooks_train_0130362,train,very_short_text,1,0,ч.,2,145,0,0,0,0,0,67,33.5,short_text_no_line
11200,2.734375,,0.0,pupil_text,6,146.0,01032b3b4d4f7e80,c5fb615abc8402a00762033e3a8cb8849aa3000f,0.105,109.0,255.0,51.2727626251308,64,0.0,0,0.0,/home/galetka/Documents/Programming/hi-csg-r/data/processed/school_notebooks/ocr_images/school_notebooks_train_0082173.png,word,,0.32571428571428573,,,3733.3333333333335,school_notebooks_train_0082173,train,,0,0,том,3,145,0,0,0,0,0,175,58.333333333333336,line_none
8896,2.171875,,0.0,pupil_text,2,159.0,08495d4d2e08080a,5bbdebd6ba26edc35ef7844c7e2b68ac5e7970ac,0.10903776978417266,96.0,255.0,56.24644277457857,64,0.18453608247422681,2,0.9136690647482014,/home/galetka/Documents/Programming/hi-csg-r/data/processed/school_notebooks/ocr_images/school_notebooks_val_0291573.png,word,,0.9136690647482014,,,988.4444444444445,school_notebooks_val_0291573,val,probable_horizontal_ruling,3,1,"любуешся,",9,145,0,0,0,0,0,139,15.444444444444445,line_medium
5568,1.359375,,0.0,pupil_text,1,171.0,403f36133b0b0300,fe98292eced86cc9984cf263d7f0269414cab7e4,0.10093390804597702,84.0,255.0,58.52838034384684,64,0.22419928825622776,2,0.7241379310344828,/home/galetka/Documents/Programming/hi-csg-r/data/processed/school_notebooks/ocr_images/school_notebooks_train_0139300.png,word,,0.7241379310344828,,,2784.0,school_notebooks_train_0139300,train,very_short_text;probable_horizontal_ruling,4,1,"я,",2,145,0,0,0,0,0,87,43.5,short_text_line_candidate
10688,2.609375,,0.0,pupil_text,4,201.0,9e1f3f77474d4969,137c6d89ff68218f61c05cf4dde0525865f6ea49,0.5326534431137725,53.0,254.0,76.22730759576552,64,0.45090461970841383,25,0.9341317365269461,/home/galetka/Documents/Programming/hi-csg-r/data/processed/school_notebooks/ocr_images/school_notebooks_train_0011377.png,word,,0.9221556886227545,,,1526.857142857143,school_notebooks_train_0011377,train,foreground_heavy;probable_horizontal_ruling,6,1,"друзья,",7,120,0,0,0,0,0,167,23.857142857142858,foreground_heavy
8128,1.984375,,0.0,pupil_text,3,204.0,011b2f2b134b6f56,ad32c6a9de74003fcb57b0e5491ffd440cf63120,0.1327509842519685,51.0,255.0,70.73688412862171,64,0.22613531047265986,3,0.7244094488188977,/home/galetka/Documents/Programming/hi-csg-r/data/processed/school_notebooks/ocr_images/school_notebooks_train_0228056.png,word,,0.7244094488188977,,,2709.3333333333335,school_notebooks_train_0228056,train,probable_horizontal_ruling,3,1,тот,3,120,0,0,0,0,0,127,42.333333333333336,line_medium
4608,1.125,,0.0,pupil_text,5,137.0,b919535b3b202b68,fd3c579b698116801827af90e213c4e037d1e308,0.09375,118.0,255.0,47.414471089828936,64,0.28935185185185186,3,0.8055555555555556,/home/galetka/Documents/Programming/hi-csg-r/data/processed/school_notebooks/ocr_images/school_notebooks_train_0153212.png,word,,0.8055555555555556,,,1152.0,school_notebooks_train_0153212,train,probable_horizontal_ruling,3,1,ед.ч,4,145,0,0,0,0,0,72,18.0,line_medium
7744,1.890625,,0.0,pupil_text,1,171.0,003d5d4b5f901b18,12a89e7738b0ce466f51152fdfb1e6f927f20f37,0.28357438016528924,84.0,255.0,67.07401740241436,64,0.7299635701275046,19,0.8677685950413223,/home/galetka/Documents/Programming/hi-csg-r/data/processed/school_notebooks/ocr_images/school_notebooks_train_0169788.png,word,,0.8512396694214877,,,1290.6666666666667,school_notebooks_train_0169788,train,probable_horizontal_ruling,3,1,хорошо,6,145,0,0,0,0,0,121,20.166666666666668,line_high
6144,1.5,,0.0,pupil_comment,5,174.0,182f261f1b337756,9e13d2a566a27f6ac11f0d5430f95aa691f04450,0.21044921875,81.0,255.0,62.29776564374615,64,0.03789636504253674,1,0.5104166666666666,/home/galetka/Documents/Programming/hi-csg-r/data/processed/school_notebooks/ocr_images/school_notebooks_train_0249164.png,word,,0.5104166666666666,,,1536.0,school_notebooks_train_0249164,train,,0,0,т.п.,4,145,0,0,0,0,0,96,24.0,line_low
5120,1.25,,0.0,pupil_comment,3,187.0,131b371737250100,cdefbb5d62c2300ea47601a925254058c22967fe,0.2216796875,68.0,255.0,68.23653121878274,64,0.4052863436123348,9,0.7,/home/galetka/Documents/Programming/hi-csg-r/data/processed/school_notebooks/ocr_images/school_notebooks_train_0200886.png,word,,0.7,,,2560.0,school_notebooks_train_0200886,train,very_short_text;probable_horizontal_ruling,4,1,п.,2,145,0,0,0,0,0,80,40.0,short_text_line_candidate
9088,2.21875,,0.0,pupil_text,6,196.0,3837293963070341,6b47b3dbda2f709f736eec6fefeae73c2932168d,0.14337588028169015,59.0,255.0,65.85878580111942,64,0.21488871834228704,3,0.7183098591549296,/home/galetka/Documents/Programming/hi-csg-r/data/processed/school_notebooks/ocr_images/school_notebooks_val_0281114.png,word,,0.7183098591549296,,,4544.0,school_notebooks_val_0281114,val,very_short_text;probable_horizontal_ruling,4,1,не,2,145,0,0,0,0,0,142,71.0,short_text_line_candidate
16000,3.90625,,0.0,pupil_text,1,195.0,406335654b496040,62e49f841218f70397aa76cf94a5e22408378305,0.1559375,60.0,255.0,63.74714091321567,64,0.3270541082164329,6,0.924,/home/galetka/Documents/Programming/hi-csg-r/data/processed/school_notebooks/ocr_images/school_notebooks_train_0264948.png,word,,0.836,,,2666.6666666666665,school_notebooks_train_0264948,train,probable_horizontal_ruling,3,1,птичка,6,145,0,0,0,0,0,250,41.666666666666664,line_high
12224,2.984375,,0.0,pupil_text,1,196.0,901153014bca8b9b,4b695c2b4357f96d770c9c9cc7c9982dee5e9534,0.17784685863874344,58.0,254.0,64.2600549447468,64,0.04645814167433303,1,0.5287958115183246,/home/galetka/Documents/Programming/hi-csg-r/data/processed/school_notebooks/ocr_images/school_notebooks_train_0021877.png,word,,0.774869109947644,,,1746.2857142857142,school_notebooks_train_0021877,train,long_horizontal_structure,2,1,"рощице,",7,145,0,0,0,0,0,191,27.285714285714285,line_low
10368,2.53125,,0.0,pupil_text,6,183.0,70792d4b75c0d280,5854a3eba542fc51117f7e1ecdc64ab5ebddd500,0.23157793209876543,72.0,255.0,66.43609090071737,64,0.15077051228654728,4,0.9197530864197531,/home/galetka/Documents/Programming/hi-csg-r/data/processed/school_notebooks/ocr_images/school_notebooks_train_0237410.png,word,,0.8703703703703703,,,1296.0,school_notebooks_train_0237410,train,probable_horizontal_ruling,3,1,"речонки,",8,145,0,0,0,0,0,162,20.25,line_medium
15744,3.84375,,0.0,pupil_text,1,176.0,0c2f2f2d3d3bb879,3428f798f236f6d14d98a9f4ece15f48bb481544,0.3288236788617886,79.0,255.0,68.95446160179216,64,0.5796793509754684,18,0.9024390243902439,/home/galetka/Documents/Programming/hi-csg-r/data/processed/school_notebooks/ocr_images/school_notebooks_train_0009364.png,word,,0.8902439024390244,,,1312.0,school_notebooks_train_0009364,train,probable_horizontal_ruling,3,1,разобраться.,12,145,0,0,0,0,0,246,20.5,line_high
4736,1.15625,,0.0,pupil_text,2,169.0,181a1a3e1f1d4109,35bc9831de6ee024aa2d54875da1914df11a2688,0.09016047297297297,86.0,255.0,56.80883746043296,64,0.1920374707259953,2,0.6486486486486487,/home/galetka/Documents/Programming/hi-csg-r/data/processed/school_notebooks/ocr_images/school_notebooks_train_0242811.png,word,,0.6486486486486487,,,2368.0,school_notebooks_train_0242811,train,very_short_text;probable_horizontal_ruling,4,1,"е,",2,145,0,0,0,0,0,74,37.0,short_text_line_candidate
4224,1.03125,,0.0,pupil_text,1,203.85,8333172f2d5b5366,ea70dab9ea1832e8ea8cd05cac852795fd0e64e8,0.2040719696969697,50.150000000000006,254.0,68.85548495827338,64,0.12180974477958237,3,0.7272727272727273,/home/galetka/Documents/Programming/hi-csg-r/data/processed/school_notebooks/ocr_images/school_notebooks_test_0299368.png,word,,0.7272727272727273,,,2112.0,school_notebooks_test_0299368,test,very_short_text;probable_horizontal_ruling,4,1,на,2,145,0,0,0,0,0,66,33.0,short_text_line_candidate
5824,1.421875,,0.0,pupil_text,2,149.84999999999997,0f6d0313190b3f23,5b8411d8f737408d99c5792739010bf7c87a2b36,0.06576236263736264,104.15000000000003,254.0,44.84938052849237,64,0.0,0,0.0,/home/galetka/Documents/Programming/hi-csg-r/data/processed/school_notebooks/ocr_images/school_notebooks_train_0141921.png,word,,0.25274725274725274,,,2912.0,school_notebooks_train_0141921,train,very_short_text,1,0,№3,2,145,0,0,0,0,0,91,45.5,short_text_no_line
10688,2.609375,,0.0,pupil_text,2,144.0,090101596d676052,b4846d8b53763f3685ed095e2eb15202cee0559d,0.1217252994011976,110.0,254.0,57.23167007462423,64,0.15219062259800153,2,0.6287425149700598,/home/galetka/Documents/Programming/hi-csg-r/data/processed/school_notebooks/ocr_images/school_notebooks_train_0045877.png,word,,0.874251497005988,,,890.6666666666666,school_notebooks_train_0045877,train,probable_horizontal_ruling,3,1,одиночество.,12,145,0,0,0,0,0,167,13.916666666666666,line_medium
4096,1.0,,0.0,pupil_text,1,205.0,737b232d606b6850,992e9499fe5e6aab4820d7b4efcd79f2128b2895,0.26953125,50.0,255.0,73.19464381663016,64,0.6132246376811594,16,0.828125,/home/galetka/Documents/Programming/hi-csg-r/data/processed/school_notebooks/ocr_images/school_notebooks_train_0178864.png,word,,0.796875,,,1024.0,school_notebooks_train_0178864,train,probable_horizontal_ruling,3,1,дела,4,145,0,0,0,0,0,64,16.0,line_high
5760,1.40625,,0.0,pupil_text,6,179.05,103f2317270f1303,e2cab8ac4c2c4041d9dabf6731c38507c57aea52,0.3072916666666667,74.94999999999999,254.0,66.24658933739737,64,0.2751412429378531,10,0.7666666666666667,/home/galetka/Documents/Programming/hi-csg-r/data/processed/school_notebooks/ocr_images/school_notebooks_test_0321907.png,word,,0.7555555555555555,,,2880.0,school_notebooks_test_0321907,test,very_short_text;probable_horizontal_ruling,4,1,не,2,145,0,0,0,0,0,90,45.0,short_text_line_candidate
11008,2.6875,,0.0,pupil_text,5,135.0,407147513131236b,53b088e5bd20878bff8d0aa2c277bd9a0514ee91,0.17332848837209303,120.0,255.0,52.738132228036356,64,0.1960167714884696,3,0.813953488372093,/home/galetka/Documents/Programming/hi-csg-r/data/processed/school_notebooks/ocr_images/school_notebooks_test_0309536.png,word,,0.813953488372093,,,1834.6666666666667,school_notebooks_test_0309536,test,probable_horizontal_ruling,3,1,шестое,6,145,0,0,0,0,0,172,28.666666666666668,line_medium
10624,2.59375,,0.0,pupil_text,4,153.0,4406072545497f0f,28a3027ff12ce5de5e726ec32314dd0c12fbf3b6,0.14815512048192772,102.0,255.0,55.30909129674117,64,0.25921219822109276,4,0.7530120481927711,/home/galetka/Documents/Programming/hi-csg-r/data/processed/school_notebooks/ocr_images/school_notebooks_test_0309579.png,word,,0.7228915662650602,,,1328.0,school_notebooks_test_0309579,test,probable_horizontal_ruling,3,1,условное,8,145,0,0,0,0,0,166,20.75,line_medium
7296,1.78125,,0.0,pupil_text,6,176.25,2c39333537532906,f04693363a37700b7eaae8e0928b985f48d0040a,0.1289747807017544,78.75,255.0,54.452842627730305,64,0.0,0,0.0,/home/galetka/Documents/Programming/hi-csg-r/data/processed/school_notebooks/ocr_images/school_notebooks_train_0199829.png,word,,0.5526315789473685,,,3648.0,school_notebooks_train_0199829,train,very_short_text,1,0,на,2,145,0,0,0,0,0,114,57.0,short_text_no_line
4224,1.03125,,0.0,pupil_text,3,225.0,6054193c77532100,44c5860360d3e80e78d828d6cbee3dd69fa8350d,0.15009469696969696,29.0,254.0,71.49319185082526,64,0.0,0,0.0,/home/galetka/Documents/Programming/hi-csg-r/data/processed/school_notebooks/ocr_images/school_notebooks_train_0140497.png,word,,0.5757575757575758,,,2112.0,school_notebooks_train_0140497,train,very_short_text,1,0,на,2,145,0,0,0,0,0,66,33.0,short_text_no_line
4096,1.0,,0.0,pupil_text,1,211.0,4c0f931b173f0706,1d5958e7d7ff2c6f25ef2c66855611a374b3bc2c,0.46337890625,44.0,255.0,94.88099033809426,64,0.9636459430979979,48,0.796875,/home/galetka/Documents/Programming/hi-csg-r/data/processed/school_notebooks/ocr_images/school_notebooks_train_0229209.png,word,,0.671875,,,2048.0,school_notebooks_train_0229209,train,very_short_text;foreground_heavy;probable_horizontal_ruling,7,1,по,2,120,0,0,0,0,0,64,32.0,foreground_heavy
5952,1.453125,,0.0,pupil_text,1,212.0,0c2f27352d53772c,bc38ff967a7606839635076ec4554b858c4fe5e8,0.16901881720430106,43.0,255.0,71.19396170652713,64,0.24652087475149106,4,0.8494623655913979,/home/galetka/Documents/Programming/hi-csg-r/data/processed/school_notebooks/ocr_images/school_notebooks_train_0239820.png,word,,0.8494623655913979,,,2976.0,school_notebooks_train_0239820,train,very_short_text;probable_horizontal_ruling,4,1,не,2,120,0,0,0,0,0,93,46.5,short_text_line_candidate
12352,3.015625,,0.0,pupil_text,6,177.0,c4595c57154d253f,c8e3fedad99c503cc122f4c6a9b4643c5fd16465,0.16645077720207255,77.0,254.0,62.02153792080726,64,0.07684824902723736,2,0.5492227979274611,/home/galetka/Documents/Programming/hi-csg-r/data/processed/school_notebooks/ocr_images/school_notebooks_train_0057698.png,word,,0.5854922279792746,,,1235.2,school_notebooks_train_0057698,train,,0,0,перебежчик,10,145,0,0,0,0,0,193,19.3,line_low
13120,3.203125,,0.0,pupil_text,2,192.04999999999995,0025256353517d00,1c06c49e6dfbdc9be7d8982d18ebb197aa737580,0.33490853658536585,62.950000000000045,255.0,72.02790284387376,64,0.432407828857533,13,0.9121951219512195,/home/galetka/Documents/Programming/hi-csg-r/data/processed/school_notebooks/ocr_images/school_notebooks_train_0245333.png,word,,0.9121951219512195,,,3280.0,school_notebooks_train_0245333,train,probable_horizontal_ruling,3,1,так.,4,145,0,0,0,0,0,205,51.25,line_high
8960,2.1875,,0.0,pupil_text,2,166.0,4421494919253d00,524fd6160d29f830066d7e68ad765a9c9f5eb98f,0.12667410714285715,89.0,255.0,56.76384142029927,64,0.0,0,0.0,/home/galetka/Documents/Programming/hi-csg-r/data/processed/school_notebooks/ocr_images/school_notebooks_test_0302932.png,word,,0.35,,,1792.0,school_notebooks_test_0302932,test,,0,0,соков,5,145,0,0,0,0,0,140,28.0,line_none
19264,4.703125,,0.0,pupil_text,3,164.0,3c3f646d4d511345,f61ce7b0f01aa5808ef655338153fe6a072aeaee,0.16076619601328904,91.0,255.0,51.981913422408546,64,0.0,0,0.0,/home/galetka/Documents/Programming/hi-csg-r/data/processed/school_notebooks/ocr_images/school_notebooks_train_0150702.png,word,,0.43853820598006643,,,3852.8,school_notebooks_train_0150702,train,,0,0,ясная,5,145,0,0,0,0,0,301,60.2,line_none
10752,2.625,,0.0,pupil_text,2,203.0,0323634d7c014501,c74307d867d35d0cff42d9c3da14a188da9b5267,0.25362723214285715,52.0,255.0,69.72228716182052,64,0.3557022368903557,11,0.9047619047619048,/home/galetka/Documents/Programming/hi-csg-r/data/processed/school_notebooks/ocr_images/school_notebooks_train_0147981.png,word,,0.9047619047619048,,,1536.0,school_notebooks_train_0147981,train,probable_horizontal_ruling,3,1,"некого,",7,145,0,0,0,0,0,168,24.0,line_high
15424,3.765625,,0.0,pupil_text,1,213.0,04213333670d2503,f4fc1a9153548b6302d3917188194900f73458bd,0.15145228215767634,42.0,255.0,65.99837036414019,64,0.03638698630136986,1,0.35269709543568467,/home/galetka/Documents/Programming/hi-csg-r/data/processed/school_notebooks/ocr_images/school_notebooks_train_0203839.png,word,,0.5145228215767634,,,2203.4285714285716,school_notebooks_train_0203839,train,,0,0,полетел,7,145,0,0,0,0,0,241,34.42857142857143,line_low
12032,2.9375,,0.0,pupil_text,3,217.0,070733155943c581,0be982f137bdb97a0ee1849f6896c94e929232a0,0.17087765957446807,38.0,255.0,65.81682410017272,64,0.08073929961089495,2,0.6542553191489362,/home/galetka/Documents/Programming/hi-csg-r/data/processed/school_notebooks/ocr_images/school_notebooks_train_0204091.png,word,,0.601063829787234,,,1336.888888888889,school_notebooks_train_0204091,train,,0,0,"решённая,",9,145,0,0,0,0,0,188,20.88888888888889,line_low
5568,1.359375,,0.0,pupil_text,1,208.64999999999998,15898b15170f7f70,f0871b0977906134cb54502fc016dca9adcd7c8a,0.15301724137931033,45.35000000000002,254.0,64.52994475197175,64,0.13615023474178403,2,0.6781609195402298,/home/galetka/Documents/Programming/hi-csg-r/data/processed/school_notebooks/ocr_images/school_notebooks_train_0023187.png,word,,0.6666666666666666,,,2784.0,school_notebooks_train_0023187,train,very_short_text;probable_horizontal_ruling,4,1,по,2,145,0,0,0,0,0,87,43.5,short_text_line_candidate
9152,2.234375,,0.0,pupil_text,3,214.0,8647575747575309,0ad963c7d4104228eef30af51c703323d802c914,0.35478583916083917,41.0,255.0,75.61056823148392,64,0.29196181090237144,11,0.8741258741258742,/home/galetka/Documents/Programming/hi-csg-r/data/processed/school_notebooks/ocr_images/school_notebooks_train_0194158.png,word,,0.8741258741258742,,,1144.0,school_notebooks_train_0194158,train,foreground_heavy;probable_horizontal_ruling,6,1,письмен-,8,120,0,0,0,0,0,143,17.875,foreground_heavy
10240,2.5,,0.0,pupil_text,9,198.0,3833636b5b492d11,ed8842d636126a96db753450c5d1588eecc50684,0.21376953125,57.0,255.0,64.1519132591957,64,0.29419826404751026,5,0.86875,/home/galetka/Documents/Programming/hi-csg-r/data/processed/school_notebooks/ocr_images/school_notebooks_train_0177539.png,word,,0.86875,,,2560.0,school_notebooks_train_0177539,train,probable_horizontal_ruling,3,1,607-,4,145,0,0,0,0,0,160,40.0,line_medium
7744,1.890625,,0.0,pupil_text,2,193.0,498e172b3b474303,d53159df66712a9c25741da250272608be49f7fb,0.24005681818181818,62.0,255.0,74.36336923681858,64,0.3410435718128026,9,0.8347107438016529,/home/galetka/Documents/Programming/hi-csg-r/data/processed/school_notebooks/ocr_images/school_notebooks_val_0277535.png,word,,0.8264462809917356,,,2581.3333333333335,school_notebooks_val_0277535,val,probable_horizontal_ruling,3,1,был,3,120,0,0,0,0,0,121,40.333333333333336,line_high
4096,1.0,,0.0,pupil_comment,2,166.25,8227232f230e8e0c,58452b8a3fa5d9919813545de844792a175c4243,0.149169921875,87.75,254.0,57.56443285466874,64,0.2225859247135843,4,0.6875,/home/galetka/Documents/Programming/hi-csg-r/data/processed/school_notebooks/ocr_images/school_notebooks_train_0090499.png,word,,0.6875,,,2048.0,school_notebooks_train_0090499,train,very_short_text;probable_horizontal_ruling,4,1,ед,2,145,0,0,0,0,0,64,32.0,short_text_line_candidate
4928,1.203125,,0.0,teacher_comment,3,145.0,0e0e2b5155373031,b067e66d6abbad437a4b12bedc163a82755b2c15,0.1101866883116883,110.0,255.0,52.56156085968194,64,0.3406998158379374,4,0.8831168831168831,/home/galetka/Documents/Programming/hi-csg-r/data/processed/school_notebooks/ocr_images/school_notebooks_train_0141983.png,word,,0.8831168831168831,,,1232.0,school_notebooks_train_0141983,train,probable_horizontal_ruling,3,1,5/5-,4,145,0,0,0,0,0,77,19.25,line_high
7872,1.921875,,0.0,pupil_text,1,141.0,42060f23174d2f50,5868298609650f0d87e1c3554000d9ce160bbd42,0.12474593495934959,114.0,255.0,53.95973954909907,64,0.25661914460285135,3,0.8536585365853658,/home/galetka/Documents/Programming/hi-csg-r/data/processed/school_notebooks/ocr_images/school_notebooks_train_0082450.png,word,,0.8455284552845529,,,3936.0,school_notebooks_train_0082450,train,very_short_text;probable_horizontal_ruling,4,1,ли,2,145,0,0,0,0,0,123,61.5,short_text_line_candidate
6720,1.640625,,0.0,pupil_text,1,203.0,4c8f9b19193b3f3c,4683df1fca83400a1e106b7b2aea9b6724ff164a,0.49508928571428573,51.0,254.0,83.6544435948248,64,0.957619477006312,44,0.8857142857142857,/home/galetka/Documents/Programming/hi-csg-r/data/processed/school_notebooks/ocr_images/school_notebooks_train_0027532.png,word,,0.8095238095238095,,,3360.0,school_notebooks_train_0027532,train,very_short_text;foreground_heavy;probable_horizontal_ruling,7,1,я-,2,120,0,0,0,0,0,105,52.5,foreground_heavy
9088,2.21875,,0.0,pupil_text,1,195.0,0903437357551905,12a091f77c20af01d62bad468211dbdcfe65d420,0.15602992957746478,60.0,255.0,62.25793920336539,64,0.06488011283497884,1,0.647887323943662,/home/galetka/Documents/Programming/hi-csg-r/data/processed/school_notebooks/ocr_images/school_notebooks_test_0315867.png,word,,0.7816901408450704,,,2272.0,school_notebooks_test_0315867,test,long_horizontal_structure,2,1,небо,4,145,0,0,0,0,0,142,35.5,line_low
4096,1.0,,0.0,pupil_text,2,98.25,5060343a3a3a1a60,cbf7e2b80908e14340639bf8ee10dc825f021821,0.04248046875,156.75,255.0,40.43972758034432,64,0.0,0,0.0,/home/galetka/Documents/Programming/hi-csg-r/data/processed/school_notebooks/ocr_images/school_notebooks_train_0194259.png,word,,0.140625,,,2048.0,school_notebooks_train_0194259,train,very_short_text,1,0,1.,2,145,0,0,0,0,0,64,32.0,short_text_no_line
8000,1.953125,,0.0,pupil_text,1,231.0,7c7f290951c1d0c0,6605056d7124a16ea1499958d60ed3b93c59dac3,0.2095,24.0,255.0,75.2508657175077,64,0.2386634844868735,4,0.936,/home/galetka/Documents/Programming/hi-csg-r/data/processed/school_notebooks/ocr_images/school_notebooks_train_0262631.png,word,,0.936,,,1142.857142857143,school_notebooks_train_0262631,train,probable_horizontal_ruling,3,1,длинны.,7,145,0,0,0,0,0,125,17.857142857142858,line_medium
9664,2.359375,,0.0,pupil_text,2,197.84999999999997,007f7d676b6949ba,88a0f9fcf9d4a55acdcd4d63bf4ff8e0ef1a4bee,0.41007864238410596,57.150000000000034,255.0,79.99836281563056,64,0.4168559172344184,21,0.8344370860927153,/home/galetka/Documents/Programming/hi-csg-r/data/processed/school_notebooks/ocr_images/school_notebooks_test_0312113.png,word,,0.8211920529801324,,,1610.6666666666667,school_notebooks_test_0312113,test,foreground_heavy;probable_horizontal_ruling,6,1,лапоть,6,120,0,0,0,0,0,151,25.166666666666668,foreground_heavy
9856,2.40625,,0.0,pupil_text,1,213.0,6068687c2f05413f,0accc8183cb285d9cd539a0cbed0815233a89acf,0.18191964285714285,41.0,254.0,68.68710934547333,64,0.16675962074735082,3,0.935064935064935,/home/galetka/Documents/Programming/hi-csg-r/data/processed/school_notebooks/ocr_images/school_notebooks_train_0224115.png,word,,0.8896103896103896,,,1642.6666666666667,school_notebooks_train_0224115,train,probable_horizontal_ruling,3,1,раньше,6,145,0,0,0,0,0,154,25.666666666666668,line_medium
4672,1.140625,,0.0,pupil_text,7,121.0,0c264e9e132f4f2e,2dbb22a26909d2d94f5abcdbf00443185d319031,0.055222602739726026,134.0,255.0,41.48970245846686,64,0.0,0,0.0,/home/galetka/Documents/Programming/hi-csg-r/data/processed/school_notebooks/ocr_images/school_notebooks_train_0029735.png,word,,0.1643835616438356,,,2336.0,school_notebooks_train_0029735,train,very_short_text,1,0,на,2,145,0,0,0,0,0,73,36.5,short_text_no_line
10688,2.609375,,0.0,pupil_text,2,173.0,387e66275f5d7900,f99ac7d883d9a64fb0d70bee6b1ac435fe97c5fe,0.20069236526946108,82.0,255.0,70.8510141419991,64,0.22004662004662004,4,0.8922155688622755,/home/galetka/Documents/Programming/hi-csg-r/data/processed/school_notebooks/ocr_images/school_notebooks_train_0086671.png,word,,0.8922155688622755,,,2672.0,school_notebooks_train_0086671,train,probable_horizontal_ruling,3,1,"тем,",4,120,0,0,0,0,0,167,41.75,line_medium
5696,1.390625,,0.0,pupil_comment,4,192.0,4087131b0b8b9f00,f4e3f843f05ed0c49f4902e824c39eff7215e48e,0.2148876404494382,63.0,255.0,68.03572710371745,64,0.03022875816993464,1,0.4157303370786517,/home/galetka/Documents/Programming/hi-csg-r/data/processed/school_notebooks/ocr_images/school_notebooks_val_0270719.png,word,,0.4943820224719101,,,2848.0,school_notebooks_val_0270719,val,very_short_text,1,0,гл,2,145,0,0,0,0,0,89,44.5,short_text_no_line
4736,1.15625,,0.0,pupil_text,2,214.0,313623272b4b577e,740d625c1e9c26f0513199cafa17eac7f87487a5,0.23796452702702703,41.0,255.0,73.5590199419879,64,0.023070097604259095,1,0.35135135135135137,/home/galetka/Documents/Programming/hi-csg-r/data/processed/school_notebooks/ocr_images/school_notebooks_train_0148484.png,word,,0.4864864864864865,,,1184.0,school_notebooks_train_0148484,train,,0,0,весь,4,145,0,0,0,0,0,74,18.5,line_low
11648,2.84375,,0.0,pupil_text,2,179.0,037b6353566f7d32,c518cd753b5efb60c8214e925cd850f40c3274ad,0.09950206043956043,75.0,254.0,51.75606784199291,64,0.0,0,0.0,/home/galetka/Documents/Programming/hi-csg-r/data/processed/school_notebooks/ocr_images/school_notebooks_train_0001279.png,word,,0.36813186813186816,,,1294.2222222222222,school_notebooks_train_0001279,train,,0,0,"ярослава,",9,145,0,0,0,0,0,182,20.22222222222222,line_none
16256,3.96875,,0.0,pupil_text,1,170.0,426061094b775f80,6025dcd14ecdee0c69cedae7ad4bb95816a12d8f,0.1357652559055118,85.0,255.0,54.99019965442542,64,0.043044857272315364,1,0.37401574803149606,/home/galetka/Documents/Programming/hi-csg-r/data/processed/school_notebooks/ocr_images/school_notebooks_train_0006995.png,word,,0.562992125984252,,,2032.0,school_notebooks_train_0006995,train,,0,0,тихонько,8,145,0,0,0,0,0,254,31.75,line_low
4096,1.0,,0.0,pupil_text,1,134.0,981f1b331b0b3726,7c9e1bf3dcd925e22ee05bd658de34100ebf85f2,0.072998046875,121.0,255.0,51.71827830304097,64,0.13043478260869565,1,0.609375,/home/galetka/Documents/Programming/hi-csg-r/data/processed/school_notebooks/ocr_images/school_notebooks_test_0307792.png,word,,0.609375,,,2048.0,school_notebooks_test_0307792,test,very_short_text;probable_horizontal_ruling,4,1,5.,2,145,0,0,0,0,0,64,32.0,short_text_line_candidate
7872,1.921875,,0.0,pupil_text,1,202.0,19903f6757336372,620a79f3136c7831a73fa5f46471e6e8dc66fc00,0.38185975609756095,53.0,255.0,83.8408356679967,64,0.6823020625415835,21,0.943089430894309,/home/galetka/Documents/Programming/hi-csg-r/data/processed/school_notebooks/ocr_images/school_notebooks_test_0323269.png,word,,0.9349593495934959,,,1312.0,school_notebooks_test_0323269,test,foreground_heavy;probable_horizontal_ruling,6,1,произ-,6,120,0,0,0,0,0,123,20.5,foreground_heavy
5824,1.421875,,0.0,pupil_text,3,196.0,303f2b3b27430101,9cd70c05e56f0a6bcf92eca3bf9b37771da9ac92,0.15504807692307693,59.0,255.0,65.90766011430937,64,0.0,0,0.0,/home/galetka/Documents/Programming/hi-csg-r/data/processed/school_notebooks/ocr_images/school_notebooks_test_0298525.png,word,,0.38461538461538464,,,2912.0,school_notebooks_test_0298525,test,very_short_text,1,0,не,2,145,0,0,0,0,0,91,45.5,short_text_no_line
4800,1.171875,,0.0,pupil_comment,3,191.0,2506072b0b5b161e,dc8b7c9bffe928664c13bbcb76d7f0f102719aaf,0.18229166666666666,64.0,255.0,72.6887003626882,64,0.0,0,0.0,/home/galetka/Documents/Programming/hi-csg-r/data/processed/school_notebooks/ocr_images/school_notebooks_val_0282952.png,word,,0.48,,,2400.0,school_notebooks_val_0282952,val,very_short_text,1,0,п.,2,120,0,0,0,0,0,75,37.5,short_text_no_line
10048,2.453125,,0.0,pupil_text,8,173.0,0723591d27531b3f,97c401879189ac7b96f110fa320d61141077b70b,0.10688694267515923,82.0,255.0,49.96904735201042,64,0.1564245810055866,2,0.7388535031847133,/home/galetka/Documents/Programming/hi-csg-r/data/processed/school_notebooks/ocr_images/school_notebooks_train_0026713.png,word,,0.7197452229299363,,,1674.6666666666667,school_notebooks_train_0026713,train,probable_horizontal_ruling,3,1,спелый,6,145,0,0,0,0,0,157,26.166666666666668,line_medium
9344,2.28125,,0.0,pupil_text,5,191.0,383f1b2b2f2b2101,143acffd870368cdc2ba965d46fb60e3fc8f6661,0.3278039383561644,64.0,255.0,68.03307708594363,64,0.2347371857655893,6,0.8493150684931506,/home/galetka/Documents/Programming/hi-csg-r/data/processed/school_notebooks/ocr_images/school_notebooks_test_0304620.png,word,,0.8356164383561644,,,2336.0,school_notebooks_test_0304620,test,probable_horizontal_ruling,3,1,меня,4,145,0,0,0,0,0,146,36.5,line_medium
20416,4.984375,,0.0,pupil_text,5,186.25,0050535b5d69c0e1,5c40333bfc3381b59b95ee705d8cab12529c8f53,0.10227272727272728,68.75,255.0,60.21546493964334,64,0.0,0,0.0,/home/galetka/Documents/Programming/hi-csg-r/data/processed/school_notebooks/ocr_images/school_notebooks_val_0274162.png,word,,0.3542319749216301,,,1856.0,school_notebooks_val_0274162,val,,0,0,персонажей.,11,145,0,0,0,0,0,319,29.0,line_none
4544,1.109375,,0.0,pupil_text,2,163.0,181d0c174715231b,1bb60055372787c142c48e9eb407bd5bc44d32b0,0.10123239436619719,92.0,255.0,50.77650675969357,64,0.06304347826086956,1,0.4084507042253521,/home/galetka/Documents/Programming/hi-csg-r/data/processed/school_notebooks/ocr_images/school_notebooks_train_0176725.png,word,,0.5774647887323944,,,2272.0,school_notebooks_train_0176725,train,very_short_text,1,0,за,2,145,0,0,0,0,0,71,35.5,short_text_no_line
10112,2.46875,,0.0,pupil_text,1,153.0,31785975735b7d40,e80b71a58f6540c76a8fa2e86d1b34ffd04a9616,0.18502768987341772,102.0,255.0,58.79577786204912,64,0.21432389096739712,3,0.879746835443038,/home/galetka/Documents/Programming/hi-csg-r/data/processed/school_notebooks/ocr_images/school_notebooks_test_0303734.png,word,,0.879746835443038,,,1685.3333333333333,school_notebooks_test_0303734,test,probable_horizontal_ruling,3,1,громко,6,145,0,0,0,0,0,158,26.333333333333332,line_medium
11968,2.921875,,0.0,pupil_text,1,219.0,0c04797f7f232150,fd5ab9ceb5055d14aa5e82b9322fa0e5606181e7,0.3482620320855615,35.0,254.0,75.78501248083334,64,0.47576775431861806,24,0.8449197860962567,/home/galetka/Documents/Programming/hi-csg-r/data/processed/school_notebooks/ocr_images/school_notebooks_train_0242361.png,word,,0.7967914438502673,,,2992.0,school_notebooks_train_0242361,train,probable_horizontal_ruling,3,1,юный,4,145,0,0,0,0,0,187,46.75,line_high
7680,1.875,,0.0,pupil_text,1,142.04999999999995,4207172b276e3822,4caba22f99dcdae39c45d8d07bee5a938b1347e3,0.076953125,111.95000000000005,254.0,50.33300552362468,64,0.0,0,0.0,/home/galetka/Documents/Programming/hi-csg-r/data/processed/school_notebooks/ocr_images/school_notebooks_val_0290679.png,word,,0.2833333333333333,,,3840.0,school_notebooks_val_0290679,val,very_short_text,1,0,то,2,145,0,0,0,0,0,120,60.0,short_text_no_line
7232,1.765625,,0.0,pupil_text,1,149.0,30b1383f25337778,10ee51ce7f9f8add60e783f5ba896f02e6eb4092,0.11283185840707964,106.0,255.0,55.63564146981389,64,0.19730392156862744,2,0.7168141592920354,/home/galetka/Documents/Programming/hi-csg-r/data/processed/school_notebooks/ocr_images/school_notebooks_val_0295936.png,word,,0.8672566371681416,,,1808.0,school_notebooks_val_0295936,val,probable_horizontal_ruling,3,1,вещи,4,145,0,0,0,0,0,113,28.25,line_medium
6656,1.625,,0.0,pupil_text,2,204.0,08232b4b132b7e21,62cca8fc00899bb40d4e5c6168e97ee7b6f78cfe,0.248046875,51.0,255.0,74.72240617075572,64,0.0,0,0.0,/home/galetka/Documents/Programming/hi-csg-r/data/processed/school_notebooks/ocr_images/school_notebooks_train_0049304.png,word,,0.47115384615384615,,,3328.0,school_notebooks_train_0049304,train,very_short_text,1,0,от,2,145,0,0,0,0,0,104,52.0,short_text_no_line
7424,1.8125,,0.0,pupil_text,1,207.0,5a273737572b2101,97ba54bcf51220f0f137661801e745c5d8f46958,0.1372575431034483,48.0,255.0,65.37311983418364,64,0.1815505397448479,2,0.8017241379310345,/home/galetka/Documents/Programming/hi-csg-r/data/processed/school_notebooks/ocr_images/school_notebooks_val_0279132.png,word,,0.8017241379310345,,,3712.0,school_notebooks_val_0279132,val,very_short_text;probable_horizontal_ruling,4,1,не,2,145,0,0,0,0,0,116,58.0,short_text_line_candidate
4608,1.125,,0.0,pupil_text,1,178.0,004e8f1b370f1f18,78f7c2962a8a2dea53efe0a5a1401d9ba866608d,0.1547309027777778,77.0,255.0,62.20394076940178,64,0.1570827489481066,4,0.5,/home/galetka/Documents/Programming/hi-csg-r/data/processed/school_notebooks/ocr_images/school_notebooks_train_0052457.png,word,,0.4444444444444444,,,2304.0,school_notebooks_train_0052457,train,very_short_text,1,0,во,2,145,0,0,0,0,0,72,36.0,short_text_line_candidate
6912,1.6875,,0.0,pupil_text,1,185.45,5a589f130b576784,fab2d935e05a3bc42af86d2eaa240503973fd6dd,0.2543402777777778,69.55000000000001,255.0,75.31888990901753,64,0.5699658703071673,14,0.8888888888888888,/home/galetka/Documents/Programming/hi-csg-r/data/processed/school_notebooks/ocr_images/school_notebooks_test_0321643.png,word,,0.8611111111111112,,,1152.0,school_notebooks_test_0321643,test,probable_horizontal_ruling,3,1,"""ветра",6,120,0,0,0,0,0,108,18.0,line_high
4096,1.0,,0.0,pupil_text,1,185.25,3f2337374e060666,e50053a348532d17418be93a90594979408f0dd6,0.365478515625,69.75,255.0,76.34341255976912,64,0.4696058784235137,21,0.703125,/home/galetka/Documents/Programming/hi-csg-r/data/processed/school_notebooks/ocr_images/school_notebooks_val_0269962.png,word,,0.65625,,,2048.0,school_notebooks_val_0269962,val,very_short_text;foreground_heavy;probable_horizontal_ruling,7,1,из,2,120,0,0,0,0,0,64,32.0,foreground_heavy
14272,3.484375,,0.0,pupil_text,1,164.0,0657515dd330b530,e4d0941c8a23e975fb671c9f94303b4fa567c6ac,0.19016255605381166,90.0,254.0,60.88809310873658,64,0.3187177597641857,7,0.8834080717488789,/home/galetka/Documents/Programming/hi-csg-r/data/processed/school_notebooks/ocr_images/school_notebooks_val_0270178.png,word,,0.8789237668161435,,,1784.0,school_notebooks_val_0270178,val,probable_horizontal_ruling,3,1,подлете-,8,145,0,0,0,0,0,223,27.875,line_high
6080,1.484375,,0.0,pupil_text,1,220.0,189b9833210d7b70,192fc405eb5a3d408800b542d369cb3599ba8ef3,0.23865131578947368,35.0,255.0,78.65511962160872,64,0.022742935906271536,1,0.3473684210526316,/home/galetka/Documents/Programming/hi-csg-r/data/processed/school_notebooks/ocr_images/school_notebooks_train_0259139.png,word,,0.6842105263157895,,,2026.6666666666667,school_notebooks_train_0259139,train,long_horizontal_structure,2,1,вот,3,145,0,0,0,0,0,95,31.666666666666668,line_low
11392,2.78125,,0.0,pupil_text,1,217.0,a03f71290b237f80,102689e6e188b2663ec8fe4b77bf7903f37d67a4,0.1444873595505618,37.0,254.0,65.09827089524822,64,0.04678007290400972,1,0.43258426966292135,/home/galetka/Documents/Programming/hi-csg-r/data/processed/school_notebooks/ocr_images/school_notebooks_val_0289530.png,word,,0.43820224719101125,,,2848.0,school_notebooks_val_0289530,val,,0,0,(что,4,145,0,0,0,0,0,178,44.5,line_low
5568,1.359375,,0.0,pupil_text,1,193.0,4b53551577475a34,46974bc740ab6576d494ca17eda2ee7f3b24293a,0.19719827586206898,62.0,255.0,64.65670019123081,64,0.18761384335154827,4,0.7816091954022989,/home/galetka/Documents/Programming/hi-csg-r/data/processed/school_notebooks/ocr_images/school_notebooks_val_0284266.png,word,,0.7701149425287356,,,2784.0,school_notebooks_val_0284266,val,very_short_text;probable_horizontal_ruling,4,1,по,2,145,0,0,0,0,0,87,43.5,short_text_line_candidate
5504,1.34375,,0.0,teacher_comment,2,175.0,00012b2b130b0d40,6a33dcd75174ee30544d4b4491f1e2177c0a37bc,0.12645348837209303,80.0,255.0,58.20566754044336,64,0.0,0,0.0,/home/galetka/Documents/Programming/hi-csg-r/data/processed/school_notebooks/ocr_images/school_notebooks_train_0205376.png,word,,0.37209302325581395,,,2752.0,school_notebooks_train_0205376,train,very_short_text,1,0,на,2,145,0,0,0,0,0,86,43.0,short_text_no_line
12032,2.9375,,0.0,pupil_text,3,155.0,07656d4f6f236144,09fac8a56c2dda9541cd145758feda17c32fe527,0.12101063829787234,100.0,255.0,56.47742963818381,64,0.16689560439560439,2,0.9414893617021277,/home/galetka/Documents/Programming/hi-csg-r/data/processed/school_notebooks/ocr_images/school_notebooks_train_0062018.png,phrase,,0.9414893617021277,,,1504.0,school_notebooks_train_0062018,train,probable_horizontal_ruling,3,1,шубкой -,8,145,0,0,0,0,0,188,23.5,line_medium
8320,2.03125,,0.0,pupil_text,6,165.04999999999995,2461696b1fbcb4b0,c5e2e188a7fbd8aa981c7aca47ad3def41206405,0.0907451923076923,89.95000000000005,255.0,52.76636037653859,64,0.0,0,0.0,/home/galetka/Documents/Programming/hi-csg-r/data/processed/school_notebooks/ocr_images/school_notebooks_train_0033622.png,word,,0.47692307692307695,,,1188.5714285714287,school_notebooks_train_0033622,train,,0,0,вкусной,7,145,0,0,0,0,0,130,18.571428571428573,line_none
6080,1.484375,,0.0,pupil_text,1,175.0,0589831b372f3338,26286203125bfb67f65c3e016c7a2d89b7f3da0e,0.17944078947368422,80.0,255.0,61.59083833456624,64,0.14940421631530706,3,0.6421052631578947,/home/galetka/Documents/Programming/hi-csg-r/data/processed/school_notebooks/ocr_images/school_notebooks_test_0323791.png,word,,0.6421052631578947,,,3040.0,school_notebooks_test_0323791,test,very_short_text;probable_horizontal_ruling,4,1,не,2,145,0,0,0,0,0,95,47.5,short_text_line_candidate
12672,3.09375,,0.0,pupil_text,4,238.0,42616b575b323632,8ee3478c4c57c80d2c4258a10688d9d4a7cfcbb6,0.16145833333333334,17.0,255.0,72.07614712722236,64,0.0,0,0.0,/home/galetka/Documents/Programming/hi-csg-r/data/processed/school_notebooks/ocr_images/school_notebooks_train_0102883.png,word,,0.5,,,1584.0,school_notebooks_train_0102883,train,,0,0,впроьде.,8,145,0,0,0,0,0,198,24.75,line_none
7168,1.75,,0.0,pupil_comment,1,209.0,013e3f3b1b271f00,24cd913b5503556c63543860a435666e04863ba5,0.4400111607142857,46.0,255.0,85.31407288068614,64,0.8211794546607483,35,0.8303571428571429,/home/galetka/Documents/Programming/hi-csg-r/data/processed/school_notebooks/ocr_images/school_notebooks_test_0306634.png,word,,0.8125,,,1792.0,school_notebooks_test_0306634,test,foreground_heavy;probable_horizontal_ruling,6,1,прил,4,120,0,0,0,0,0,112,28.0,foreground_heavy
4096,1.0,,0.0,pupil_text,1,178.0,8d0e361e57060e0c,091ed8ec8b615804ffdd833b3474ac943185a4e4,0.1064453125,77.0,255.0,58.965377571694304,64,0.05045871559633028,1,0.34375,/home/galetka/Documents/Programming/hi-csg-r/data/processed/school_notebooks/ocr_images/school_notebooks_val_0282174.png,word,,0.53125,,,1365.3333333333333,school_notebooks_val_0282174,val,,0,0,без,3,145,0,0,0,0,0,64,21.333333333333332,line_low
4096,1.0,,0.0,pupil_text,1,217.0,101f3d36362f4f46,19a15f2ad71ee77c1a801740996fe3b92294bc82,0.4189453125,38.0,255.0,83.75223176139032,64,0.7674825174825175,39,0.78125,/home/galetka/Documents/Programming/hi-csg-r/data/processed/school_notebooks/ocr_images/school_notebooks_train_0240981.png,word,,0.75,,,2048.0,school_notebooks_train_0240981,train,very_short_text;foreground_heavy;probable_horizontal_ruling,7,1,не,2,120,0,0,0,0,0,64,32.0,foreground_heavy
5568,1.359375,,0.0,teacher_comment,4,170.0,43032f6c0f172f30,18835053ef673dcbfacce9351adc59d0f449b60c,0.14727011494252873,85.0,255.0,61.19508821685574,64,0.03902439024390244,1,0.367816091954023,/home/galetka/Documents/Programming/hi-csg-r/data/processed/school_notebooks/ocr_images/school_notebooks_test_0301407.png,word,,0.367816091954023,,,2784.0,school_notebooks_test_0301407,test,very_short_text,1,0,п.,2,145,0,0,0,0,0,87,43.5,short_text_no_line
6208,1.515625,,0.0,pupil_text,2,153.0,8001231323277f00,fafb059b0a23cc74d4ed5664741da3f5d607e2d2,0.1211340206185567,101.0,254.0,53.48838309395146,64,0.2712765957446808,4,0.7731958762886598,/home/galetka/Documents/Programming/hi-csg-r/data/processed/school_notebooks/ocr_images/school_notebooks_train_0134072.png,word,,0.7422680412371134,,,3104.0,school_notebooks_train_0134072,train,very_short_text;probable_horizontal_ruling,4,1,на,2,145,0,0,0,0,0,97,48.5,short_text_line_candidate
14016,3.421875,,0.0,pupil_text,4,202.0,4101052b69077f40,98a80b0291a9cc9cc0292f1392125412a36ea2cb,0.4539811643835616,53.0,255.0,81.21655407139757,64,0.38472418670438474,19,0.9406392694063926,/home/galetka/Documents/Programming/hi-csg-r/data/processed/school_notebooks/ocr_images/school_notebooks_val_0268951.png,word,,0.9406392694063926,,,2803.2,school_notebooks_val_0268951,val,foreground_heavy;probable_horizontal_ruling,6,1,можно,5,120,0,0,0,0,0,219,43.8,foreground_heavy
9792,2.390625,,0.0,pupil_text,1,211.0,430309531d1c3224,a91f17d298d76adf9e19f8fa2365278941bc9cfd,0.4922385620915033,44.0,255.0,82.54734988077871,64,0.8103734439834025,38,0.9477124183006536,/home/galetka/Documents/Programming/hi-csg-r/data/processed/school_notebooks/ocr_images/school_notebooks_train_0206972.png,word,,0.9281045751633987,,,1398.857142857143,school_notebooks_train_0206972,train,foreground_heavy;probable_horizontal_ruling,6,1,педагог,7,120,0,0,0,0,0,153,21.857142857142858,foreground_heavy
10368,2.53125,,0.0,pupil_text,2,168.64999999999998,206f5b454b0f0a1a,3250abebb48d2ce659dee8c4544f1548038fba11,0.11072530864197531,86.35000000000002,255.0,55.175482364923795,64,0.09146341463414634,1,0.6481481481481481,/home/galetka/Documents/Programming/hi-csg-r/data/processed/school_notebooks/ocr_images/school_notebooks_test_0314643.png,word,,0.7037037037037037,,,942.5454545454545,school_notebooks_test_0314643,test,long_horizontal_structure,2,1,а.с.пушкина,11,145,0,0,0,0,0,162,14.727272727272727,line_low
14848,3.625,,0.0,pupil_text,5,171.0,0465654d697d7c08,08036acebd085ba13a6c58494315c5b0c215ded8,0.15618265086206898,84.0,255.0,56.71947916952895,64,0.039241052177662786,1,0.3922413793103448,/home/galetka/Documents/Programming/hi-csg-r/data/processed/school_notebooks/ocr_images/school_notebooks_train_0241669.png,word,,0.7068965517241379,,,2121.1428571428573,school_notebooks_train_0241669,train,long_horizontal_structure,2,1,колотит,7,145,0,0,0,0,0,232,33.142857142857146,line_low
11264,2.75,,0.0,pupil_text,1,177.85000000000002,b4382d476d776706,2827b935a0d7e12884c6453bc9a9a87af71161cb,0.13512073863636365,77.14999999999998,255.0,58.104981366833556,64,0.056504599211563734,1,0.48863636363636365,/home/galetka/Documents/Programming/hi-csg-r/data/processed/school_notebooks/ocr_images/school_notebooks_train_0132801.png,word,,0.625,,,1877.3333333333333,school_notebooks_train_0132801,train,,0,0,быстро,6,145,0,0,0,0,0,176,29.333333333333332,line_low
12160,2.96875,,0.0,pupil_text,1,187.0,303f2f25696163c0,b865b3cb93ad3aa29de2b35e05a14dbad87316d6,0.2671875,68.0,255.0,67.85473333650934,64,0.34964604493690365,8,0.8631578947368421,/home/galetka/Documents/Programming/hi-csg-r/data/processed/school_notebooks/ocr_images/school_notebooks_train_0136744.png,word,,0.8631578947368421,,,3040.0,school_notebooks_train_0136744,train,probable_horizontal_ruling,3,1,день,4,145,0,0,0,0,0,190,47.5,line_high
10624,2.59375,,0.0,pupil_text,1,211.0,307367294f1c1b7c,b8f6f2723d27c959b46371df5333d842d6c35204,0.2056664156626506,44.0,255.0,72.14343259034443,64,0.13958810068649885,4,0.5783132530120482,/home/galetka/Documents/Programming/hi-csg-r/data/processed/school_notebooks/ocr_images/school_notebooks_train_0162304.png,word,,0.5180722891566265,,,2124.8,school_notebooks_train_0162304,train,probable_horizontal_ruling,3,1,будет,5,145,0,0,0,0,0,166,33.2,line_medium
4224,1.03125,,0.0,teacher_comment,7,124.0,4e8f19330f1b7f3c,11f6534eb82421d743b23cc724216d9a51769cbb,0.06439393939393939,130.0,254.0,40.23331415149985,64,0.34191176470588236,3,0.8333333333333334,/home/galetka/Documents/Programming/hi-csg-r/data/processed/school_notebooks/ocr_images/school_notebooks_train_0006662.png,word,,0.5454545454545454,,,1056.0,school_notebooks_train_0006662,train,probable_horizontal_ruling,3,1,4/5.,4,145,0,0,0,0,0,66,16.5,line_high
12608,3.078125,,0.0,pupil_text,2,148.0,406071413d3f3e20,bf1f7be122a74eff2e6e760905e439127290807c,0.1522049492385787,107.0,255.0,54.491491052284005,64,0.327774882751433,6,0.817258883248731,/home/galetka/Documents/Programming/hi-csg-r/data/processed/school_notebooks/ocr_images/school_notebooks_test_0309540.png,word,,0.6802030456852792,,,1260.8,school_notebooks_test_0309540,test,probable_horizontal_ruling,3,1,упражнение,10,145,0,0,0,0,0,197,19.7,line_high
20288,4.953125,,0.0,pupil_text,4,185.0,c5c0d3152f475fd8,ffc3ca5872f0063dcfba142427f8429632fb5732,0.14683556782334384,70.0,255.0,60.941026702494405,64,0.0,0,0.0,/home/galetka/Documents/Programming/hi-csg-r/data/processed/school_notebooks/ocr_images/school_notebooks_val_0284339.png,word,,0.4227129337539432,,,2536.0,school_notebooks_val_0284339,val,,0,0,захотел-,8,145,0,0,0,0,0,317,39.625,line_none
4096,1.0,,0.0,teacher_comment,1,184.0,0d1c1b8b2e0f181a,8db6ff073eb50dded58c9b56cfea840544bdd70f,0.113037109375,71.0,255.0,58.45504849554329,64,0.11231101511879049,2,0.546875,/home/galetka/Documents/Programming/hi-csg-r/data/processed/school_notebooks/ocr_images/school_notebooks_train_0070773.png,word,,0.484375,,,1365.3333333333333,school_notebooks_train_0070773,train,,0,0,где,3,145,0,0,0,0,0,64,21.333333333333332,line_low
5824,1.421875,,0.0,pupil_text,1,198.0,303563595b4f5e41,fd9d2f69e3ee794553bfc6b37ecfa1c81ff5ee5f,0.18063186813186813,56.0,254.0,63.643152128665164,64,0.03517110266159696,1,0.4065934065934066,/home/galetka/Documents/Programming/hi-csg-r/data/processed/school_notebooks/ocr_images/school_notebooks_train_0182113.png,word,,0.5824175824175825,,,728.0,school_notebooks_train_0182113,train,,0,0,двадцать,8,145,0,0,0,0,0,91,11.375,line_low
10880,2.65625,,0.0,pupil_text,8,133.0,090d793d6766050e,b650cf698159b91c0efff53c2862e3c37c2ebaa5,0.08943014705882353,122.0,255.0,48.01210236519924,64,0.0,0,0.0,/home/galetka/Documents/Programming/hi-csg-r/data/processed/school_notebooks/ocr_images/school_notebooks_train_0064218.png,word,,0.29411764705882354,,,1554.2857142857142,school_notebooks_train_0064218,train,,0,0,стащит.,7,145,0,0,0,0,0,170,24.285714285714285,line_none
6592,1.609375,,0.0,pupil_comment,1,221.0,439c1f3373531b96,2928e5b61e33ed40b6f91057b91e1bc1084b5559,0.4620752427184466,33.0,254.0,84.29625078819947,64,0.8946158896913986,41,0.8446601941747572,/home/galetka/Documents/Programming/hi-csg-r/data/processed/school_notebooks/ocr_images/school_notebooks_train_0240148.png,word,,0.8349514563106796,,,2197.3333333333335,school_notebooks_train_0240148,train,foreground_heavy;probable_horizontal_ruling,6,1,1-е,3,120,0,0,0,0,0,103,34.333333333333336,foreground_heavy
15936,3.890625,,0.0,pupil_text,3,202.25,383d253333968080,200cea7530b0a21189498144d85c0ce26303270c,0.1453940763052209,52.75,255.0,64.22084255771,64,0.04574881312041433,1,0.42570281124497994,/home/galetka/Documents/Programming/hi-csg-r/data/processed/school_notebooks/ocr_images/school_notebooks_test_0296940.png,word,,0.5783132530120482,,,2656.0,school_notebooks_test_0296940,test,,0,0,рысью.,6,145,0,0,0,0,0,249,41.5,line_low
7104,1.734375,,0.0,pupil_text,2,183.0,010f172727070340,b876c7cb02da090dae8a0ac790b80628d74e0f8d,0.25394144144144143,72.0,255.0,73.49446928931238,64,0.3697339246119734,12,0.8558558558558559,/home/galetka/Documents/Programming/hi-csg-r/data/processed/school_notebooks/ocr_images/school_notebooks_val_0269654.png,word,,0.8558558558558559,,,2368.0,school_notebooks_val_0269654,val,probable_horizontal_ruling,3,1,его,3,120,0,0,0,0,0,111,37.0,line_high
12160,2.96875,,0.0,pupil_text,2,167.0,5811313d674f080a,43fb183cc2876588b7a32edca99acb22987a3207,0.16924342105263157,88.0,255.0,60.55202870675025,64,0.07677356656948493,2,0.7368421052631579,/home/galetka/Documents/Programming/hi-csg-r/data/processed/school_notebooks/ocr_images/school_notebooks_val_0290094.png,word,,0.6631578947368421,,,1520.0,school_notebooks_val_0290094,val,long_horizontal_structure,2,1,обладали,8,145,0,0,0,0,0,190,23.75,line_low
10624,2.59375,,0.0,pupil_text,3,190.0,3a2d75154b450f2f,3027f834854c0bfce70ea8b723a62fc5e2043419,0.5428275602409639,65.0,255.0,73.43345855308279,64,0.7140627709380961,34,0.9397590361445783,/home/galetka/Documents/Programming/hi-csg-r/data/processed/school_notebooks/ocr_images/school_notebooks_train_0006656.png,word,,0.927710843373494,,,2656.0,school_notebooks_train_0006656,train,foreground_heavy;probable_horizontal_ruling,6,1,стал,4,120,0,0,0,0,0,166,41.5,foreground_heavy
5440,1.328125,,0.0,pupil_text,1,165.0,726d2e6767090342,ebaba97645308d5e3f44c545fbb64c94f4b716aa,0.08639705882352941,90.0,255.0,56.55392807180732,64,0.2680851063829787,2,0.7411764705882353,/home/galetka/Documents/Programming/hi-csg-r/data/processed/school_notebooks/ocr_images/school_notebooks_val_0279672.png,word,,0.7411764705882353,,,2720.0,school_notebooks_val_0279672,val,very_short_text;probable_horizontal_ruling,4,1,на,2,145,0,0,0,0,0,85,42.5,short_text_line_candidate
8320,2.03125,,0.0,pupil_text,5,165.0,0c16571775060e4d,230e93cd5681883d4a4b4e0c0c2674293ffb1513,0.11754807692307692,90.0,255.0,60.850108422542135,64,0.0,0,0.0,/home/galetka/Documents/Programming/hi-csg-r/data/processed/school_notebooks/ocr_images/school_notebooks_train_0177195.png,word,,0.5384615384615384,,,1664.0,school_notebooks_train_0177195,train,,0,0,"(м.р,",5,145,0,0,0,0,0,130,26.0,line_none
11072,2.703125,,0.0,pupil_text,2,243.0,766f49531d39b52a,62ec3f9e99de7974f3572f25ab9f5b2c6028519e,0.17828757225433525,12.0,255.0,76.24167510858678,64,0.13323201621073963,2,0.9017341040462428,/home/galetka/Documents/Programming/hi-csg-r/data/processed/school_notebooks/ocr_images/school_notebooks_test_0308308.png,word,,0.9017341040462428,,,1230.2222222222222,school_notebooks_test_0308308,test,probable_horizontal_ruling,3,1,"искренне,",9,145,0,0,0,0,0,173,19.22222222222222,line_medium
19328,4.71875,,0.0,pupil_text,1,186.0,48c0c1195f1e3032,174413b1f7e93efbfdbcdbc71d2c7a0cb401d4e0,0.13974544701986755,69.0,255.0,62.13218838487942,64,0.0,0,0.0,/home/galetka/Documents/Programming/hi-csg-r/data/processed/school_notebooks/ocr_images/school_notebooks_val_0280585.png,word,,0.5629139072847682,,,1757.090909090909,school_notebooks_val_0280585,val,,0,0,контрольная,11,145,0,0,0,0,0,302,27.454545454545453,line_none
10304,2.515625,,0.0,pupil_text,1,172.0,385f5757770b0030,786fab27f2e4977a2f2ac73955bbac7e796e3a97,0.2096273291925466,83.0,255.0,62.302877891907976,64,0.0587962962962963,2,0.6645962732919255,/home/galetka/Documents/Programming/hi-csg-r/data/processed/school_notebooks/ocr_images/school_notebooks_test_0300568.png,word,,0.5652173913043478,,,1717.3333333333333,school_notebooks_test_0300568,test,,0,0,"ножки,",6,145,0,0,0,0,0,161,26.833333333333332,line_low
6144,1.5,,0.0,pupil_text,1,217.0,1f150b0737337f78,c86696f2c20ca28f6a9790b14130b3cdcc36e8e3,0.5397135416666666,37.0,254.0,89.92356383542824,64,0.979794933655006,47,0.8541666666666666,/home/galetka/Documents/Programming/hi-csg-r/data/processed/school_notebooks/ocr_images/school_notebooks_val_0269699.png,word,,0.78125,,,3072.0,school_notebooks_val_0269699,val,very_short_text;foreground_heavy;probable_horizontal_ruling,7,1,за,2,120,0,0,0,0,0,96,48.0,foreground_heavy
6592,1.609375,,0.0,pupil_text,2,199.0,142b2b3767477678,eb89fea47a41ad367dc14aa3c2d7258f52172917,0.17263349514563106,56.0,255.0,66.23433677287039,64,0.15641476274165203,3,0.6699029126213593,/home/galetka/Documents/Programming/hi-csg-r/data/processed/school_notebooks/ocr_images/school_notebooks_train_0125344.png,word,,0.6699029126213593,,,3296.0,school_notebooks_train_0125344,train,very_short_text;probable_horizontal_ruling,4,1,но,2,145,0,0,0,0,0,103,51.5,short_text_line_candidate
22016,5.375,,0.0,pupil_text,7,160.0,466705213365c1c0,07ef06757555ae4f9293958a649f01bb03d74943,0.1060592296511628,94.0,254.0,53.985141178078806,64,0.0,0,0.0,/home/galetka/Documents/Programming/hi-csg-r/data/processed/school_notebooks/ocr_images/school_notebooks_val_0272041.png,word,,0.3546511627906977,,,2001.4545454545455,school_notebooks_val_0272041,val,,0,0,лексическое,11,145,0,0,0,0,0,344,31.272727272727273,line_none
5888,1.4375,,0.0,pupil_text,2,162.0,1c0f891d2d271501,fa53627ab3856c0977c36e6da06d6822c7ae3c97,0.10835597826086957,93.0,255.0,54.43011253217371,64,0.0,0,0.0,/home/galetka/Documents/Programming/hi-csg-r/data/processed/school_notebooks/ocr_images/school_notebooks_train_0012567.png,word,,0.358695652173913,,,2944.0,school_notebooks_train_0012567,train,very_short_text,1,0,до,2,145,0,0,0,0,0,92,46.0,short_text_no_line
7488,1.828125,,0.0,pupil_text,2,169.0,806c606d117b6309,24f895c543b3471c39142763672cdabecc7a3fde,0.27350427350427353,86.0,255.0,66.26014071394498,64,0.28466796875,8,0.8290598290598291,/home/galetka/Documents/Programming/hi-csg-r/data/processed/school_notebooks/ocr_images/school_notebooks_val_0271129.png,word,,0.8290598290598291,,,1248.0,school_notebooks_val_0271129,val,probable_horizontal_ruling,3,1,нанзи-,6,145,0,0,0,0,0,117,19.5,line_medium
9792,2.390625,,0.0,pupil_text,2,196.0,3d2d01195990b534,2166cfcc5efc223cfeed0cba9b3c4f3242d21776,0.32771650326797386,58.0,254.0,78.55384042898375,64,0.5752570894359613,20,0.8954248366013072,/home/galetka/Documents/Programming/hi-csg-r/data/processed/school_notebooks/ocr_images/school_notebooks_test_0305318.png,word,,0.8627450980392157,,,1088.0,school_notebooks_test_0305318,test,probable_horizontal_ruling,3,1,радостные,9,120,0,0,0,0,0,153,17.0,line_high
9728,2.375,,0.0,pupil_text,1,185.0,00074f5745273f00,4b3b0f708be92f14636bd7d588108cf30dc4c58a,0.31609786184210525,70.0,255.0,70.88869604523443,64,0.576260162601626,17,0.8552631578947368,/home/galetka/Documents/Programming/hi-csg-r/data/processed/school_notebooks/ocr_images/school_notebooks_train_0146577.png,word,,0.8486842105263158,,,3242.6666666666665,school_notebooks_train_0146577,train,probable_horizontal_ruling,3,1,ки.,3,145,0,0,0,0,0,152,50.666666666666664,line_high
12352,3.015625,,0.0,pupil_text,2,197.0,8b031b1365786188,62efcbf59e3d65af67d16e7179003419dadaf104,0.12815738341968913,57.0,254.0,60.36068485150296,64,0.0,0,0.0,/home/galetka/Documents/Programming/hi-csg-r/data/processed/school_notebooks/ocr_images/school_notebooks_train_0000806.png,word,,0.5077720207253886,,,1764.5714285714287,school_notebooks_train_0000806,train,,0,0,топоте.,7,145,0,0,0,0,0,193,27.571428571428573,line_none
6144,1.5,,0.0,pupil_text,1,177.0,627c5f1f07031306,72017d79085b380e6b7483d2cb781718b0a6225f,0.18587239583333334,77.0,254.0,62.88950728766531,64,0.03064798598949212,1,0.3645833333333333,/home/galetka/Documents/Programming/hi-csg-r/data/processed/school_notebooks/ocr_images/school_notebooks_train_0185992.png,word,,0.5833333333333334,,,1228.8,school_notebooks_train_0185992,train,,0,0,птиц.,5,145,0,0,0,0,0,96,19.2,line_low
6656,1.625,,0.0,pupil_text,1,183.0,1e2d1b133d6051a0,b3ffd1c85f8d9fac5533bb2298c6f678560f9b8e,0.15069110576923078,72.0,255.0,62.83257418588985,64,0.22532402791625125,4,0.7788461538461539,/home/galetka/Documents/Programming/hi-csg-r/data/processed/school_notebooks/ocr_images/school_notebooks_val_0281640.png,word,,0.7692307692307693,,,2218.6666666666665,school_notebooks_val_0281640,val,probable_horizontal_ruling,3,1,при,3,145,0,0,0,0,0,104,34.666666666666664,line_medium
18432,4.5,,0.0,pupil_text,7,211.0,010145414f6c0d2c,fce71f1b5ba745c98218417c20c8337b422b7206,0.21923828125,44.0,255.0,77.48666402455362,64,0.3479336797822321,9,0.8611111111111112,/home/galetka/Documents/Programming/hi-csg-r/data/processed/school_notebooks/ocr_images/school_notebooks_train_0148115.png,word,,0.8576388888888888,,,1843.2,school_notebooks_train_0148115,train,probable_horizontal_ruling,3,1,последними,10,120,0,0,0,0,0,288,28.8,line_high
9984,2.4375,,0.0,pupil_text,2,205.0,01456d6749190f0e,9b48bca160a283dafc0df1e02dd713860d1233e9,0.18579727564102563,49.0,254.0,62.06368131441425,64,0.35094339622641507,6,0.9038461538461539,/home/galetka/Documents/Programming/hi-csg-r/data/processed/school_notebooks/ocr_images/school_notebooks_train_0004072.png,word,,0.9038461538461539,,,2496.0,school_notebooks_train_0004072,train,probable_horizontal_ruling,3,1,спят,4,145,0,0,0,0,0,156,39.0,line_high
10368,2.53125,,0.0,pupil_text,6,173.0,c171494953656f0e,4ea8f87412794fa5602e8f86e51f0fd13931a24c,0.2074652777777778,82.0,255.0,60.63801379822694,64,0.22361692236169223,5,0.8950617283950617,/home/galetka/Documents/Programming/hi-csg-r/data/processed/school_notebooks/ocr_images/school_notebooks_train_0247547.png,word,,0.8827160493827161,,,2073.6,school_notebooks_train_0247547,train,probable_horizontal_ruling,3,1,ночью,5,145,0,0,0,0,0,162,32.4,line_medium
6912,1.6875,,0.0,teacher_comment,3,147.0,26071b393b333960,02ba3ef9ebec65c355fce1d6f35ccdb7316259e1,0.07378472222222222,108.0,255.0,57.42328129675182,64,0.0,0,0.0,/home/galetka/Documents/Programming/hi-csg-r/data/processed/school_notebooks/ocr_images/school_notebooks_train_0258639.png,word,,0.3333333333333333,,,3456.0,school_notebooks_train_0258639,train,very_short_text,1,0,0-,2,145,0,0,0,0,0,108,54.0,short_text_no_line
5696,1.390625,,0.0,pupil_text,3,137.0,4607075d59390101,9aeb1e656ff7e74eaa24f1684fefc477984fbff2,0.11095505617977527,118.0,255.0,54.443540694408846,64,0.40348101265822783,4,0.8426966292134831,/home/galetka/Documents/Programming/hi-csg-r/data/processed/school_notebooks/ocr_images/school_notebooks_val_0296174.png,word,,0.8426966292134831,,,1424.0,school_notebooks_val_0296174,val,probable_horizontal_ruling,3,1,"ся"",",4,145,0,0,0,0,0,89,22.25,line_high
5824,1.421875,,0.0,pupil_text,1,198.0,0687939325271301,acf55c973fc7a4495750f6010c8908103e1ba7b0,0.14474587912087913,57.0,255.0,64.36502605005167,64,0.1506524317912218,3,0.5274725274725275,/home/galetka/Documents/Programming/hi-csg-r/data/processed/school_notebooks/ocr_images/school_notebooks_train_0083916.png,word,,0.7362637362637363,,,2912.0,school_notebooks_train_0083916,train,very_short_text;long_horizontal_structure,3,1,не,2,145,0,0,0,0,0,91,45.5,short_text_line_candidate
11648,2.84375,,0.0,pupil_text,9,193.0,407f39354d430100,1977fe0eefe913dea7c95bcdb36841d49502cb88,0.41432005494505497,62.0,255.0,76.27643491553599,64,0.1690841276419395,7,0.9120879120879121,/home/galetka/Documents/Programming/hi-csg-r/data/processed/school_notebooks/ocr_images/school_notebooks_test_0321374.png,word,,0.9120879120879121,,,2329.6,school_notebooks_test_0321374,test,foreground_heavy;probable_horizontal_ruling,6,1,очень,5,120,0,0,0,0,0,182,36.4,foreground_heavy
7360,1.796875,,0.0,pupil_text,8,191.0,25252929150f7fe0,f43e44c9c9b261ae754cf549920cd42e7629da4b,0.36820652173913043,64.0,255.0,76.16353833117763,64,0.8291512915129151,29,0.8347826086956521,/home/galetka/Documents/Programming/hi-csg-r/data/processed/school_notebooks/ocr_images/school_notebooks_test_0321445.png,word,,0.8173913043478261,,,1840.0,school_notebooks_test_0321445,test,foreground_heavy;probable_horizontal_ruling,6,1,книг,4,120,0,0,0,0,0,115,28.75,foreground_heavy
4096,1.0,,0.0,pupil_text,1,174.0,020e8d0d0f1b1b60,a9a30d19985bc97097a7f466d0f220e779845fcf,0.17138671875,81.0,255.0,61.06824772811426,64,0.03418803418803419,1,0.375,/home/galetka/Documents/Programming/hi-csg-r/data/processed/school_notebooks/ocr_images/school_notebooks_train_0033754.png,word,,0.640625,,,2048.0,school_notebooks_train_0033754,train,very_short_text,1,0,3.,2,145,0,0,0,0,0,64,32.0,short_text_no_line
4096,1.0,,0.0,teacher_comment,1,185.0,9d2d2d6e66063d3a,7af4ba1c626aff06605495b90d2470afe89ac403,0.406005859375,70.0,255.0,76.7864994460024,64,0.8292242934455802,39,0.71875,/home/galetka/Documents/Programming/hi-csg-r/data/processed/school_notebooks/ocr_images/school_notebooks_test_0304902.png,word,,0.65625,,,1365.3333333333333,school_notebooks_test_0304902,test,foreground_heavy;probable_horizontal_ruling,6,1,4/2,3,120,0,0,0,0,0,64,21.333333333333332,foreground_heavy
8448,2.0625,,0.0,pupil_text,7,212.0,599917377b5dd1d0,ce1caddcaaf6cc7d474fa618cf2ad85b1a2c22a9,0.1620501893939394,43.0,255.0,66.87499389496507,64,0.07962016070124178,2,0.5909090909090909,/home/galetka/Documents/Programming/hi-csg-r/data/processed/school_notebooks/ocr_images/school_notebooks_train_0117544.png,word,,0.5606060606060606,,,1206.857142857143,school_notebooks_train_0117544,train,,0,0,"дверям,",7,145,0,0,0,0,0,132,18.857142857142858,line_low
5312,1.296875,,0.0,pupil_text,4,155.0,1c3765353d3d0343,67640c3dee2a0435cc59716a95c6845f5e5f3194,0.10862198795180723,100.0,255.0,51.44728145775225,64,0.12131715771230503,2,0.5903614457831325,/home/galetka/Documents/Programming/hi-csg-r/data/processed/school_notebooks/ocr_images/school_notebooks_test_0318000.png,word,,0.5421686746987951,,,1328.0,school_notebooks_test_0318000,test,probable_horizontal_ruling,3,1,бы?),4,145,0,0,0,0,0,83,20.75,line_medium
11328,2.765625,,0.0,pupil_text,3,189.0,334b13115f181a00,2ce9476a81ace68fc3ea2e3d4bcf478f2ccd253e,0.11423022598870057,66.0,255.0,58.74199741278634,64,0.18701700154559506,3,0.8813559322033898,/home/galetka/Documents/Programming/hi-csg-r/data/processed/school_notebooks/ocr_images/school_notebooks_train_0139293.png,word,,0.5254237288135594,,,2265.6,school_notebooks_train_0139293,train,probable_horizontal_ruling,3,1,горю.,5,145,0,0,0,0,0,177,35.4,line_medium
5760,1.40625,,0.0,pupil_text,1,183.0,69607b552f606150,f53100747f25b98f1e0b11e21322356fb51c8c61,0.30885416666666665,72.0,255.0,69.12790399884746,64,0.6520517144463182,18,0.9,/home/galetka/Documents/Programming/hi-csg-r/data/processed/school_notebooks/ocr_images/school_notebooks_test_0318445.png,word,,0.8888888888888888,,,960.0,school_notebooks_test_0318445,test,probable_horizontal_ruling,3,1,бумаге,6,145,0,0,0,0,0,90,15.0,line_high
11200,2.734375,,0.0,pupil_text,9,216.0,109f31276f6b6b03,11d42fb9699e62b42cfe1ce4a2b8e8a40c9468de,0.21839285714285714,39.0,255.0,72.5470337197229,64,0.15944399018806213,4,0.8114285714285714,/home/galetka/Documents/Programming/hi-csg-r/data/processed/school_notebooks/ocr_images/school_notebooks_val_0280563.png,word,,0.7542857142857143,,,5600.0,school_notebooks_val_0280563,val,very_short_text;probable_horizontal_ruling,4,1,от,2,145,0,0,0,0,0,175,87.5,short_text_line_candidate
18816,4.59375,,0.0,pupil_text,1,193.0,2439396599124212,f7d4fb100235108cd04207cc46b4883ddd1bea74,0.1644876700680272,62.0,255.0,66.82672050392513,64,0.3470113085621971,5,0.8061224489795918,/home/galetka/Documents/Programming/hi-csg-r/data/processed/school_notebooks/ocr_images/school_notebooks_train_0092694.png,word,,0.9115646258503401,,,3136.0,school_notebooks_train_0092694,train,probable_horizontal_ruling,3,1,лисица,6,145,0,0,0,0,0,294,49.0,line_high
7744,1.890625,,0.0,pupil_text,3,194.84999999999997,2501232b17b42a68,46234a835b4fe469c904fdcd1852b093f7fc525c,0.12086776859504132,60.150000000000034,255.0,60.54965383238308,64,0.0,0,0.0,/home/galetka/Documents/Programming/hi-csg-r/data/processed/school_notebooks/ocr_images/school_notebooks_train_0259059.png,word,,0.6198347107438017,,,1290.6666666666667,school_notebooks_train_0259059,train,,0,0,"ружьё,",6,145,0,0,0,0,0,121,20.166666666666668,line_none
9920,2.421875,,0.0,pupil_text,1,176.0,011e2f254b130180,c637fd6b9ffdef09a278d7d9b1ec9b62919d7868,0.10544354838709677,79.0,255.0,57.40260777092087,64,0.0,0,0.0,/home/galetka/Documents/Programming/hi-csg-r/data/processed/school_notebooks/ocr_images/school_notebooks_test_0317001.png,word,,0.38064516129032255,,,3306.6666666666665,school_notebooks_test_0317001,test,,0,0,мне,3,145,0,0,0,0,0,155,51.666666666666664,line_none
6272,1.53125,,0.0,pupil_text,6,229.0,489c1f5b0d574706,fb582119eb2504840ed1d78a4860454010a87b7e,0.1611926020408163,26.0,255.0,70.23302176578395,64,0.1394658753709199,2,0.8163265306122449,/home/galetka/Documents/Programming/hi-csg-r/data/processed/school_notebooks/ocr_images/school_notebooks_train_0262082.png,word,,0.8775510204081632,,,3136.0,school_notebooks_train_0262082,train,very_short_text;probable_horizontal_ruling,4,1,мы,2,145,0,0,0,0,0,98,49.0,short_text_line_candidate
5824,1.421875,,0.0,pupil_comment,2,207.0,0006262e2f33032c,0387729fd69691e0148c0156be499c5c3bba7be5,0.2778159340659341,48.0,255.0,77.86311566843443,64,0.24721878862793573,9,0.6153846153846154,/home/galetka/Documents/Programming/hi-csg-r/data/processed/school_notebooks/ocr_images/school_notebooks_val_0285134.png,word,,0.6483516483516484,,,2912.0,school_notebooks_val_0285134,val,very_short_text;probable_horizontal_ruling,4,1,ск,2,145,0,0,0,0,0,91,45.5,short_text_line_candidate
6592,1.609375,,0.0,pupil_text,1,198.0,72535d09034b0b0b,4ef25519db0461a55b269e91c783494049b69c32,0.33631674757281554,57.0,255.0,74.17939938223032,64,0.7753721244925575,21,0.9029126213592233,/home/galetka/Documents/Programming/hi-csg-r/data/processed/school_notebooks/ocr_images/school_notebooks_train_0178304.png,word,,0.8640776699029126,,,1318.4,school_notebooks_train_0178304,train,probable_horizontal_ruling,3,1,непар,5,145,0,0,0,0,0,103,20.6,line_high
16448,4.015625,,0.0,pupil_text,2,186.0,00535353676e3c01,15e772182ab5feacf6c00bfc715d42ec807f957a,0.26532101167315175,69.0,255.0,67.45983684197735,64,0.02153987167736022,1,0.3657587548638132,/home/galetka/Documents/Programming/hi-csg-r/data/processed/school_notebooks/ocr_images/school_notebooks_val_0283604.png,word,,0.6653696498054474,,,2349.714285714286,school_notebooks_val_0283604,val,long_horizontal_structure,2,1,"часики,",7,145,0,0,0,0,0,257,36.714285714285715,line_low
4544,1.109375,,0.0,pupil_comment,1,213.0,010b0b1b1337634b,30f9c4fed69de52e04cad814b3e4df2b3d57d917,0.6080545774647887,42.0,255.0,85.69470532191171,64,0.9952949692363373,51,0.8309859154929577,/home/galetka/Documents/Programming/hi-csg-r/data/processed/school_notebooks/ocr_images/school_notebooks_test_0300946.png,word,,0.7746478873239436,,,2272.0,school_notebooks_test_0300946,test,very_short_text;foreground_heavy;probable_horizontal_ruling,7,1,12,2,120,0,0,0,0,0,71,35.5,foreground_heavy
9088,2.21875,,0.0,pupil_text,1,211.0,387f574d47050d2c,8681a86513f89d63575ebecea185d91767281100,0.5273987676056338,43.0,254.0,84.31294248217863,64,0.9559774671395785,42,0.9295774647887324,/home/galetka/Documents/Programming/hi-csg-r/data/processed/school_notebooks/ocr_images/school_notebooks_train_0027525.png,word,,0.9225352112676056,,,1298.2857142857142,school_notebooks_train_0027525,train,foreground_heavy;probable_horizontal_ruling,6,1,которые,7,120,0,0,0,0,0,142,20.285714285714285,foreground_heavy
17280,4.21875,,0.0,pupil_text,1,199.0,01052d2929357ffc,4ae267a9e6c312def9e3f04f9504f5d289b02e74,0.17934027777777778,55.0,254.0,59.95790810321157,64,0.15811552113585028,4,0.9629629629629629,/home/galetka/Documents/Programming/hi-csg-r/data/processed/school_notebooks/ocr_images/school_notebooks_train_0177494.png,word,,0.8074074074074075,,,2468.5714285714284,school_notebooks_train_0177494,train,probable_horizontal_ruling,3,1,смажишь,7,145,0,0,0,0,0,270,38.57142857142857,line_medium
7744,1.890625,,0.0,pupil_text,1,184.84999999999997,003f232b1f373300,2ece881503025ab891181dcf4896596016d1a951,0.19447314049586778,70.15000000000003,255.0,64.00142371628536,64,0.13346613545816732,3,0.6528925619834711,/home/galetka/Documents/Programming/hi-csg-r/data/processed/school_notebooks/ocr_images/school_notebooks_train_0017444.png,word,,0.6446280991735537,,,2581.3333333333335,school_notebooks_train_0017444,train,probable_horizontal_ruling,3,1,что,3,145,0,0,0,0,0,121,40.333333333333336,line_medium
11584,2.828125,,0.0,pupil_text,1,195.0,42783e4f2d616170,500e9433ddb48faac3b7994e0bedc2d719891e16,0.1378625690607735,60.0,255.0,63.330750153999475,64,0.0,0,0.0,/home/galetka/Documents/Programming/hi-csg-r/data/processed/school_notebooks/ocr_images/school_notebooks_test_0314386.png,word,,0.5027624309392266,,,1930.6666666666667,school_notebooks_test_0314386,test,,0,0,лучшая,6,145,0,0,0,0,0,181,30.166666666666668,line_none
13184,3.21875,,0.0,pupil_text,1,194.0,03030b3b65616840,cc4648ec56db4a104ddd1740268de8b35ed04f20,0.11309162621359223,61.0,255.0,59.2563655499927,64,0.06773977196512408,1,0.49029126213592233,/home/galetka/Documents/Programming/hi-csg-r/data/processed/school_notebooks/ocr_images/school_notebooks_test_0316386.png,word,,0.5922330097087378,,,2197.3333333333335,school_notebooks_test_0316386,test,,0,0,"горох,",6,145,0,0,0,0,0,206,34.333333333333336,line_low
13824,3.375,,0.0,pupil_text,1,186.0,183f515305054101,34b81f8ac25e72e0d38c89387981a3ea01a30b75,0.3333333333333333,69.0,255.0,65.86092823309718,64,0.234375,7,0.9212962962962963,/home/galetka/Documents/Programming/hi-csg-r/data/processed/school_notebooks/ocr_images/school_notebooks_val_0283011.png,word,,0.9166666666666666,,,1974.857142857143,school_notebooks_val_0283011,val,probable_horizontal_ruling,3,1,теплого,7,145,0,0,0,0,0,216,30.857142857142858,line_medium
6848,1.671875,,0.0,pupil_text,2,194.0,0301695b67070313,bc46bd9dac0d952dc94a7c1ea8858548d176088e,0.37076518691588783,61.0,255.0,79.30762568428258,64,0.5769988184324537,17,0.897196261682243,/home/galetka/Documents/Programming/hi-csg-r/data/processed/school_notebooks/ocr_images/school_notebooks_train_0154204.png,word,,0.897196261682243,,,1141.3333333333333,school_notebooks_train_0154204,train,foreground_heavy;probable_horizontal_ruling,6,1,"минут,",6,120,0,0,0,0,0,107,17.833333333333332,foreground_heavy
4864,1.1875,,0.0,pupil_text,1,213.0,0007131317330700,89427f48bc05faecb07671db5ff7b66754379730,0.15604440789473684,42.0,255.0,70.49143224834206,64,0.2727272727272727,4,0.7631578947368421,/home/galetka/Documents/Programming/hi-csg-r/data/processed/school_notebooks/ocr_images/school_notebooks_test_0309088.png,word,,0.7368421052631579,,,2432.0,school_notebooks_test_0309088,test,very_short_text;probable_horizontal_ruling,4,1,ли,2,145,0,0,0,0,0,76,38.0,short_text_line_candidate
4160,1.015625,,0.0,pupil_text,1,176.0,3e3717272d230e0d,d1d72917e8b6ca71de98f0fb091ca6566a4d4d9d,0.14471153846153847,79.0,255.0,59.64626727811765,64,0.3388704318936877,4,0.7846153846153846,/home/galetka/Documents/Programming/hi-csg-r/data/processed/school_notebooks/ocr_images/school_notebooks_train_0230688.png,word,,0.7846153846153846,,,2080.0,school_notebooks_train_0230688,train,very_short_text;probable_horizontal_ruling,4,1,не,2,145,0,0,0,0,0,65,32.5,short_text_line_candidate
9088,2.21875,,0.0,pupil_text,3,199.0,183b3b33595bc0c3,03e6c5eb5f5bbd807ff5f8230a2e2b2877fa71a8,0.14007482394366197,56.0,255.0,63.035502891818716,64,0.0,0,0.0,/home/galetka/Documents/Programming/hi-csg-r/data/processed/school_notebooks/ocr_images/school_notebooks_test_0299605.png,word,,0.43661971830985913,,,1136.0,school_notebooks_test_0299605,test,,0,0,зяблики.,8,145,0,0,0,0,0,142,17.75,line_none
8960,2.1875,,0.0,pupil_text,2,143.0,33303b1b0d185818,2fd384beaab0b195985ef95fd76ec7c136601574,0.07444196428571428,112.0,255.0,47.28027536695942,64,0.0,0,0.0,/home/galetka/Documents/Programming/hi-csg-r/data/processed/school_notebooks/ocr_images/school_notebooks_train_0116356.png,word,,0.4,,,1120.0,school_notebooks_train_0116356,train,,0,0,"говорит,",8,145,0,0,0,0,0,140,17.5,line_none
4352,1.0625,,0.0,pupil_text,2,187.0,098e1f2b27670b14,573506bee9af20c148e48c3d4cffbb2846635f4f,0.09972426470588236,68.0,255.0,58.329067360983856,64,0.0,0,0.0,/home/galetka/Documents/Programming/hi-csg-r/data/processed/school_notebooks/ocr_images/school_notebooks_train_0099927.png,word,,0.3235294117647059,,,2176.0,school_notebooks_train_0099927,train,very_short_text,1,0,во,2,145,0,0,0,0,0,68,34.0,short_text_no_line
15360,3.75,,0.0,pupil_text,1,203.0,2531356d5515b000,0a459f27c92fe2295b743bcb54a5d0c357589822,0.12734375,52.0,255.0,63.62237389001961,64,0.12321063394683027,2,0.8166666666666667,/home/galetka/Documents/Programming/hi-csg-r/data/processed/school_notebooks/ocr_images/school_notebooks_val_0288044.png,word,,0.7125,,,2194.285714285714,school_notebooks_val_0288044,val,probable_horizontal_ruling,3,1,"москва,",7,145,0,0,0,0,0,240,34.285714285714285,line_medium
4096,1.0,,0.0,pupil_text,3,142.0,0c0c3d2d5d3e3e40,26960df812575a30580b4ec712f12f7d8dc92379,0.07275390625,113.0,255.0,53.35102265476287,64,0.11073825503355705,1,0.515625,/home/galetka/Documents/Programming/hi-csg-r/data/processed/school_notebooks/ocr_images/school_notebooks_val_0278757.png,word,,0.515625,,,2048.0,school_notebooks_val_0278757,val,very_short_text,1,0,6.,2,145,0,0,0,0,0,64,32.0,short_text_no_line
15808,3.859375,,0.0,pupil_text,11,150.0,c470ee6e3f373120,d4fcdd0de32e712628f7ed432aaeaea5628fc183,0.0926745951417004,105.0,255.0,49.52323945241371,64,0.0,0,0.0,/home/galetka/Documents/Programming/hi-csg-r/data/processed/school_notebooks/ocr_images/school_notebooks_train_0200469.png,word,,0.2793522267206478,,,1756.4444444444443,school_notebooks_train_0200469,train,,0,0,кругом...,9,145,0,0,0,0,0,247,27.444444444444443,line_none
6656,1.625,,0.0,pupil_text,1,162.25,2607031727373822,e17e55d47b519660ae797102e6d4e6ca3dd41c11,0.0811298076923077,92.75,255.0,49.52303011505936,64,0.0,0,0.0,/home/galetka/Documents/Programming/hi-csg-r/data/processed/school_notebooks/ocr_images/school_notebooks_train_0107636.png,word,,0.3557692307692308,,,3328.0,school_notebooks_train_0107636,train,very_short_text,1,0,мы,2,145,0,0,0,0,0,104,52.0,short_text_no_line
7360,1.796875,,0.0,pupil_text,1,182.0,54971b13372756a8,cc432e3d1e9e0e005f8b69565203c3e87d253ed0,0.15760869565217392,72.0,254.0,70.73101375103612,64,0.19655172413793104,3,0.6695652173913044,/home/galetka/Documents/Programming/hi-csg-r/data/processed/school_notebooks/ocr_images/school_notebooks_train_0048428.png,word,,0.6695652173913044,,,3680.0,school_notebooks_train_0048428,train,very_short_text;probable_horizontal_ruling,4,1,не,2,120,0,0,0,0,0,115,57.5,short_text_line_candidate
10816,2.640625,,0.0,pupil_text,3,210.0,1e2b492361736382,940eaf2635b0b750a2c271bd307466845ffc6f32,0.18472633136094674,45.0,255.0,67.97878693740297,64,0.0980980980980981,3,0.7869822485207101,/home/galetka/Documents/Programming/hi-csg-r/data/processed/school_notebooks/ocr_images/school_notebooks_train_0083675.png,word,,0.727810650887574,,,1352.0,school_notebooks_train_0083675,train,long_horizontal_structure,2,1,трепещут,8,145,0,0,0,0,0,169,21.125,line_low
6592,1.609375,,0.0,pupil_text,1,209.0,383b13362e4f5322,aa8878340b90de18b733346111cbd2abb01f7169,0.1720266990291262,46.0,255.0,67.41202651642801,64,0.12874779541446207,3,0.8349514563106796,/home/galetka/Documents/Programming/hi-csg-r/data/processed/school_notebooks/ocr_images/school_notebooks_train_0241339.png,word,,0.7378640776699029,,,3296.0,school_notebooks_train_0241339,train,very_short_text;probable_horizontal_ruling,4,1,на,2,145,0,0,0,0,0,103,51.5,short_text_line_candidate
4096,1.0,,0.0,pupil_text,8,207.25,012d0f2d0d35395f,2e180043c6aaafd354912503689fac8df18a8d2a,0.23046875,47.75,255.0,63.06973020808585,64,0.07309322033898305,2,0.875,/home/galetka/Documents/Programming/hi-csg-r/data/processed/school_notebooks/ocr_images/school_notebooks_train_0217439.png,word,,0.609375,,,2048.0,school_notebooks_train_0217439,train,very_short_text,1,0,н.,2,145,0,0,0,0,0,64,32.0,short_text_no_line
6784,1.65625,,0.0,pupil_text,1,188.0,270b15271b330303,7fc0896fbe09e39865670067ea499149a97e0167,0.13266509433962265,67.0,255.0,60.930562223837875,64,0.17555555555555555,2,0.7924528301886793,/home/galetka/Documents/Programming/hi-csg-r/data/processed/school_notebooks/ocr_images/school_notebooks_train_0069090.png,word,,0.7924528301886793,,,3392.0,school_notebooks_train_0069090,train,very_short_text;probable_horizontal_ruling,4,1,он,2,145,0,0,0,0,0,106,53.0,short_text_line_candidate
10944,2.671875,,0.0,pupil_text,2,219.0,414b0b0379303460,245ff6372984e87e2af94fa19b9cb9a06ee48fe8,0.18055555555555555,36.0,255.0,71.8106073153632,64,0.1007085020242915,3,0.7660818713450293,/home/galetka/Documents/Programming/hi-csg-r/data/processed/school_notebooks/ocr_images/school_notebooks_train_0254910.png,word,,0.6023391812865497,,,1563.4285714285713,school_notebooks_train_0254910,train,,0,0,"будешь,",7,145,0,0,0,0,0,171,24.428571428571427,line_low
13056,3.1875,,0.0,pupil_text,2,213.0,0d4e7b150b493307,e526503762bd07c45769fc1c765c30c5feb8be5d,0.19684436274509803,42.0,255.0,69.00064576452601,64,0.06653696498054475,2,0.49019607843137253,/home/galetka/Documents/Programming/hi-csg-r/data/processed/school_notebooks/ocr_images/school_notebooks_val_0290418.png,word,,0.5147058823529411,,,2611.2,school_notebooks_val_0290418,val,,0,0,этого,5,145,0,0,0,0,0,204,40.8,line_low
10496,2.5625,,0.0,pupil_text,14,207.0,d95c7f4d0b537d68,c763561fa1473b07a389fd17f5666740ccfff665,0.35708841463414637,48.0,255.0,75.98568142139803,64,0.23932764140875135,7,0.9146341463414634,/home/galetka/Documents/Programming/hi-csg-r/data/processed/school_notebooks/ocr_images/school_notebooks_train_0225651.png,word,,0.9146341463414634,,,2624.0,school_notebooks_train_0225651,train,foreground_heavy;probable_horizontal_ruling,6,1,уйти,4,120,0,0,0,0,0,164,41.0,foreground_heavy
5312,1.296875,,0.0,pupil_text,1,198.0,3e3f191963439353,73ebcee555e3bd83117bf716b29221b863bdc79c,0.4819277108433735,56.0,254.0,78.28310435893766,64,0.68046875,30,0.891566265060241,/home/galetka/Documents/Programming/hi-csg-r/data/processed/school_notebooks/ocr_images/school_notebooks_train_0178139.png,word,,0.891566265060241,,,1770.6666666666667,school_notebooks_train_0178139,train,foreground_heavy;probable_horizontal_ruling,6,1,м.р,3,120,0,0,0,0,0,83,27.666666666666668,foreground_heavy
7232,1.765625,,0.0,pupil_text,4,213.45,263f1b1727697901,57ffcd8cea3f4732a1fbf3fd847a9d0e05daa389,0.21432522123893805,41.55000000000001,255.0,74.54758100322265,64,0.05870967741935484,2,0.4778761061946903,/home/galetka/Documents/Programming/hi-csg-r/data/processed/school_notebooks/ocr_images/school_notebooks_train_0192559.png,word,,0.6902654867256637,,,1205.3333333333333,school_notebooks_train_0192559,train,long_horizontal_structure,2,1,"согл.,",6,120,0,0,0,0,0,113,18.833333333333332,line_low
9984,2.4375,,0.0,pupil_text,2,203.0,1c2f63130b570b18,08ad1eb4705c371ef8d1f9edd68dc616a804e8ce,0.21764823717948717,52.0,255.0,67.23522053466777,64,0.41371375977910724,8,0.8589743589743589,/home/galetka/Documents/Programming/hi-csg-r/data/processed/school_notebooks/ocr_images/school_notebooks_train_0253579.png,word,,0.8525641025641025,,,3328.0,school_notebooks_train_0253579,train,probable_horizontal_ruling,3,1,она,3,145,0,0,0,0,0,156,52.0,line_high
9280,2.265625,,0.0,pupil_text,1,197.0,3264654d1b3f2023,415e43fb765e6f869e06a118c48d22a7d21b6317,0.15290948275862068,58.0,255.0,64.5635913768449,64,0.036645525017618044,1,0.3586206896551724,/home/galetka/Documents/Programming/hi-csg-r/data/processed/school_notebooks/ocr_images/school_notebooks_train_0253130.png,word,,0.6206896551724138,,,1325.7142857142858,school_notebooks_train_0253130,train,,0,0,вырвало,7,145,0,0,0,0,0,145,20.714285714285715,line_low
5760,1.40625,,0.0,pupil_text,5,177.0,03233d4d67537d51,db1b47f3fcb04a0d68ff60f89c80428cd20ccf5c,0.471875,78.0,255.0,71.97136226835055,64,0.6846946284032377,25,0.8444444444444444,/home/galetka/Documents/Programming/hi-csg-r/data/processed/school_notebooks/ocr_images/school_notebooks_train_0159588.png,word,,0.8444444444444444,,,2880.0,school_notebooks_train_0159588,train,very_short_text;foreground_heavy;probable_horizontal_ruling,7,1,он,2,120,0,0,0,0,0,90,45.0,foreground_heavy
7360,1.796875,,0.0,pupil_text,3,187.0,61707777571b478e,d2471048e15d7823b511ea1d73a61e0d5f19dc60,0.13111413043478262,68.0,255.0,56.45586721087847,64,0.06424870466321243,1,0.5391304347826087,/home/galetka/Documents/Programming/hi-csg-r/data/processed/school_notebooks/ocr_images/school_notebooks_train_0142816.png,word,,0.808695652173913,,,2453.3333333333335,school_notebooks_train_0142816,train,long_horizontal_structure,2,1,вых,3,145,0,0,0,0,0,115,38.333333333333336,line_low
7232,1.765625,,0.0,pupil_text,1,190.0,4a5a09495d7dc0d1,0253fd71ff69aaae0bac8d4d7f86c56f71199b11,0.27848451327433627,64.0,254.0,70.12855943924157,64,0.8063555114200596,18,0.911504424778761,/home/galetka/Documents/Programming/hi-csg-r/data/processed/school_notebooks/ocr_images/school_notebooks_train_0178752.png,word,,0.9026548672566371,,,1205.3333333333333,school_notebooks_train_0178752,train,probable_horizontal_ruling,3,1,работа,6,145,0,0,0,0,0,113,18.833333333333332,line_high
4096,1.0,,0.0,pupil_text,1,172.25,2034703c2e0f2b03,e418e210f2a2f97aa302ecf46a031f3a0a57a6ca,0.2041015625,82.75,255.0,64.14061247887065,64,0.145933014354067,3,0.75,/home/galetka/Documents/Programming/hi-csg-r/data/processed/school_notebooks/ocr_images/school_notebooks_test_0310870.png,word,,0.75,,,2048.0,school_notebooks_test_0310870,test,very_short_text;probable_horizontal_ruling,4,1,уи,2,145,0,0,0,0,0,64,32.0,short_text_line_candidate
9984,2.4375,,0.0,pupil_text,1,192.0,60735325257b4605,3d01003e151f7a18207740f8af39b806faed7242,0.20042067307692307,63.0,255.0,65.03624741683132,64,0.3938030984507746,7,0.9038461538461539,/home/galetka/Documents/Programming/hi-csg-r/data/processed/school_notebooks/ocr_images/school_notebooks_train_0170442.png,word,,0.8782051282051282,,,1426.2857142857142,school_notebooks_train_0170442,train,probable_horizontal_ruling,3,1,блестят,7,145,0,0,0,0,0,156,22.285714285714285,line_high
