area,aspect_ratio,bbox_json,border_fg_ratio,category,component_count,contrast_range,dhash,exact_hash,fg_fraction,gray_p05,gray_p95,gray_std,height,horizontal_line_fraction,horizontal_line_rows,horizontal_line_width_fraction,image_path,level,line_id,max_row_occupancy,page_id,page_key,pixels_per_char,sample_id,split,suspicion_reasons,suspicion_score,suspicious,text,text_len,threshold_used,touches_bottom,touches_left,touches_right,touches_top,touching_sides,width,width_per_char
6272,1.53125,,0.0,pupil_text,1,233.0,3b3f2b13372b2703,d6e9c2178b3e5797e18129102c3ceac8337ca5e9,0.6087372448979592,22.0,255.0,88.97819278690645,64,1.0,49,0.8571428571428571,/home/galetka/Documents/Programming/hi-csg-r/data/processed/school_notebooks/ocr_images/school_notebooks_train_0224038.png,word,,0.8571428571428571,,,3136.0,school_notebooks_train_0224038,train,very_short_text;foreground_heavy;probable_horizontal_ruling,7,1,не,2,120,0,0,0,0,0,98,49.0
6720,1.640625,,0.0,pupil_text,1,224.0,00233b172b232300,a0e0587b646442e1d7281bbafe9ad63669264166,0.4921130952380952,31.0,255.0,93.30416487894641,64,0.999395222255821,42,0.8285714285714286,/home/galetka/Documents/Programming/hi-csg-r/data/processed/school_notebooks/ocr_images/school_notebooks_train_0103815.png,word,,0.7904761904761904,,,3360.0,school_notebooks_train_0103815,train,very_short_text;foreground_heavy;probable_horizontal_ruling,7,1,ни,2,120,0,0,0,0,0,105,52.5
7296,1.78125,,0.0,pupil_comment,1,198.0,00252513170f2780,956a84cc2d8e65e6f672022723863b96e399e164,0.4609375,57.0,255.0,84.8232329671773,64,0.9988105857865002,38,0.8070175438596491,/home/galetka/Documents/Programming/hi-csg-r/data/processed/school_notebooks/ocr_images/school_notebooks_train_0178225.png,word,,0.8070175438596491,,,3648.0,school_notebooks_train_0178225,train,very_short_text;foreground_heavy;probable_horizontal_ruling,7,1,мн,2,120,0,0,0,0,0,114,57.0
7424,1.8125,,0.0,pupil_text,1,204.0,2323333315434300,2f6574ef62322524d390b75f736f89b0756fe913,0.5421605603448276,51.0,255.0,83.37484690313124,64,0.9972670807453416,45,0.8448275862068966,/home/galetka/Documents/Programming/hi-csg-r/data/processed/school_notebooks/ocr_images/school_notebooks_train_0085196.png,word,,0.8448275862068966,,,3712.0,school_notebooks_train_0085196,train,very_short_text;foreground_heavy;probable_horizontal_ruling,7,1,то,2,120,0,0,0,0,0,116,58.0
6400,1.5625,,0.0,pupil_text,1,224.0,3f3f2d091b25333b,dbea131d41ecd88c1cd86d09db786ef381df6553,0.61765625,31.0,255.0,89.27445294816617,64,0.9962054136099165,51,0.9,/home/galetka/Documents/Programming/hi-csg-r/data/processed/school_notebooks/ocr_images/school_notebooks_train_0207546.png,word,,0.86,,,3200.0,school_notebooks_train_0207546,train,very_short_text;foreground_heavy;probable_horizontal_ruling,7,1,на,2,120,0,0,0,0,0,100,50.0
4544,1.109375,,0.0,pupil_comment,1,213.0,010b0b1b1337634b,30f9c4fed69de52e04cad814b3e4df2b3d57d917,0.6080545774647887,42.0,255.0,85.69470532191171,64,0.9952949692363373,51,0.8309859154929577,/home/galetka/Documents/Programming/hi-csg-r/data/processed/school_notebooks/ocr_images/school_notebooks_test_0300946.png,word,,0.7746478873239436,,,2272.0,school_notebooks_test_0300946,test,very_short_text;foreground_heavy;probable_horizontal_ruling,7,1,12,2,120,0,0,0,0,0,71,35.5
6080,1.484375,,0.0,pupil_text,1,206.0,86033b1b27230383,3fd360c1d982ef25c124a5be556e2e6e5e045afa,0.5476973684210527,48.0,254.0,82.2507034212863,64,0.9945945945945946,49,0.8736842105263158,/home/galetka/Documents/Programming/hi-csg-r/data/processed/school_notebooks/ocr_images/school_notebooks_train_0027569.png,word,,0.8,,,3040.0,school_notebooks_train_0027569,train,very_short_text;foreground_heavy;probable_horizontal_ruling,7,1,тв,2,120,0,0,0,0,0,95,47.5
5824,1.421875,,0.0,pupil_text,1,203.0,0127332737030b14,28071f37f0ac23b97d26c920a9f2248c233b5444,0.5322802197802198,52.0,255.0,83.97870768675692,64,0.9945161290322581,46,0.8241758241758241,/home/galetka/Documents/Programming/hi-csg-r/data/processed/school_notebooks/ocr_images/school_notebooks_train_0086688.png,word,,0.7692307692307693,,,2912.0,school_notebooks_train_0086688,train,very_short_text;foreground_heavy;probable_horizontal_ruling,7,1,не,2,120,0,0,0,0,0,91,45.5
4864,1.1875,,0.0,teacher_comment,1,212.0,498d9d0d1b1f0b03,4e709dd93828441dfd355ef5dda14adbf1318380,0.5783305921052632,42.0,254.0,83.97518052822593,64,0.9943121222893708,54,0.881578947368421,/home/galetka/Documents/Programming/hi-csg-r/data/processed/school_notebooks/ocr_images/school_notebooks_train_0230294.png,word,,0.8026315789473685,,,2432.0,school_notebooks_train_0230294,train,very_short_text;foreground_heavy;probable_horizontal_ruling,7,1,2.,2,120,0,0,0,0,0,76,38.0
4352,1.0625,,0.0,pupil_text,1,200.0,3f3b2f2b2f271b61,f5935aa58707fe4666f6274c0aa433b4bcadb154,0.5682444852941176,54.0,254.0,80.44043956074054,64,0.9939344925192074,50,0.8235294117647058,/home/galetka/Documents/Programming/hi-csg-r/data/processed/school_notebooks/ocr_images/school_notebooks_train_0019356.png,word,,0.8235294117647058,,,2176.0,school_notebooks_train_0019356,train,very_short_text;foreground_heavy;probable_horizontal_ruling,7,1,is,2,120,0,0,0,0,0,68,34.0
4416,1.078125,,0.0,pupil_text,1,234.0,0e173b1b35495303,7935aec53ae375ef5d96b74cb5119032964764bf,0.6012228260869565,21.0,255.0,84.96746192276062,64,0.9932203389830508,53,0.8840579710144928,/home/galetka/Documents/Programming/hi-csg-r/data/processed/school_notebooks/ocr_images/school_notebooks_train_0236356.png,word,,0.8695652173913043,,,2208.0,school_notebooks_train_0236356,train,very_short_text;foreground_heavy;probable_horizontal_ruling,7,1,п.,2,120,0,0,0,0,0,69,34.5
5824,1.421875,,0.0,pupil_text,1,240.0,3e3f53136753172e,1bf1033be08a48503da3082edb02ad2d072d091b,0.5788118131868132,14.0,254.0,91.01489424361067,64,0.9925838030258084,47,0.8461538461538461,/home/galetka/Documents/Programming/hi-csg-r/data/processed/school_notebooks/ocr_images/school_notebooks_train_0224186.png,word,,0.8461538461538461,,,2912.0,school_notebooks_train_0224186,train,very_short_text;foreground_heavy;probable_horizontal_ruling,7,1,но,2,120,0,0,0,0,0,91,45.5
5824,1.421875,,0.0,pupil_text,1,223.0,000e33132b2b2700,03778a5dc7cf28cf652102d6fdb2e076ff51b501,0.4921016483516483,32.0,255.0,92.00670830495541,64,0.9923237962316818,43,0.8021978021978022,/home/galetka/Documents/Programming/hi-csg-r/data/processed/school_notebooks/ocr_images/school_notebooks_train_0179380.png,word,,0.8021978021978022,,,2912.0,school_notebooks_train_0179380,train,very_short_text;foreground_heavy;probable_horizontal_ruling,7,1,от,2,120,0,0,0,0,0,91,45.5
9984,2.4375,,0.0,pupil_text,1,211.0,9f27211725614303,5ed54cad6beb82c456c74f9de4a20b6f8a3932e2,0.6766826923076923,44.0,255.0,80.59883353501353,64,0.9920071047957372,52,0.9423076923076923,/home/galetka/Documents/Programming/hi-csg-r/data/processed/school_notebooks/ocr_images/school_notebooks_train_0162723.png,word,,0.9230769230769231,,,4992.0,school_notebooks_train_0162723,train,very_short_text;foreground_heavy;probable_horizontal_ruling,7,1,мы,2,120,0,0,0,0,0,156,78.0
4992,1.21875,,0.0,pupil_comment,1,203.0,8d0e36272b253713,a6e06f604d485766fd77c62e6a72b8686c7042ab,0.4963942307692308,52.0,255.0,85.05933624565866,64,0.9915254237288136,51,0.8461538461538461,/home/galetka/Documents/Programming/hi-csg-r/data/processed/school_notebooks/ocr_images/school_notebooks_train_0237351.png,word,,0.8205128205128205,,,2496.0,school_notebooks_train_0237351,train,very_short_text;foreground_heavy;probable_horizontal_ruling,7,1,п.,2,120,0,0,0,0,0,78,39.0
7168,1.75,,0.0,pupil_text,1,221.0,1f35331b57435776,6bef7a6580c891c8b37eb7f30adaff4cf28e655c,0.6326729910714286,34.0,255.0,88.12877508401887,64,0.9911797133406836,52,0.9107142857142857,/home/galetka/Documents/Programming/hi-csg-r/data/processed/school_notebooks/ocr_images/school_notebooks_train_0161795.png,word,,0.8571428571428571,,,3584.0,school_notebooks_train_0161795,train,very_short_text;foreground_heavy;probable_horizontal_ruling,7,1,то,2,120,0,0,0,0,0,112,56.0
4672,1.140625,,0.0,pupil_text,1,213.45,2323311b53331bc3,a4678c84bd46b6a7c86e9241cf2fd33c20035d55,0.5556506849315068,40.55000000000001,254.0,84.92715617891555,64,0.9903697996918336,49,0.8356164383561644,/home/galetka/Documents/Programming/hi-csg-r/data/processed/school_notebooks/ocr_images/school_notebooks_train_0027548.png,word,,0.7945205479452054,,,2336.0,school_notebooks_train_0027548,train,very_short_text;foreground_heavy;probable_horizontal_ruling,7,1,гл,2,120,0,0,0,0,0,73,36.5
7232,1.765625,,0.0,teacher_comment,1,205.0,012123273f334b33,19b6eada8c5d75b27bce7b038522f5b0d4dd3dff,0.5641592920353983,50.0,255.0,79.40404170888529,64,0.9901960784313726,48,0.8672566371681416,/home/galetka/Documents/Programming/hi-csg-r/data/processed/school_notebooks/ocr_images/school_notebooks_val_0269754.png,word,,0.7964601769911505,,,3616.0,school_notebooks_val_0269754,val,very_short_text;foreground_heavy;probable_horizontal_ruling,7,1,ош,2,120,0,0,0,0,0,113,56.5
5504,1.34375,,0.0,pupil_comment,1,212.0,0b1b170f0d1737b8,7465faae2efb0272df5b3e60f951b34b857d2683,0.5512354651162791,42.0,254.0,83.50997141254243,64,0.990112063282795,47,0.8372093023255814,/home/galetka/Documents/Programming/hi-csg-r/data/processed/school_notebooks/ocr_images/school_notebooks_train_0222485.png,word,,0.8255813953488372,,,2752.0,school_notebooks_train_0222485,train,very_short_text;foreground_heavy;probable_horizontal_ruling,7,1,п.,2,120,0,0,0,0,0,86,43.0
5696,1.390625,,0.0,pupil_text,1,218.0,7c3b130f2b637f58,a3237e4cc85d0ce1924da6828c4b35f0c5658bb9,0.5960323033707865,37.0,255.0,86.59403297680306,64,0.9899852724594993,50,0.8651685393258427,/home/galetka/Documents/Programming/hi-csg-r/data/processed/school_notebooks/ocr_images/school_notebooks_train_0007039.png,word,,0.8426966292134831,,,2848.0,school_notebooks_train_0007039,train,very_short_text;foreground_heavy;probable_horizontal_ruling,7,1,он,2,120,0,0,0,0,0,89,44.5
9344,2.28125,,0.0,pupil_text,1,224.0,232b272f4d4d0706,74b014e55d62a09f7dfb36537ece3462de2ab50b,0.6472602739726028,31.0,255.0,81.02323426371235,64,0.9897486772486772,52,0.9315068493150684,/home/galetka/Documents/Programming/hi-csg-r/data/processed/school_notebooks/ocr_images/school_notebooks_train_0207276.png,word,,0.9246575342465754,,,4672.0,school_notebooks_train_0207276,train,very_short_text;foreground_heavy;probable_horizontal_ruling,7,1,на,2,120,0,0,0,0,0,146,73.0
9344,2.28125,,0.0,pupil_text,1,214.0,06177351475b1303,eba3cd2e55ece37eead641a366bf841d3de2e1b1,0.6904965753424658,41.0,255.0,78.72204707051267,64,0.9893056416615003,52,0.9452054794520548,/home/galetka/Documents/Programming/hi-csg-r/data/processed/school_notebooks/ocr_images/school_notebooks_train_0162655.png,word,,0.9383561643835616,,,4672.0,school_notebooks_train_0162655,train,very_short_text;foreground_heavy;probable_horizontal_ruling,7,1,ам,2,120,0,0,0,0,0,146,73.0
8000,1.953125,,0.0,pupil_comment,1,200.0,003f3333332f0300,1b13359af1cc5db9ac4f88470fa3acaa0debe45d,0.438125,55.0,255.0,85.55312823684108,64,0.9885877318116976,37,0.824,/home/galetka/Documents/Programming/hi-csg-r/data/processed/school_notebooks/ocr_images/school_notebooks_train_0178219.png,word,,0.808,,,4000.0,school_notebooks_train_0178219,train,very_short_text;foreground_heavy;probable_horizontal_ruling,7,1,мн,2,120,0,0,0,0,0,125,62.5
8704,2.125,,0.0,pupil_text,1,211.84999999999997,490919490b276706,a2799cf0ea735da7603884207a1ecbe37dc462aa,0.6131663602941176,43.150000000000034,255.0,82.92972570604704,64,0.9880082443320217,50,0.9264705882352942,/home/galetka/Documents/Programming/hi-csg-r/data/processed/school_notebooks/ocr_images/school_notebooks_train_0207068.png,word,,0.9117647058823529,,,4352.0,school_notebooks_train_0207068,train,very_short_text;foreground_heavy;probable_horizontal_ruling,7,1,их,2,120,0,0,0,0,0,136,68.0
6464,1.578125,,0.0,pupil_comment,1,189.0,003f1337272f0100,e0dbab3a9d8832fc2b43fa00ade851755d82c7c8,0.48205445544554454,66.0,255.0,82.85338328035418,64,0.9871630295250321,42,0.8217821782178217,/home/galetka/Documents/Programming/hi-csg-r/data/processed/school_notebooks/ocr_images/school_notebooks_train_0063947.png,word,,0.8217821782178217,,,3232.0,school_notebooks_train_0063947,train,very_short_text;foreground_heavy;probable_horizontal_ruling,7,1,ср,2,120,0,0,0,0,0,101,50.5
4928,1.203125,,0.013888888888888888,pupil_text,1,215.0,070b1b112d23334a,b1551e6fb50da00aa6e9aa6ce129580cff6406ce,0.599025974025974,40.0,255.0,84.43369720042834,64,0.9871273712737128,49,0.9090909090909091,/home/galetka/Documents/Programming/hi-csg-r/data/processed/school_notebooks/ocr_images/school_notebooks_test_0319080.png,word,,0.8311688311688312,,,2464.0,school_notebooks_test_0319080,test,very_short_text;foreground_heavy;probable_horizontal_ruling,7,1,по,2,120,0,0,1,0,1,77,38.5
4352,1.0625,,0.0,pupil_comment,1,207.0,00363e1f139b9b00,59cb8eb4373ddcb446530be3bedce904628b7dd0,0.3538602941176471,48.0,255.0,84.77213004410551,64,0.987012987012987,40,0.6764705882352942,/home/galetka/Documents/Programming/hi-csg-r/data/processed/school_notebooks/ocr_images/school_notebooks_train_0065267.png,word,,0.5882352941176471,,,2176.0,school_notebooks_train_0065267,train,very_short_text;foreground_heavy;probable_horizontal_ruling,7,1,ч.,2,120,0,0,0,0,0,68,34.0
5184,1.265625,,0.0,pupil_text,1,206.0,130f0b1337270e8d,5fda9ae6051a567abba8a0aab51e7a0130f63f13,0.4957561728395062,49.0,255.0,82.64936528862538,64,0.9867704280155642,47,0.8271604938271605,/home/galetka/Documents/Programming/hi-csg-r/data/processed/school_notebooks/ocr_images/school_notebooks_train_0019450.png,word,,0.7407407407407407,,,2592.0,school_notebooks_train_0019450,train,very_short_text;foreground_heavy;probable_horizontal_ruling,7,1,13,2,120,0,0,0,0,0,81,40.5
4864,1.1875,,0.0,pupil_comment,1,218.0,4d2f1f1707079f10,45e2eaf886136dad6138818137c66f2d165d779d,0.5236430921052632,37.0,255.0,90.35884404438998,64,0.9866509619159796,47,0.8157894736842105,/home/galetka/Documents/Programming/hi-csg-r/data/processed/school_notebooks/ocr_images/school_notebooks_train_0006770.png,word,,0.8157894736842105,,,2432.0,school_notebooks_train_0006770,train,very_short_text;foreground_heavy;probable_horizontal_ruling,7,1,||,2,120,0,0,0,0,0,76,38.0
8960,2.1875,,0.0,pupil_text,1,238.0,3c3f2929354b534f,da82f26202334ac14b967928be9e2bd4baf5a9eb,0.6303571428571428,17.0,255.0,90.10974030060187,64,0.9865439093484419,51,0.9357142857142857,/home/galetka/Documents/Programming/hi-csg-r/data/processed/school_notebooks/ocr_images/school_notebooks_train_0162826.png,word,,0.8357142857142857,,,4480.0,school_notebooks_train_0162826,train,very_short_text;foreground_heavy;probable_horizontal_ruling,7,1,не,2,120,0,0,0,0,0,140,70.0
6400,1.5625,,0.0,pupil_comment,1,209.0,0c0d1e1e1b2b2f90,cbf850e3fa13f63c60ce4eb87248b96fa240b3fa,0.43859375,46.0,255.0,85.80233162567521,64,0.9864624153900962,47,0.84,/home/galetka/Documents/Programming/hi-csg-r/data/processed/school_notebooks/ocr_images/school_notebooks_train_0006197.png,word,,0.83,,,3200.0,school_notebooks_train_0006197,train,very_short_text;foreground_heavy;probable_horizontal_ruling,7,1,п.,2,120,0,0,0,0,0,100,50.0
6976,1.703125,,0.0,pupil_text,1,215.0,203f33373f07734b,ae136ea5eb427bcaaf2e400b0c23f48f5bd02e9c,0.5308199541284404,40.0,255.0,90.34102689372845,64,0.9862273832028086,45,0.8532110091743119,/home/galetka/Documents/Programming/hi-csg-r/data/processed/school_notebooks/ocr_images/school_notebooks_train_0085263.png,word,,0.7706422018348624,,,3488.0,school_notebooks_train_0085263,train,very_short_text;foreground_heavy;probable_horizontal_ruling,7,1,то,2,120,0,0,0,0,0,109,54.5
7488,1.828125,,0.0,pupil_text,1,207.0,9c1f311b35674b43,b3a77ad103dd2b5ff5f18879ff9689a215d62824,0.6204594017094017,48.0,255.0,84.16673277382965,64,0.9862247094274645,49,0.905982905982906,/home/galetka/Documents/Programming/hi-csg-r/data/processed/school_notebooks/ocr_images/school_notebooks_train_0011682.png,word,,0.8888888888888888,,,3744.0,school_notebooks_train_0011682,train,very_short_text;foreground_heavy;probable_horizontal_ruling,7,1,на,2,120,0,0,0,0,0,117,58.5
8128,1.984375,,0.0,pupil_comment,1,226.0,003f17172b653f00,0a8e0fb875b14fa14c8e1290e289ced866c75a1c,0.4719488188976378,29.0,255.0,93.20319604862979,64,0.9861835245046924,40,0.84251968503937,/home/galetka/Documents/Programming/hi-csg-r/data/processed/school_notebooks/ocr_images/school_notebooks_train_0178652.png,word,,0.8346456692913385,,,4064.0,school_notebooks_train_0178652,train,very_short_text;foreground_heavy;probable_horizontal_ruling,7,1,мн,2,120,0,0,0,0,0,127,63.5
7744,1.890625,,0.0,pupil_text,1,198.0,0101476767254511,f9bda90cc51c9915b968cf179c4150abb5bb8ab5,0.5872933884297521,57.0,255.0,81.94900917808249,64,0.9861477572559367,45,0.8677685950413223,/home/galetka/Documents/Programming/hi-csg-r/data/processed/school_notebooks/ocr_images/school_notebooks_train_0159631.png,word,,0.859504132231405,,,3872.0,school_notebooks_train_0159631,train,very_short_text;foreground_heavy;probable_horizontal_ruling,7,1,на,2,120,0,0,0,0,0,121,60.5
6464,1.578125,,0.0,pupil_text,1,222.0,0f490b9f1b21613d,5db2e25c68653b3210d397ab194f8c167f681e45,0.5194925742574258,33.0,255.0,93.60324779448325,64,0.9860035735556879,51,0.900990099009901,/home/galetka/Documents/Programming/hi-csg-r/data/processed/school_notebooks/ocr_images/school_notebooks_train_0007094.png,word,,0.8514851485148515,,,3232.0,school_notebooks_train_0007094,train,very_short_text;foreground_heavy;probable_horizontal_ruling,7,1,на,2,120,0,0,0,0,0,101,50.5
5888,1.4375,,0.0,pupil_comment,1,210.0,001e1e2e2f233f00,701f456a75bd0beb52f4e48523f23abf4a30440f,0.41202445652173914,45.0,255.0,89.70408119469953,64,0.9855729596042869,41,0.782608695652174,/home/galetka/Documents/Programming/hi-csg-r/data/processed/school_notebooks/ocr_images/school_notebooks_train_0080544.png,word,,0.75,,,2944.0,school_notebooks_train_0080544,train,very_short_text;foreground_heavy;probable_horizontal_ruling,7,1,п.,2,120,0,0,0,0,0,92,46.0
6208,1.515625,,0.0,pupil_text,1,223.0,432b1b1725233f38,386165738d7f655fa89a6bf8233b80904da66a6d,0.6016430412371134,32.0,255.0,90.47127765310397,64,0.9855421686746988,49,0.8969072164948454,/home/galetka/Documents/Programming/hi-csg-r/data/processed/school_notebooks/ocr_images/school_notebooks_train_0207509.png,word,,0.845360824742268,,,3104.0,school_notebooks_train_0207509,train,very_short_text;foreground_heavy;probable_horizontal_ruling,7,1,не,2,120,0,0,0,0,0,97,48.5
5696,1.390625,,0.0,pupil_text,1,222.0,7e5737276f464606,8e3d071ae38ad51fdc2375a510c045e2b2c1d4ef,0.5628511235955056,33.0,255.0,91.53380432803803,64,0.9844042420461634,49,0.8764044943820225,/home/galetka/Documents/Programming/hi-csg-r/data/processed/school_notebooks/ocr_images/school_notebooks_train_0207482.png,word,,0.8426966292134831,,,2848.0,school_notebooks_train_0207482,train,very_short_text;foreground_heavy;probable_horizontal_ruling,7,1,не,2,120,0,0,0,0,0,89,44.5
5760,1.40625,,0.0,pupil_comment,1,216.0,000183232b2b2b12,96b6aa52909982264398dbd4aa1a429e3a28c8c7,0.4548611111111111,39.0,255.0,88.43387536673623,64,0.9843511450381679,43,0.8,/home/galetka/Documents/Programming/hi-csg-r/data/processed/school_notebooks/ocr_images/school_notebooks_train_0165705.png,word,,0.7444444444444445,,,2880.0,school_notebooks_train_0165705,train,very_short_text;foreground_heavy;probable_horizontal_ruling,7,1,.п,2,120,0,0,0,0,0,90,45.0
4288,1.046875,,0.0,pupil_text,1,202.0,1d1e2b6b6d4b1987,1e517b2cffdb373ce011ab5b7df2c31d1e0a35ff,0.6163712686567164,53.0,255.0,76.20547605598975,64,0.9833522512296633,54,0.8805970149253731,/home/galetka/Documents/Programming/hi-csg-r/data/processed/school_notebooks/ocr_images/school_notebooks_train_0177043.png,word,,0.8656716417910447,,,2144.0,school_notebooks_train_0177043,train,very_short_text;foreground_heavy;probable_horizontal_ruling,7,1,от,2,120,0,0,0,0,0,67,33.5
5504,1.34375,,0.0,pupil_text,1,209.0,203f3b13370b3b02,1a78c182e4df73bb23b6b93f32c9fb8e6695e597,0.49963662790697677,46.0,255.0,86.46878221089713,64,0.982909090909091,44,0.813953488372093,/home/galetka/Documents/Programming/hi-csg-r/data/processed/school_notebooks/ocr_images/school_notebooks_train_0133883.png,word,,0.7906976744186046,,,2752.0,school_notebooks_train_0133883,train,very_short_text;foreground_heavy;probable_horizontal_ruling,7,1,на,2,120,0,0,0,0,0,86,43.0
5824,1.421875,,0.0,pupil_text,1,228.0,203f33372b472103,9cfbb34e3832222538355dd3614601d802ff0cbf,0.5588942307692307,27.0,255.0,89.49498875379884,64,0.9827956989247312,46,0.8571428571428571,/home/galetka/Documents/Programming/hi-csg-r/data/processed/school_notebooks/ocr_images/school_notebooks_train_0224335.png,word,,0.8461538461538461,,,2912.0,school_notebooks_train_0224335,train,very_short_text;foreground_heavy;probable_horizontal_ruling,7,1,на,2,120,0,0,0,0,0,91,45.5
6080,1.484375,,0.0,pupil_text,1,203.0,1f2f39113d7b1f9c,b014f6c2912cdf9db2d62e1d4128ff0b64821fb4,0.6092105263157894,52.0,255.0,79.3216956809987,64,0.9827213822894169,49,0.8736842105263158,/home/galetka/Documents/Programming/hi-csg-r/data/processed/school_notebooks/ocr_images/school_notebooks_train_0176988.png,word,,0.8736842105263158,,,3040.0,school_notebooks_train_0176988,train,very_short_text;foreground_heavy;probable_horizontal_ruling,7,1,м-,2,120,0,0,0,0,0,95,47.5
8128,1.984375,,0.0,pupil_text,1,210.64999999999998,4e6f3135336b3f78,781bf072278a968638b9f4adff39f0757d3e53d4,0.6183562992125984,44.35000000000002,255.0,85.98329323536716,64,0.9820931157978512,50,0.9212598425196851,/home/galetka/Documents/Programming/hi-csg-r/data/processed/school_notebooks/ocr_images/school_notebooks_train_0162041.png,word,,0.905511811023622,,,4064.0,school_notebooks_train_0162041,train,very_short_text;foreground_heavy;probable_horizontal_ruling,7,1,3-,2,120,0,0,0,0,0,127,63.5
4096,1.0,,0.0,pupil_text,1,214.0,0c0e1e0e1f2b3f70,871aa1aadfb0610ec5f3a81c2fb50d4a17dacdb7,0.446044921875,41.0,255.0,91.19516312472489,64,0.9819376026272578,47,0.75,/home/galetka/Documents/Programming/hi-csg-r/data/processed/school_notebooks/ocr_images/school_notebooks_train_0104292.png,word,,0.71875,,,2048.0,school_notebooks_train_0104292,train,very_short_text;foreground_heavy;probable_horizontal_ruling,7,1,н.,2,120,0,0,0,0,0,64,32.0
5440,1.328125,,0.0,pupil_text,1,224.0,303f2b1b33272337,ddc2da1303002e850f09023ef653787913fdad30,0.5661764705882353,31.0,255.0,94.17518077040673,64,0.9818181818181818,48,0.8588235294117647,/home/galetka/Documents/Programming/hi-csg-r/data/processed/school_notebooks/ocr_images/school_notebooks_train_0207489.png,word,,0.8,,,2720.0,school_notebooks_train_0207489,train,very_short_text;foreground_heavy;probable_horizontal_ruling,7,1,но,2,120,0,0,0,0,0,85,42.5
6208,1.515625,,0.0,pupil_text,1,211.0,013e2f3b2b476700,c2fe6351bad88c8e852dcbd086cce3a3e45ef3f2,0.49210695876288657,44.0,255.0,87.78601960375386,64,0.9816693944353518,42,0.8144329896907216,/home/galetka/Documents/Programming/hi-csg-r/data/processed/school_notebooks/ocr_images/school_notebooks_train_0103883.png,word,,0.8144329896907216,,,3104.0,school_notebooks_train_0103883,train,very_short_text;foreground_heavy;probable_horizontal_ruling,7,1,ни,2,120,0,0,0,0,0,97,48.5
4608,1.125,,0.0,pupil_comment,1,218.0,234b831327270f08,1724a37c4461de12911c4889dcdff17fe5fa532b,0.4190538194444444,37.0,255.0,93.11485419138141,64,0.9813568099430346,44,0.7777777777777778,/home/galetka/Documents/Programming/hi-csg-r/data/processed/school_notebooks/ocr_images/school_notebooks_train_0177109.png,word,,0.7638888888888888,,,2304.0,school_notebooks_train_0177109,train,very_short_text;foreground_heavy;probable_horizontal_ruling,7,1,.п,2,120,0,0,0,0,0,72,36.0
4224,1.03125,,0.0,pupil_text,1,212.85,01015d152b2b2636,56e262077530c614b187435a5095ad9debf87b29,0.5568181818181818,42.150000000000006,255.0,81.93150140242577,64,0.9812925170068028,50,0.8484848484848485,/home/galetka/Documents/Programming/hi-csg-r/data/processed/school_notebooks/ocr_images/school_notebooks_train_0228909.png,word,,0.8333333333333334,,,2112.0,school_notebooks_train_0228909,train,very_short_text;foreground_heavy;probable_horizontal_ruling,7,1,не,2,120,0,0,0,0,0,66,33.0
6528,1.59375,,0.0,pupil_comment,1,223.0,400303232f6b2700,4ed369f25230eb4ea2cf9d5da86eaa8a3e4a3ab0,0.4586397058823529,31.0,254.0,97.33728474306956,64,0.9809619238476954,40,0.8235294117647058,/home/galetka/Documents/Programming/hi-csg-r/data/processed/school_notebooks/ocr_images/school_notebooks_train_0178226.png,word,,0.803921568627451,,,3264.0,school_notebooks_train_0178226,train,very_short_text;foreground_heavy;probable_horizontal_ruling,7,1,мн,2,120,0,0,0,0,0,102,51.0
5440,1.328125,,0.0,pupil_text,1,211.05,7f5b131357737f7c,351a641498e6c0adbba9075739143a826bcbab90,0.6334558823529411,43.94999999999999,255.0,79.940782073291,64,0.9808473592571096,51,0.9058823529411765,/home/galetka/Documents/Programming/hi-csg-r/data/processed/school_notebooks/ocr_images/school_notebooks_train_0206705.png,word,,0.8823529411764706,,,2720.0,school_notebooks_train_0206705,train,very_short_text;foreground_heavy;probable_horizontal_ruling,7,1,за,2,120,0,0,0,0,0,85,42.5
4160,1.015625,,0.0,pupil_text,1,203.0,9e9f910b0f2b2e4d,3ce9be9072986cb985ead2b16f09ddb52c880250,0.5009615384615385,52.0,255.0,88.0278012675352,64,0.980806142034549,49,0.8461538461538461,/home/galetka/Documents/Programming/hi-csg-r/data/processed/school_notebooks/ocr_images/school_notebooks_train_0229206.png,word,,0.7230769230769231,,,2080.0,school_notebooks_train_0229206,train,very_short_text;foreground_heavy;probable_horizontal_ruling,7,1,по,2,120,0,0,0,0,0,65,32.5
7424,1.8125,,0.0,pupil_text,1,230.0,9c1f212b57450121,bb192bedc991a2a408ceec1f8e0a3459866bc919,0.6338900862068966,25.0,255.0,84.35896314586003,64,0.9804504887377815,49,0.9137931034482759,/home/galetka/Documents/Programming/hi-csg-r/data/processed/school_notebooks/ocr_images/school_notebooks_train_0130833.png,word,,0.9137931034482759,,,3712.0,school_notebooks_train_0130833,train,very_short_text;foreground_heavy;probable_horizontal_ruling,7,1,не,2,120,0,0,0,0,0,116,58.0
6336,1.546875,,0.0,pupil_text,1,233.0,891d252b4f730e0d,a4a374bc406601e89c2a0783329b277748227351,0.5707070707070707,22.0,255.0,88.31382713657102,64,0.9800884955752213,50,0.898989898989899,/home/galetka/Documents/Programming/hi-csg-r/data/processed/school_notebooks/ocr_images/school_notebooks_train_0207271.png,word,,0.797979797979798,,,3168.0,school_notebooks_train_0207271,train,very_short_text;foreground_heavy;probable_horizontal_ruling,7,1,он,2,120,0,0,0,0,0,99,49.5
6144,1.5,,0.0,pupil_text,1,217.0,1f150b0737337f78,c86696f2c20ca28f6a9790b14130b3cdcc36e8e3,0.5397135416666666,37.0,254.0,89.92356383542824,64,0.979794933655006,47,0.8541666666666666,/home/galetka/Documents/Programming/hi-csg-r/data/processed/school_notebooks/ocr_images/school_notebooks_val_0269699.png,word,,0.78125,,,3072.0,school_notebooks_val_0269699,val,very_short_text;foreground_heavy;probable_horizontal_ruling,7,1,за,2,120,0,0,0,0,0,96,48.0
5376,1.3125,,0.0,pupil_text,1,211.0,0c2f6b2b23073b23,fcb9c92957a8bd9a076d72e6c1ebecbb6d6a5285,0.5571056547619048,44.0,255.0,83.06977074157014,64,0.9792988313856428,49,0.8690476190476191,/home/galetka/Documents/Programming/hi-csg-r/data/processed/school_notebooks/ocr_images/school_notebooks_train_0147714.png,word,,0.7857142857142857,,,2688.0,school_notebooks_train_0147714,train,very_short_text;foreground_heavy;probable_horizontal_ruling,7,1,их,2,120,0,0,0,0,0,84,42.0
7680,1.875,,0.0,pupil_text,1,189.0,4f9d112327334525,56954489b3c0f6034bef06cdc02d6996dbb4bf9a,0.60078125,66.0,255.0,76.76415947924887,64,0.9791937581274383,48,0.8916666666666667,/home/galetka/Documents/Programming/hi-csg-r/data/processed/school_notebooks/ocr_images/school_notebooks_train_0065694.png,word,,0.8833333333333333,,,3840.0,school_notebooks_train_0065694,train,very_short_text;foreground_heavy;probable_horizontal_ruling,7,1,он,2,120,0,0,0,0,0,120,60.0
4224,1.03125,,0.0,pupil_text,1,201.0,3b381f495355291f,638f1ab7213461def921daf23b18e6ad41ac6006,0.5965909090909091,54.0,255.0,79.15183270561667,64,0.9789682539682539,53,0.8787878787878788,/home/galetka/Documents/Programming/hi-csg-r/data/processed/school_notebooks/ocr_images/school_notebooks_train_0177845.png,word,,0.8787878787878788,,,2112.0,school_notebooks_train_0177845,train,very_short_text;foreground_heavy;probable_horizontal_ruling,7,1,уж,2,120,0,0,0,0,0,66,33.0
6400,1.5625,,0.0,pupil_text,1,230.0,3f2f2f57372b7f70,fbcd79de5b6805e23ad6c0c158c5ac1b2d0e31da,0.615625,25.0,255.0,92.0661382882519,64,0.9789340101522843,48,0.89,/home/galetka/Documents/Programming/hi-csg-r/data/processed/school_notebooks/ocr_images/school_notebooks_train_0207555.png,word,,0.84,,,3200.0,school_notebooks_train_0207555,train,very_short_text;foreground_heavy;probable_horizontal_ruling,7,1,он,2,120,0,0,0,0,0,100,50.0
5120,1.25,,0.0,pupil_comment,1,195.0,820d0e3e26232b80,4d3cdeaf73e1fb572dd16895d32d0015cbad9294,0.387890625,59.0,254.0,82.8170972096514,64,0.9788519637462235,41,0.75,/home/galetka/Documents/Programming/hi-csg-r/data/processed/school_notebooks/ocr_images/school_notebooks_train_0178216.png,word,,0.7,,,2560.0,school_notebooks_train_0178216,train,very_short_text;foreground_heavy;probable_horizontal_ruling,7,1,н.,2,120,0,0,0,0,0,80,40.0
4736,1.15625,,0.0,pupil_comment,1,205.0,109f870f0b2b0100,3ed751b185fa99e82f6ed40375bca886f7b28fb3,0.4231418918918919,50.0,255.0,84.26791479620277,64,0.9785429141716567,42,0.7837837837837838,/home/galetka/Documents/Programming/hi-csg-r/data/processed/school_notebooks/ocr_images/school_notebooks_train_0221178.png,word,,0.7702702702702703,,,2368.0,school_notebooks_train_0221178,train,very_short_text;foreground_heavy;probable_horizontal_ruling,7,1,л.,2,120,0,0,0,0,0,74,37.0
4544,1.109375,,0.0,pupil_text,1,205.85,607f2f2f2b1f0686,54124f78c3e286b5d4a10037830faf13510739fd,0.4711707746478873,48.150000000000006,254.0,83.75611530772682,64,0.978514712751051,45,0.8028169014084507,/home/galetka/Documents/Programming/hi-csg-r/data/processed/school_notebooks/ocr_images/school_notebooks_train_0019375.png,word,,0.7887323943661971,,,2272.0,school_notebooks_train_0019375,train,very_short_text;foreground_heavy;probable_horizontal_ruling,7,1,in,2,120,0,0,0,0,0,71,35.5
7616,1.859375,,0.0,pupil_text,1,203.0,29253713530d0140,f8e94198d25e608e67a9fc207324e01664aa67b2,0.561186974789916,51.0,254.0,80.63096473962213,64,0.9784744969583529,45,0.8823529411764706,/home/galetka/Documents/Programming/hi-csg-r/data/processed/school_notebooks/ocr_images/school_notebooks_train_0065841.png,word,,0.8823529411764706,,,3808.0,school_notebooks_train_0065841,train,very_short_text;foreground_heavy;probable_horizontal_ruling,7,1,их,2,120,0,0,0,0,0,119,59.5
5056,1.234375,,0.0,pupil_text,1,221.0,8307072d4b47270e,c7ed7baceb9d727e955633aa75eb53457f53bab8,0.631131329113924,34.0,255.0,80.93580672063175,64,0.9780633030397994,52,0.8734177215189873,/home/galetka/Documents/Programming/hi-csg-r/data/processed/school_notebooks/ocr_images/school_notebooks_train_0130941.png,word,,0.8734177215189873,,,2528.0,school_notebooks_train_0130941,train,very_short_text;foreground_heavy;probable_horizontal_ruling,7,1,по,2,120,0,0,0,0,0,79,39.5
6464,1.578125,,0.0,pupil_text,1,220.84999999999997,383f23696d6b2b03,9d295923dadb203863c013c43a95a8281143b59f,0.6123143564356436,34.150000000000034,255.0,87.23809615515897,64,0.9780192016169783,49,0.900990099009901,/home/galetka/Documents/Programming/hi-csg-r/data/processed/school_notebooks/ocr_images/school_notebooks_train_0166385.png,word,,0.8910891089108911,,,3232.0,school_notebooks_train_0166385,train,very_short_text;foreground_heavy;probable_horizontal_ruling,7,1,от,2,120,0,0,0,0,0,101,50.5
5440,1.328125,,0.0,pupil_text,1,211.0,01013b0b073b3346,feeba0e1651aba0340e73254445d0e88b851cead,0.5465073529411765,44.0,255.0,86.71974677000476,64,0.9778002018163471,46,0.8352941176470589,/home/galetka/Documents/Programming/hi-csg-r/data/processed/school_notebooks/ocr_images/school_notebooks_train_0103688.png,word,,0.8235294117647058,,,2720.0,school_notebooks_train_0103688,train,very_short_text;foreground_heavy;probable_horizontal_ruling,7,1,он,2,120,0,0,0,0,0,85,42.5
8960,2.1875,,0.0,pupil_text,1,210.0,e07f5f5777230d0f,b1b0e5511cc13535cfb0f08449d0b7c1d005f786,0.5910714285714286,45.0,255.0,83.66124115999621,64,0.9773413897280967,47,0.9071428571428571,/home/galetka/Documents/Programming/hi-csg-r/data/processed/school_notebooks/ocr_images/school_notebooks_train_0145745.png,word,,0.8571428571428571,,,4480.0,school_notebooks_train_0145745,train,very_short_text;foreground_heavy;probable_horizontal_ruling,7,1,от,2,120,0,0,0,0,0,140,70.0
7040,1.71875,,0.0,pupil_text,1,229.0,802f273735271300,1964fb504c46e642261b09cc74130945574c1028,0.4869318181818182,26.0,255.0,91.70870845314236,64,0.9772462077012836,43,0.8363636363636363,/home/galetka/Documents/Programming/hi-csg-r/data/processed/school_notebooks/ocr_images/school_notebooks_train_0147467.png,word,,0.7454545454545455,,,3520.0,school_notebooks_train_0147467,train,very_short_text;foreground_heavy;probable_horizontal_ruling,7,1,не,2,120,0,0,0,0,0,110,55.0
6528,1.59375,,0.0,pupil_text,1,223.64999999999998,0d03232d2b4b0e1d,4de36f1c65c13c047167fd93bbb37e3f4632665f,0.5631127450980392,31.350000000000023,255.0,86.66317878198227,64,0.9771490750816104,49,0.9019607843137255,/home/galetka/Documents/Programming/hi-csg-r/data/processed/school_notebooks/ocr_images/school_notebooks_train_0207121.png,word,,0.8431372549019608,,,3264.0,school_notebooks_train_0207121,train,very_short_text;foreground_heavy;probable_horizontal_ruling,7,1,не,2,120,0,0,0,0,0,102,51.0
5824,1.421875,,0.0,pupil_text,1,244.84999999999997,87093b3727575e38,b4c59c24e393b2577dd4fc3f0dc1fa29e02ed27b,0.5619848901098901,10.150000000000034,255.0,91.7861204996563,64,0.9770852428964253,51,0.8681318681318682,/home/galetka/Documents/Programming/hi-csg-r/data/processed/school_notebooks/ocr_images/school_notebooks_train_0043434.png,word,,0.7692307692307693,,,2912.0,school_notebooks_train_0043434,train,very_short_text;foreground_heavy;probable_horizontal_ruling,7,1,по,2,120,0,0,0,0,0,91,45.5
4864,1.1875,,0.0,pupil_text,1,208.0,2c0f3335273b0f8c,8ccc2422fc007ad24c5768325047ac5e18e46e75,0.5394736842105263,46.0,254.0,84.92621073329502,64,0.9767530487804879,47,0.8421052631578947,/home/galetka/Documents/Programming/hi-csg-r/data/processed/school_notebooks/ocr_images/school_notebooks_train_0027572.png,word,,0.8289473684210527,,,2432.0,school_notebooks_train_0027572,train,very_short_text;foreground_heavy;probable_horizontal_ruling,7,1,гл,2,120,0,0,0,0,0,76,38.0
7360,1.796875,,0.0,pupil_text,1,206.0,8b9323373d477e79,72c2819d9ace26f6d498fac00f069883b08951e7,0.543070652173913,49.0,255.0,81.04756488408869,64,0.976732549412059,48,0.8869565217391304,/home/galetka/Documents/Programming/hi-csg-r/data/processed/school_notebooks/ocr_images/school_notebooks_val_0285940.png,word,,0.8869565217391304,,,3680.0,school_notebooks_val_0285940,val,very_short_text;foreground_heavy;probable_horizontal_ruling,7,1,не,2,120,0,0,0,0,0,115,57.5
8960,2.1875,,0.0,pupil_text,1,229.0,00030727670b0704,a45e67ff1fad7326fce9af2f11cf5e1e18d741bc,0.49319196428571427,26.0,255.0,90.84691787853694,64,0.9766915591762843,41,0.8714285714285714,/home/galetka/Documents/Programming/hi-csg-r/data/processed/school_notebooks/ocr_images/school_notebooks_train_0147557.png,word,,0.8714285714285714,,,4480.0,school_notebooks_train_0147557,train,very_short_text;foreground_heavy;probable_horizontal_ruling,7,1,на,2,120,0,0,0,0,0,140,70.0
6592,1.609375,,0.0,pupil_comment,1,190.0,002b2b2f2f272300,1dc8277a861eef37866a73c147a62b5e121c8501,0.4244538834951456,65.0,255.0,79.85259426292691,64,0.9764117226590422,37,0.7669902912621359,/home/galetka/Documents/Programming/hi-csg-r/data/processed/school_notebooks/ocr_images/school_notebooks_train_0178217.png,word,,0.7669902912621359,,,3296.0,school_notebooks_train_0178217,train,very_short_text;foreground_heavy;probable_horizontal_ruling,7,1,м.,2,120,0,0,0,0,0,103,51.5
6336,1.546875,,0.0,pupil_comment,1,226.0,607f1f4f4f4f3738,02237756f1f978d3e52f7d4e8f6b4ba71a8193a5,0.5604482323232324,29.0,255.0,89.8697798941614,64,0.9763446916361588,45,0.8585858585858586,/home/galetka/Documents/Programming/hi-csg-r/data/processed/school_notebooks/ocr_images/school_notebooks_train_0222483.png,word,,0.8585858585858586,,,3168.0,school_notebooks_train_0222483,train,very_short_text;foreground_heavy;probable_horizontal_ruling,7,1,п.,2,120,0,0,0,0,0,99,49.5
5824,1.421875,,0.0,pupil_text,1,218.0,695d052911118744,c8e01dfcab43bb8ad1533597dbe367e566c804b5,0.5444711538461539,36.0,254.0,89.98993038991834,64,0.9760327972248503,46,0.8681318681318682,/home/galetka/Documents/Programming/hi-csg-r/data/processed/school_notebooks/ocr_images/school_notebooks_train_0207504.png,word,,0.8571428571428571,,,2912.0,school_notebooks_train_0207504,train,very_short_text;foreground_heavy;probable_horizontal_ruling,7,1,он,2,120,0,0,0,0,0,91,45.5
4096,1.0,,0.0,pupil_text,1,208.0,1c2d0c16364f270c,c93abe80078e0f6d13dbcd936081f902306b629e,0.49853515625,47.0,255.0,81.83315894460516,64,0.9760039177277179,53,0.734375,/home/galetka/Documents/Programming/hi-csg-r/data/processed/school_notebooks/ocr_images/school_notebooks_train_0177285.png,word,,0.734375,,,2048.0,school_notebooks_train_0177285,train,very_short_text;foreground_heavy;probable_horizontal_ruling,7,1,не,2,120,0,0,0,0,0,64,32.0
5568,1.359375,,0.0,pupil_text,1,205.0,0083371b1b030700,548c08eed6c8faebbfae97f720f00293708cc844,0.41433189655172414,50.0,255.0,88.37470299256556,64,0.9757260511486779,40,0.7701149425287356,/home/galetka/Documents/Programming/hi-csg-r/data/processed/school_notebooks/ocr_images/school_notebooks_train_0086836.png,word,,0.7586206896551724,,,2784.0,school_notebooks_train_0086836,train,very_short_text;foreground_heavy;probable_horizontal_ruling,7,1,то,2,120,0,0,0,0,0,87,43.5
5824,1.421875,,0.0,pupil_text,1,208.84999999999997,8f193b2f57464e3c,c468a73cb7efa77c1755df46837fd61d9cf066f6,0.586195054945055,46.150000000000034,255.0,81.61512603052104,64,0.9753954305799648,54,0.9340659340659341,/home/galetka/Documents/Programming/hi-csg-r/data/processed/school_notebooks/ocr_images/school_notebooks_train_0162801.png,word,,0.7692307692307693,,,2912.0,school_notebooks_train_0162801,train,very_short_text;foreground_heavy;probable_horizontal_ruling,7,1,не,2,120,0,0,0,0,0,91,45.5
6400,1.5625,,0.0,pupil_comment,1,220.0,003f2f2d290f3f00,7826403fbeaca51cae5b1f0b2e02249a76b3dfff,0.4184375,35.0,255.0,89.01389825632897,64,0.9753547423450336,37,0.79,/home/galetka/Documents/Programming/hi-csg-r/data/processed/school_notebooks/ocr_images/school_notebooks_train_0222481.png,word,,0.76,,,3200.0,school_notebooks_train_0222481,train,very_short_text;foreground_heavy;probable_horizontal_ruling,7,1,п.,2,120,0,0,0,0,0,100,50.0
4096,1.0,,0.0,pupil_text,1,201.0,3c360e2d2d2e260d,802a0d33324abc6451b6e9adc57c1acb5069b02a,0.365966796875,54.0,255.0,80.94824658633719,64,0.9753168779186124,49,0.65625,/home/galetka/Documents/Programming/hi-csg-r/data/processed/school_notebooks/ocr_images/school_notebooks_train_0240704.png,word,,0.609375,,,2048.0,school_notebooks_train_0240704,train,very_short_text;foreground_heavy;probable_horizontal_ruling,7,1,ii,2,120,0,0,0,0,0,64,32.0
4288,1.046875,,0.0,pupil_text,1,211.0,060f2917576b373c,2a6ebaa7bdec84b0a4795db30c5e12ac7276d983,0.6233675373134329,44.0,255.0,78.56490757337191,64,0.9753086419753086,51,0.8805970149253731,/home/galetka/Documents/Programming/hi-csg-r/data/processed/school_notebooks/ocr_images/school_notebooks_train_0177310.png,word,,0.8805970149253731,,,2144.0,school_notebooks_train_0177310,train,very_short_text;foreground_heavy;probable_horizontal_ruling,7,1,на,2,120,0,0,0,0,0,67,33.5
7424,1.8125,,0.0,pupil_comment,1,223.84999999999997,0143933365555f6c,23b28b724ffa7dbd00d0ba53710cfec14fcf920e,0.5177801724137931,31.150000000000034,255.0,91.11006462796452,64,0.9752861602497399,45,0.8793103448275862,/home/galetka/Documents/Programming/hi-csg-r/data/processed/school_notebooks/ocr_images/school_notebooks_train_0237478.png,word,,0.8706896551724138,,,3712.0,school_notebooks_train_0237478,train,very_short_text;foreground_heavy;probable_horizontal_ruling,7,1,пх,2,120,0,0,0,0,0,116,58.0
6080,1.484375,,0.0,pupil_text,1,226.0,0307256b65535f3c,ee88d50b5608301e5c2e4cae02d9c05bea43a71e,0.609046052631579,29.0,255.0,84.6672024821889,64,0.9748852281933568,50,0.8947368421052632,/home/galetka/Documents/Programming/hi-csg-r/data/processed/school_notebooks/ocr_images/school_notebooks_train_0236246.png,word,,0.8736842105263158,,,3040.0,school_notebooks_train_0236246,train,very_short_text;foreground_heavy;probable_horizontal_ruling,7,1,не,2,120,0,0,0,0,0,95,47.5
5056,1.234375,,0.0,pupil_text,1,210.0,8006172f2f2b3f80,f9dfd5b676fd9b6ea724fdd16ba7cb45196a4268,0.4329509493670886,44.0,254.0,84.88976210732552,64,0.9748743718592965,42,0.7721518987341772,/home/galetka/Documents/Programming/hi-csg-r/data/processed/school_notebooks/ocr_images/school_notebooks_train_0180085.png,word,,0.7468354430379747,,,2528.0,school_notebooks_train_0180085,train,very_short_text;foreground_heavy;probable_horizontal_ruling,7,1,не,2,120,0,0,0,0,0,79,39.5
4096,1.0,,0.0,pupil_text,1,197.0,230f4b5b5b4b1f0e,0107ac4724ee23c578e04cb516fffbda8797da26,0.609619140625,58.0,255.0,77.96079660302189,64,0.9747697236684021,52,0.796875,/home/galetka/Documents/Programming/hi-csg-r/data/processed/school_notebooks/ocr_images/school_notebooks_train_0227317.png,word,,0.796875,,,2048.0,school_notebooks_train_0227317,train,very_short_text;foreground_heavy;probable_horizontal_ruling,7,1,ii,2,120,0,0,0,0,0,64,32.0
4224,1.03125,,0.0,pupil_comment,1,208.0,403e1e1f1b3b3f40,93859386d6e5cf355668fac03ee419d07cbae275,0.4315814393939394,47.0,255.0,87.68192402671437,64,0.9747668678003292,43,0.7727272727272727,/home/galetka/Documents/Programming/hi-csg-r/data/processed/school_notebooks/ocr_images/school_notebooks_train_0064316.png,word,,0.7727272727272727,,,2112.0,school_notebooks_train_0064316,train,very_short_text;foreground_heavy;probable_horizontal_ruling,7,1,2.,2,120,0,0,0,0,0,66,33.0
4096,1.0,,0.0,pupil_text,1,219.0,4d5e2e07978f4f26,f51634044758dfc125540a5856ea913e3d42bb4e,0.4580078125,36.0,255.0,85.28351276061498,64,0.9744136460554371,51,0.859375,/home/galetka/Documents/Programming/hi-csg-r/data/processed/school_notebooks/ocr_images/school_notebooks_train_0224509.png,word,,0.625,,,2048.0,school_notebooks_train_0224509,train,very_short_text;foreground_heavy;probable_horizontal_ruling,7,1,из,2,120,0,0,0,0,0,64,32.0
4416,1.078125,,0.0,pupil_comment,1,222.0,01013d3b33176b70,97ebc9d6bbef04da665baa26d57316a02c897934,0.5384963768115942,33.0,255.0,90.82666013750378,64,0.9743481917577796,45,0.7971014492753623,/home/galetka/Documents/Programming/hi-csg-r/data/processed/school_notebooks/ocr_images/school_notebooks_train_0163170.png,word,,0.782608695652174,,,2208.0,school_notebooks_train_0163170,train,very_short_text;foreground_heavy;probable_horizontal_ruling,7,1,гл,2,120,0,0,0,0,0,69,34.5
4416,1.078125,,0.0,pupil_text,1,232.0,8c1f1b33230f2e31,de00e1c8edf0dc9783624483af89437840132a4f,0.49094202898550726,22.0,254.0,95.82676564694708,64,0.974169741697417,46,0.8260869565217391,/home/galetka/Documents/Programming/hi-csg-r/data/processed/school_notebooks/ocr_images/school_notebooks_train_0237169.png,word,,0.7391304347826086,,,2208.0,school_notebooks_train_0237169,train,very_short_text;foreground_heavy;probable_horizontal_ruling,7,1,го,2,120,0,0,0,0,0,69,34.5
5312,1.296875,,0.0,pupil_text,1,220.0,01012929190b9b0f,46b2002d8381e8228d5373629506267771ed2fcd,0.5154367469879518,35.0,255.0,92.89350915439113,64,0.9737034331628927,47,0.8554216867469879,/home/galetka/Documents/Programming/hi-csg-r/data/processed/school_notebooks/ocr_images/school_notebooks_train_0207481.png,word,,0.8433734939759037,,,2656.0,school_notebooks_train_0207481,train,very_short_text;foreground_heavy;probable_horizontal_ruling,7,1,ч),2,120,0,0,0,0,0,83,41.5
5056,1.234375,,0.0,teacher_comment,1,217.0,991e3737153b0302,69f0a11c726edf3a264dfa6e2ae3943975c61ebc,0.497626582278481,38.0,255.0,93.71253590934565,64,0.9733704292527822,44,0.8227848101265823,/home/galetka/Documents/Programming/hi-csg-r/data/processed/school_notebooks/ocr_images/school_notebooks_train_0063196.png,word,,0.810126582278481,,,2528.0,school_notebooks_train_0063196,train,very_short_text;foreground_heavy;probable_horizontal_ruling,7,1,5.,2,120,0,0,0,0,0,79,39.5
4096,1.0,,0.0,pupil_comment,1,227.0,003f1f172f079740,7c033d38de69ef8173deeaaeee1b78a6a84a1cdf,0.3642578125,28.0,255.0,96.42282304188001,64,0.9731903485254692,40,0.625,/home/galetka/Documents/Programming/hi-csg-r/data/processed/school_notebooks/ocr_images/school_notebooks_train_0007083.png,word,,0.625,,,2048.0,school_notebooks_train_0007083,train,very_short_text;foreground_heavy;probable_horizontal_ruling,7,1,ч.,2,120,0,0,0,0,0,64,32.0
7616,1.859375,,0.0,pupil_text,1,237.0,003f2b1335473340,03883ccea808099835cbfb77a32d29b304cf81c0,0.5350577731092437,18.0,255.0,94.96024671101152,64,0.9730061349693252,42,0.865546218487395,/home/galetka/Documents/Programming/hi-csg-r/data/processed/school_notebooks/ocr_images/school_notebooks_train_0224024.png,word,,0.865546218487395,,,3808.0,school_notebooks_train_0224024,train,very_short_text;foreground_heavy;probable_horizontal_ruling,7,1,не,2,120,0,0,0,0,0,119,59.5
7040,1.71875,,0.0,pupil_comment,1,224.0,003f2f0f2b2f7f00,f6ccae7e8547bd2cfff57ed185787f83cb9b47e9,0.4309659090909091,31.0,255.0,92.84857425385083,64,0.972972972972973,40,0.8090909090909091,/home/galetka/Documents/Programming/hi-csg-r/data/processed/school_notebooks/ocr_images/school_notebooks_train_0212935.png,word,,0.8,,,3520.0,school_notebooks_train_0212935,train,very_short_text;foreground_heavy;probable_horizontal_ruling,7,1,н.,2,120,0,0,0,0,0,110,55.0
4096,1.0,,0.0,pupil_text,1,203.0,3b2b4b5b2b2b0306,86e707e794712c14df972d238afc3960cefdb66f,0.590576171875,52.0,255.0,77.93187447368919,64,0.9718892104175278,51,0.8125,/home/galetka/Documents/Programming/hi-csg-r/data/processed/school_notebooks/ocr_images/school_notebooks_train_0177575.png,word,,0.8125,,,2048.0,school_notebooks_train_0177575,train,very_short_text;foreground_heavy;probable_horizontal_ruling,7,1,ы;,2,120,0,0,0,0,0,64,32.0
6336,1.546875,,0.0,pupil_text,1,230.0,0303676725330302,4ae69c752962f2994f5996a4f13f24278d63c574,0.5306186868686869,25.0,255.0,90.14289520581879,64,0.971743010113028,44,0.8383838383838383,/home/galetka/Documents/Programming/hi-csg-r/data/processed/school_notebooks/ocr_images/school_notebooks_train_0147470.png,word,,0.8282828282828283,,,3168.0,school_notebooks_train_0147470,train,very_short_text;foreground_heavy;probable_horizontal_ruling,7,1,их,2,120,0,0,0,0,0,99,49.5
6080,1.484375,,0.0,pupil_text,1,196.0,010311333d5b2f1c,715c3fdbd62a2e4f2727b2e70faf0efa54c4c319,0.603125,59.0,255.0,77.3903559129857,64,0.9713662394327789,48,0.8736842105263158,/home/galetka/Documents/Programming/hi-csg-r/data/processed/school_notebooks/ocr_images/school_notebooks_train_0177081.png,word,,0.8736842105263158,,,3040.0,school_notebooks_train_0177081,train,very_short_text;foreground_heavy;probable_horizontal_ruling,7,1,н-,2,120,0,0,0,0,0,95,47.5
4096,1.0,,0.0,pupil_text,1,196.0,1c2f2367132b0307,cfe70053b4a586f0b607eb89f36d41b294835600,0.5419921875,59.0,255.0,79.21407182976611,64,0.9711711711711711,50,0.78125,/home/galetka/Documents/Programming/hi-csg-r/data/processed/school_notebooks/ocr_images/school_notebooks_train_0177276.png,word,,0.75,,,2048.0,school_notebooks_train_0177276,train,very_short_text;foreground_heavy;probable_horizontal_ruling,7,1,ся,2,120,0,0,0,0,0,64,32.0
4224,1.03125,,0.0,pupil_text,1,193.0,4e4f8b9b13273646,0e15aa0bb3ebb2fa57d5b43e35e656655e9e4d66,0.48271780303030304,62.0,255.0,82.26506338494902,64,0.9705738106915155,51,0.8787878787878788,/home/galetka/Documents/Programming/hi-csg-r/data/processed/school_notebooks/ocr_images/school_notebooks_train_0228740.png,word,,0.6212121212121212,,,2112.0,school_notebooks_train_0228740,train,very_short_text;foreground_heavy;probable_horizontal_ruling,7,1,не,2,120,0,0,0,0,0,66,33.0
4096,1.0,,0.020864381520119227,pupil_text,1,231.0,0101352d29252501,04a4c19a1c3449269ca05cb1eefa3f343370d37f,0.6552734375,24.0,255.0,86.37389060569443,64,0.9705663189269746,50,0.90625,/home/galetka/Documents/Programming/hi-csg-r/data/processed/school_notebooks/ocr_images/school_notebooks_train_0236405.png,word,,0.90625,,,2048.0,school_notebooks_train_0236405,train,very_short_text;foreground_heavy;probable_horizontal_ruling,7,1,ил,2,120,0,0,0,0,0,64,32.0
9408,2.296875,,0.0,pupil_text,1,223.0,43831b2b154b572c,7aa1ba021b5df8f6badc989d2104b518b21f401c,0.5904549319727891,32.0,255.0,87.55466362581372,64,0.9701170117011702,50,0.9455782312925171,/home/galetka/Documents/Programming/hi-csg-r/data/processed/school_notebooks/ocr_images/school_notebooks_train_0162786.png,word,,0.9047619047619048,,,4704.0,school_notebooks_train_0162786,train,very_short_text;foreground_heavy;probable_horizontal_ruling,7,1,не,2,120,0,0,0,0,0,147,73.5
5888,1.4375,,0.0,pupil_text,1,204.0,090e33233b076762,f07a14cd5e4634e40cf125ba7e76cffd8cfafab9,0.4943953804347826,51.0,255.0,83.4107268309415,64,0.970113363105462,43,0.8369565217391305,/home/galetka/Documents/Programming/hi-csg-r/data/processed/school_notebooks/ocr_images/school_notebooks_train_0027663.png,word,,0.8043478260869565,,,2944.0,school_notebooks_train_0027663,train,very_short_text;foreground_heavy;probable_horizontal_ruling,7,1,на,2,120,0,0,0,0,0,92,46.0
5376,1.3125,,0.0,pupil_comment,1,167.25,823d3e36339b9f40,1e771ecfdc1802cdc307910f947754faf4f89309,0.3625372023809524,86.75,254.0,76.25343000719815,64,0.9697280656747049,41,0.7738095238095238,/home/galetka/Documents/Programming/hi-csg-r/data/processed/school_notebooks/ocr_images/school_notebooks_train_0178439.png,word,,0.5833333333333334,,,2688.0,school_notebooks_train_0178439,train,very_short_text;foreground_heavy;probable_horizontal_ruling,7,1,ч.,2,120,0,0,0,0,0,84,42.0
4096,1.0,,0.0,pupil_text,1,216.0,603f0b6b6b2b0787,30ca0838002319a29da5ebee3f101a5fb34a8267,0.499267578125,38.0,254.0,87.71314537937052,64,0.9696821515892421,45,0.8125,/home/galetka/Documents/Programming/hi-csg-r/data/processed/school_notebooks/ocr_images/school_notebooks_train_0019442.png,word,,0.78125,,,2048.0,school_notebooks_train_0019442,train,very_short_text;foreground_heavy;probable_horizontal_ruling,7,1,my,2,120,0,0,0,0,0,64,32.0
4096,1.0,,0.0,pupil_text,1,230.0,9c1e1b1b4b53370e,93e1a9be58415c9c508375de991584a1fa0c3615,0.537109375,25.0,255.0,85.45620614288327,64,0.9695454545454546,50,0.765625,/home/galetka/Documents/Programming/hi-csg-r/data/processed/school_notebooks/ocr_images/school_notebooks_train_0131638.png,word,,0.75,,,2048.0,school_notebooks_train_0131638,train,very_short_text;foreground_heavy;probable_horizontal_ruling,7,1,3.,2,120,0,0,0,0,0,64,32.0
5440,1.328125,,0.0,pupil_text,1,218.0,81013135735f3c21,2d35f442709a6d4e55a6636612f336166eb2cee7,0.5411764705882353,36.0,254.0,87.29561229978849,64,0.9690896739130435,46,0.8823529411764706,/home/galetka/Documents/Programming/hi-csg-r/data/processed/school_notebooks/ocr_images/school_notebooks_train_0206995.png,word,,0.8470588235294118,,,2720.0,school_notebooks_train_0206995,train,very_short_text;foreground_heavy;probable_horizontal_ruling,7,1,но,2,120,0,0,0,0,0,85,42.5
5760,1.40625,,0.0,pupil_comment,1,215.05,607f1919796f7e40,bcb8fef5747d3f01608f9f36ebd3edb44e598cf1,0.5142361111111111,38.94999999999999,254.0,82.40851703819814,64,0.9689399054692776,42,0.8444444444444444,/home/galetka/Documents/Programming/hi-csg-r/data/processed/school_notebooks/ocr_images/school_notebooks_train_0222704.png,word,,0.8444444444444444,,,2880.0,school_notebooks_train_0222704,train,very_short_text;foreground_heavy;probable_horizontal_ruling,7,1,п.,2,120,0,0,0,0,0,90,45.0
4096,1.0,,0.0,pupil_text,1,192.0,8c0637172e2e0687,b291e36787138c758a55c7e9a6b261f5a0b74a53,0.473388671875,63.0,255.0,79.26004909219252,64,0.9685404847859721,50,0.6875,/home/galetka/Documents/Programming/hi-csg-r/data/processed/school_notebooks/ocr_images/school_notebooks_train_0177048.png,word,,0.6875,,,2048.0,school_notebooks_train_0177048,train,very_short_text;foreground_heavy;probable_horizontal_ruling,7,1,ii,2,120,0,0,0,0,0,64,32.0
6336,1.546875,,0.0,pupil_text,1,200.0,09013517477b0706,ee38d9404bdeee85d718a6f07312fa3980b2c5aa,0.5707070707070707,54.0,254.0,81.21535530983421,64,0.9684734513274337,45,0.8787878787878788,/home/galetka/Documents/Programming/hi-csg-r/data/processed/school_notebooks/ocr_images/school_notebooks_train_0085267.png,word,,0.8383838383838383,,,3168.0,school_notebooks_train_0085267,train,very_short_text;foreground_heavy;probable_horizontal_ruling,7,1,не,2,120,0,0,0,0,0,99,49.5
5632,1.375,,0.0,pupil_text,1,195.0,01037b7373318343,1a5f4eecf503d16cd3342404a601081c59c9a9d6,0.5799005681818182,60.0,255.0,82.01729763081248,64,0.9684629516227802,48,0.8863636363636364,/home/galetka/Documents/Programming/hi-csg-r/data/processed/school_notebooks/ocr_images/school_notebooks_train_0176981.png,word,,0.8863636363636364,,,2816.0,school_notebooks_train_0176981,train,very_short_text;foreground_heavy;probable_horizontal_ruling,7,1,-1,2,120,0,0,0,0,0,88,44.0
4352,1.0625,,0.0,pupil_text,1,202.0,674b092b4b1f1eb9,de17457b7499d062e940c3a9c1e80ee7e5887c5e,0.4625459558823529,52.0,254.0,84.40840231236027,64,0.9682066567312468,47,0.8235294117647058,/home/galetka/Documents/Programming/hi-csg-r/data/processed/school_notebooks/ocr_images/school_notebooks_train_0027516.png,word,,0.75,,,2176.0,school_notebooks_train_0027516,train,very_short_text;foreground_heavy;probable_horizontal_ruling,7,1,2),2,120,0,0,0,0,0,68,34.0
6016,1.46875,,0.0,pupil_comment,1,226.0,c23c2e2e0b373f10,bcec058ff36e2f58c9812bb8a9e0917af7c20372,0.43700132978723405,29.0,255.0,94.52442898696366,64,0.9680486877139597,42,0.8297872340425532,/home/galetka/Documents/Programming/hi-csg-r/data/processed/school_notebooks/ocr_images/school_notebooks_train_0191215.png,word,,0.7446808510638298,,,3008.0,school_notebooks_train_0191215,train,very_short_text;foreground_heavy;probable_horizontal_ruling,7,1,и.,2,120,0,0,0,0,0,94,47.0
6976,1.703125,,0.0,pupil_text,1,211.0,03233327476f1f18,ebe8fc407c8a94460623de85510962bcbb1757e9,0.5384174311926605,44.0,255.0,85.25083969931366,64,0.9677848775292864,44,0.8532110091743119,/home/galetka/Documents/Programming/hi-csg-r/data/processed/school_notebooks/ocr_images/school_notebooks_train_0034645.png,word,,0.8532110091743119,,,3488.0,school_notebooks_train_0034645,train,very_short_text;foreground_heavy;probable_horizontal_ruling,7,1,от,2,120,0,0,0,0,0,109,54.5
4928,1.203125,,0.0,pupil_comment,1,199.0,01879b17076f4606,26e77ae9a7e20e3244e8620a36485fdb32eefc60,0.4413555194805195,56.0,255.0,85.1973098294882,64,0.9673563218390805,48,0.8181818181818182,/home/galetka/Documents/Programming/hi-csg-r/data/processed/school_notebooks/ocr_images/school_notebooks_train_0051008.png,word,,0.6883116883116883,,,2464.0,school_notebooks_train_0051008,train,very_short_text;foreground_heavy;probable_horizontal_ruling,7,1,п.,2,120,0,0,0,0,0,77,38.5
5632,1.375,,0.0,pupil_text,1,228.0,1c9d93130f373e40,ea23f52c549e6ba3a40523fe791dd76a61296d16,0.44282670454545453,27.0,255.0,93.30334507937356,64,0.967121090617482,44,0.8181818181818182,/home/galetka/Documents/Programming/hi-csg-r/data/processed/school_notebooks/ocr_images/school_notebooks_train_0011839.png,word,,0.6477272727272727,,,2816.0,school_notebooks_train_0011839,train,very_short_text;foreground_heavy;probable_horizontal_ruling,7,1,он,2,120,0,0,0,0,0,88,44.0
4096,1.0,,0.0,pupil_text,1,239.0,3c5e564f13034f06,9c8286a15cb592b6280a4ef01ba1583e3984fa07,0.488525390625,16.0,255.0,90.70099526204157,64,0.967016491754123,51,0.796875,/home/galetka/Documents/Programming/hi-csg-r/data/processed/school_notebooks/ocr_images/school_notebooks_train_0166455.png,word,,0.75,,,2048.0,school_notebooks_train_0166455,train,very_short_text;foreground_heavy;probable_horizontal_ruling,7,1,из,2,120,0,0,0,0,0,64,32.0
4864,1.1875,,0.0,pupil_comment,1,212.0,303f031317272670,110a25077ea197534c009fb9271527d0cb9cce44,0.4858141447368421,43.0,255.0,88.57562773940641,64,0.9669911129919594,44,0.8157894736842105,/home/galetka/Documents/Programming/hi-csg-r/data/processed/school_notebooks/ocr_images/school_notebooks_train_0070194.png,word,,0.7763157894736842,,,2432.0,school_notebooks_train_0070194,train,very_short_text;foreground_heavy;probable_horizontal_ruling,7,1,п.,2,120,0,0,0,0,0,76,38.0
4096,1.0,,0.0,pupil_comment,1,216.25,40039b9b1b333b80,5fe94a06c7d125692c769cc6c66d9af448905b74,0.365478515625,37.75,254.0,85.90171322962605,64,0.9665998663994656,39,0.6875,/home/galetka/Documents/Programming/hi-csg-r/data/processed/school_notebooks/ocr_images/school_notebooks_train_0064329.png,word,,0.640625,,,2048.0,school_notebooks_train_0064329,train,very_short_text;foreground_heavy;probable_horizontal_ruling,7,1,п.,2,120,0,0,0,0,0,64,32.0
9472,2.3125,,0.0,pupil_text,1,237.0,003f257369697f00,03a35f7012a4bf9dea18745e4640482ded6da9ab,0.542018581081081,18.0,255.0,93.58306992151044,64,0.9663030775223996,42,0.8783783783783784,/home/galetka/Documents/Programming/hi-csg-r/data/processed/school_notebooks/ocr_images/school_notebooks_train_0224025.png,word,,0.8648648648648649,,,4736.0,school_notebooks_train_0224025,train,very_short_text;foreground_heavy;probable_horizontal_ruling,7,1,от,2,120,0,0,0,0,0,148,74.0
4096,1.0,,0.0,pupil_text,1,184.25,189f970b1b0e2d79,fc5edadee3b8ad5badbd3b2d81cfacb342be0065,0.44189453125,70.75,255.0,84.57395857988156,64,0.9662983425414364,47,0.828125,/home/galetka/Documents/Programming/hi-csg-r/data/processed/school_notebooks/ocr_images/school_notebooks_train_0228720.png,word,,0.671875,,,2048.0,school_notebooks_train_0228720,train,very_short_text;foreground_heavy;probable_horizontal_ruling,7,1,с-,2,120,0,0,0,0,0,64,32.0
5632,1.375,,0.0,pupil_comment,1,204.0,0103272f0d173f40,2b5d8be02ebd04dc97e15c9d8adc9bf883e7e645,0.5110085227272727,51.0,255.0,84.92840621118931,64,0.9662960389159139,43,0.8295454545454546,/home/galetka/Documents/Programming/hi-csg-r/data/processed/school_notebooks/ocr_images/school_notebooks_train_0222489.png,word,,0.8295454545454546,,,2816.0,school_notebooks_train_0222489,train,very_short_text;foreground_heavy;probable_horizontal_ruling,7,1,п.,2,120,0,0,0,0,0,88,44.0
4416,1.078125,,0.0,pupil_text,1,224.0,417c3f33272b135b,609ca0e11c6d133b7bb7f79354435a101bae398d,0.5289855072463768,31.0,255.0,95.3671247501779,64,0.966181506849315,44,0.8260869565217391,/home/galetka/Documents/Programming/hi-csg-r/data/processed/school_notebooks/ocr_images/school_notebooks_train_0207525.png,word,,0.8115942028985508,,,2208.0,school_notebooks_train_0207525,train,very_short_text;foreground_heavy;probable_horizontal_ruling,7,1,со,2,120,0,0,0,0,0,69,34.5
6208,1.515625,,0.0,pupil_text,1,205.0,211e132b3b274b33,d9e1d0ee32afe4d9015d37f6ca22e89c13c04e3d,0.49017396907216493,50.0,255.0,86.01627312325607,64,0.9661518238580349,43,0.8556701030927835,/home/galetka/Documents/Programming/hi-csg-r/data/processed/school_notebooks/ocr_images/school_notebooks_train_0048337.png,word,,0.7731958762886598,,,3104.0,school_notebooks_train_0048337,train,very_short_text;foreground_heavy;probable_horizontal_ruling,7,1,но,2,120,0,0,0,0,0,97,48.5
4096,1.0,,0.0,pupil_text,1,198.0,1e1e260f1b17173f,40212d1838d9fa9c9512733b30b87dd17f8720e5,0.510009765625,57.0,255.0,81.73785510244909,64,0.9650550502632839,49,0.828125,/home/galetka/Documents/Programming/hi-csg-r/data/processed/school_notebooks/ocr_images/school_notebooks_train_0086614.png,word,,0.765625,,,2048.0,school_notebooks_train_0086614,train,very_short_text;foreground_heavy;probable_horizontal_ruling,7,1,но,2,120,0,0,0,0,0,64,32.0
4096,1.0,,0.0,pupil_text,1,199.0,8323272f27230f08,e46484601f1b6b4caa0499bc737e93f05420cb0a,0.48046875,56.0,255.0,79.81623789757823,64,0.9649390243902439,45,0.734375,/home/galetka/Documents/Programming/hi-csg-r/data/processed/school_notebooks/ocr_images/school_notebooks_train_0019367.png,word,,0.71875,,,2048.0,school_notebooks_train_0019367,train,very_short_text;foreground_heavy;probable_horizontal_ruling,7,1,is,2,120,0,0,0,0,0,64,32.0
4864,1.1875,,0.0,pupil_comment,1,190.0,0183872f2b373f40,01250ae7d25cd144478da9c58a086c0c13a003ac,0.4551809210526316,65.0,255.0,82.02550155436232,64,0.964769647696477,44,0.7894736842105263,/home/galetka/Documents/Programming/hi-csg-r/data/processed/school_notebooks/ocr_images/school_notebooks_train_0221197.png,word,,0.7631578947368421,,,2432.0,school_notebooks_train_0221197,train,very_short_text;foreground_heavy;probable_horizontal_ruling,7,1,л.,2,120,0,0,0,0,0,76,38.0
4096,1.0,,0.0,pupil_text,1,179.0,193e57133b3b3f1e,471dbead3dc45b8f175b8440b17f1b4ce2fb793e,0.567626953125,76.0,255.0,76.10186620897807,64,0.9647311827956989,50,0.8125,/home/galetka/Documents/Programming/hi-csg-r/data/processed/school_notebooks/ocr_images/school_notebooks_train_0177014.png,word,,0.8125,,,2048.0,school_notebooks_train_0177014,train,very_short_text;foreground_heavy;probable_horizontal_ruling,7,1,ё-,2,120,0,0,0,0,0,64,32.0
4352,1.0625,,0.0,pupil_text,1,218.0,1b1c2f2b0b2b373c,5f5740ac89361de6b85d268de02b5394af036246,0.5471047794117647,37.0,255.0,92.13395815065603,64,0.9647207055858883,47,0.8529411764705882,/home/galetka/Documents/Programming/hi-csg-r/data/processed/school_notebooks/ocr_images/school_notebooks_train_0086816.png,word,,0.8382352941176471,,,2176.0,school_notebooks_train_0086816,train,very_short_text;foreground_heavy;probable_horizontal_ruling,7,1,но,2,120,0,0,0,0,0,68,34.0
5632,1.375,,0.0,pupil_text,1,190.0,86163317151b8342,c620c2dc118b6ab859de0cb874985987a2f42bf6,0.4806463068181818,64.0,254.0,77.73228839284877,64,0.9645363871444403,46,0.8636363636363636,/home/galetka/Documents/Programming/hi-csg-r/data/processed/school_notebooks/ocr_images/school_notebooks_train_0027533.png,word,,0.7954545454545454,,,2816.0,school_notebooks_train_0027533,train,very_short_text;foreground_heavy;probable_horizontal_ruling,7,1,гл,2,120,0,0,0,0,0,88,44.0
7616,1.859375,,0.0,pupil_comment,1,223.0,002e2b3b3b5f1e01,39586a21074f7a9de0e2f39d18283d0f07069f1b,0.43566176470588236,32.0,255.0,86.33152007842861,64,0.9644364074743822,40,0.8319327731092437,/home/galetka/Documents/Programming/hi-csg-r/data/processed/school_notebooks/ocr_images/school_notebooks_train_0222492.png,word,,0.773109243697479,,,3808.0,school_notebooks_train_0222492,train,very_short_text;foreground_heavy;probable_horizontal_ruling,7,1,п.,2,120,0,0,0,0,0,119,59.5
4160,1.015625,,0.0,pupil_comment,1,212.0,00939b3b33039f40,718b2ee8424b5b1b81abf7e578cfc920db24dc77,0.3872596153846154,43.0,255.0,90.32620062921443,64,0.9639975170701428,40,0.7230769230769231,/home/galetka/Documents/Programming/hi-csg-r/data/processed/school_notebooks/ocr_images/school_notebooks_train_0064318.png,word,,0.6923076923076923,,,2080.0,school_notebooks_train_0064318,train,very_short_text;foreground_heavy;probable_horizontal_ruling,7,1,и.,2,120,0,0,0,0,0,65,32.5
5952,1.453125,,0.0,pupil_text,1,217.0,203e271b1b173f30,d1f16946eb7abb8671a0c0976da47110735c03a2,0.46975806451612906,37.0,254.0,88.46375563597573,64,0.9638769670958512,42,0.8494623655913979,/home/galetka/Documents/Programming/hi-csg-r/data/processed/school_notebooks/ocr_images/school_notebooks_train_0086608.png,word,,0.7634408602150538,,,2976.0,school_notebooks_train_0086608,train,very_short_text;foreground_heavy;probable_horizontal_ruling,7,1,же,2,120,0,0,0,0,0,93,46.5
4096,1.0,,0.0,pupil_text,1,211.0,4c0f931b173f0706,1d5958e7d7ff2c6f25ef2c66855611a374b3bc2c,0.46337890625,44.0,255.0,94.88099033809426,64,0.9636459430979979,48,0.796875,/home/galetka/Documents/Programming/hi-csg-r/data/processed/school_notebooks/ocr_images/school_notebooks_train_0229209.png,word,,0.671875,,,2048.0,school_notebooks_train_0229209,train,very_short_text;foreground_heavy;probable_horizontal_ruling,7,1,по,2,120,0,0,0,0,0,64,32.0
5056,1.234375,,0.0,pupil_text,1,217.0,82793e072f139340,70c45dbaef7286f4f564288d0a0ee90c27fed800,0.3947784810126582,38.0,255.0,91.75155716696607,64,0.9634268537074149,40,0.7721518987341772,/home/galetka/Documents/Programming/hi-csg-r/data/processed/school_notebooks/ocr_images/school_notebooks_train_0169666.png,word,,0.6962025316455697,,,2528.0,school_notebooks_train_0169666,train,very_short_text;foreground_heavy;probable_horizontal_ruling,7,1,он,2,120,0,0,0,0,0,79,39.5
5888,1.4375,,0.0,teacher_comment,1,186.0,787f251b2b2b0702,fb868d29fa0fdf047567fd2b587399b6f570ba9f,0.522078804347826,69.0,255.0,79.29924343902026,64,0.9632400780741704,47,0.8695652173913043,/home/galetka/Documents/Programming/hi-csg-r/data/processed/school_notebooks/ocr_images/school_notebooks_train_0228888.png,word,,0.8695652173913043,,,2944.0,school_notebooks_train_0228888,train,very_short_text;foreground_heavy;probable_horizontal_ruling,7,1,.-,2,120,0,0,0,0,0,92,46.0
4096,1.0,,0.002529510961214165,teacher_comment,1,194.0,0d0e2b4b4b7b731e,93867a39b7c57d85306f717dfebdc5e95fbd028e,0.5791015625,61.0,255.0,78.90604056906525,64,0.9629005059021922,52,0.8125,/home/galetka/Documents/Programming/hi-csg-r/data/processed/school_notebooks/ocr_images/school_notebooks_train_0131792.png,word,,0.796875,,,2048.0,school_notebooks_train_0131792,train,very_short_text;foreground_heavy;probable_horizontal_ruling,7,1,3.,2,120,0,0,0,0,0,64,32.0
5952,1.453125,,0.0,pupil_text,1,233.0,3b183f3335535f1c,7b970803cb7eb92ae8f32af5aa47ccc320265e7e,0.5848454301075269,22.0,255.0,86.20865252147685,64,0.9626544096523988,53,0.9247311827956989,/home/galetka/Documents/Programming/hi-csg-r/data/processed/school_notebooks/ocr_images/school_notebooks_train_0166611.png,word,,0.9032258064516129,,,2976.0,school_notebooks_train_0166611,train,very_short_text;foreground_heavy;probable_horizontal_ruling,7,1,"п""",2,120,0,0,0,0,0,93,46.5
5888,1.4375,,0.0,pupil_text,1,189.0,4006173737176d20,70b34fa297e2b5fd3e561163e39042396d79e191,0.4945652173913043,66.0,255.0,82.21983873077986,64,0.9625686813186813,40,0.8260869565217391,/home/galetka/Documents/Programming/hi-csg-r/data/processed/school_notebooks/ocr_images/school_notebooks_train_0086768.png,word,,0.8260869565217391,,,2944.0,school_notebooks_train_0086768,train,very_short_text;foreground_heavy;probable_horizontal_ruling,7,1,же,2,120,0,0,0,0,0,92,46.0
4864,1.1875,,0.0,teacher_comment,1,193.0,41830d2d1d777f78,4f1a96c5dbe950c53a15482d7da2c25457fc79e4,0.5608552631578947,62.0,255.0,82.0049769355949,64,0.9618768328445748,49,0.8947368421052632,/home/galetka/Documents/Programming/hi-csg-r/data/processed/school_notebooks/ocr_images/school_notebooks_train_0206704.png,word,,0.881578947368421,,,2432.0,school_notebooks_train_0206704,train,very_short_text;foreground_heavy;probable_horizontal_ruling,7,1,4-,2,120,0,0,0,0,0,76,38.0
4288,1.046875,,0.0,pupil_text,1,220.0,131b3b333b030332,83054d05800590aa0d31595fbd8985c7b99de06f,0.486240671641791,35.0,255.0,88.30404589542756,64,0.9597122302158273,44,0.8208955223880597,/home/galetka/Documents/Programming/hi-csg-r/data/processed/school_notebooks/ocr_images/school_notebooks_train_0019372.png,word,,0.8208955223880597,,,2144.0,school_notebooks_train_0019372,train,very_short_text;foreground_heavy;probable_horizontal_ruling,7,1,my,2,120,0,0,0,0,0,67,33.5
4096,1.0,,0.0,pupil_comment,1,207.0,00061e2e2e371f00,c39978dba5d7089b23846d10ef69c344257f8db5,0.350341796875,48.0,255.0,84.88266227944112,64,0.9595818815331011,39,0.640625,/home/galetka/Documents/Programming/hi-csg-r/data/processed/school_notebooks/ocr_images/school_notebooks_train_0221698.png,word,,0.578125,,,2048.0,school_notebooks_train_0221698,train,very_short_text;foreground_heavy;probable_horizontal_ruling,7,1,с.,2,120,0,0,0,0,0,64,32.0
5120,1.25,,0.0,pupil_text,1,218.0,3e0f0d491933078e,540d02685d783b27b2742151fa6a2e02de98a44d,0.616015625,37.0,255.0,80.35497198952595,64,0.9594166138237159,49,0.9,/home/galetka/Documents/Programming/hi-csg-r/data/processed/school_notebooks/ocr_images/school_notebooks_train_0162040.png,word,,0.8875,,,2560.0,school_notebooks_train_0162040,train,very_short_text;foreground_heavy;probable_horizontal_ruling,7,1,"3,",2,120,0,0,0,0,0,80,40.0
4928,1.203125,,0.0,pupil_text,1,207.0,3b381f535315270f,98c7e22f5ab2d55fa65fa046da478b6f286a6671,0.596387987012987,47.0,254.0,79.76569561139016,64,0.9591697856413747,50,0.8961038961038961,/home/galetka/Documents/Programming/hi-csg-r/data/processed/school_notebooks/ocr_images/school_notebooks_train_0177829.png,word,,0.8961038961038961,,,2464.0,school_notebooks_train_0177829,train,very_short_text;foreground_heavy;probable_horizontal_ruling,7,1,уж,2,120,0,0,0,0,0,77,38.5
5504,1.34375,,0.0,pupil_text,1,204.0,53494919290b0323,1f1552256feb3476cf06a5d32fc285e9865205dd,0.5428779069767442,51.0,255.0,86.19003321722889,64,0.9585006693440429,44,0.8604651162790697,/home/galetka/Documents/Programming/hi-csg-r/data/processed/school_notebooks/ocr_images/school_notebooks_train_0207560.png,word,,0.8488372093023255,,,2752.0,school_notebooks_train_0207560,train,very_short_text;foreground_heavy;probable_horizontal_ruling,7,1,ч),2,120,0,0,0,0,0,86,43.0
4224,1.03125,,0.0,pupil_comment,1,211.85,058b07071e1e3c42,31e3b19642c4105762922b58a6e03d75ca9ed861,0.3757102272727273,43.150000000000006,255.0,87.85398899356107,64,0.9584120982986768,43,0.7575757575757576,/home/galetka/Documents/Programming/hi-csg-r/data/processed/school_notebooks/ocr_images/school_notebooks_train_0064328.png,word,,0.5757575757575758,,,2112.0,school_notebooks_train_0064328,train,very_short_text;foreground_heavy;probable_horizontal_ruling,7,1,д.,2,120,0,0,0,0,0,66,33.0
6272,1.53125,,0.0,pupil_text,1,225.0,109f93171d2f7f40,b78a2c0136d329dae5e6afa394f0afa6ed99cc7d,0.44276147959183676,30.0,255.0,95.6810246759391,64,0.9582283039250991,42,0.8367346938775511,/home/galetka/Documents/Programming/hi-csg-r/data/processed/school_notebooks/ocr_images/school_notebooks_train_0011832.png,word,,0.7448979591836735,,,3136.0,school_notebooks_train_0011832,train,very_short_text;foreground_heavy;probable_horizontal_ruling,7,1,не,2,120,0,0,0,0,0,98,49.0
4096,1.0,,0.0,pupil_text,1,213.0,030737170f170f0c,f9104327895e49fdeb20695fe46fe77424b1b83e,0.478759765625,42.0,255.0,90.3351592033923,64,0.9576746557878634,44,0.71875,/home/galetka/Documents/Programming/hi-csg-r/data/processed/school_notebooks/ocr_images/school_notebooks_train_0027530.png,word,,0.71875,,,2048.0,school_notebooks_train_0027530,train,very_short_text;foreground_heavy;probable_horizontal_ruling,7,1,гл,2,120,0,0,0,0,0,64,32.0
6720,1.640625,,0.0,pupil_text,1,203.0,4c8f9b19193b3f3c,4683df1fca83400a1e106b7b2aea9b6724ff164a,0.49508928571428573,51.0,254.0,83.6544435948248,64,0.957619477006312,44,0.8857142857142857,/home/galetka/Documents/Programming/hi-csg-r/data/processed/school_notebooks/ocr_images/school_notebooks_train_0027532.png,word,,0.8095238095238095,,,3360.0,school_notebooks_train_0027532,train,very_short_text;foreground_heavy;probable_horizontal_ruling,7,1,я-,2,120,0,0,0,0,0,105,52.5
5120,1.25,,0.0,pupil_comment,1,197.0,40960f2f3b332700,b8e6ecd74e496af83024b14df23ba75d1334bff5,0.3634765625,58.0,255.0,82.02179967885729,64,0.9575497044599678,38,0.7125,/home/galetka/Documents/Programming/hi-csg-r/data/processed/school_notebooks/ocr_images/school_notebooks_train_0064892.png,word,,0.65,,,2560.0,school_notebooks_train_0064892,train,very_short_text;foreground_heavy;probable_horizontal_ruling,7,1,л.,2,120,0,0,0,0,0,80,40.0
4160,1.015625,,0.0,pupil_text,1,210.0,2d1317272f16364e,9d51ac352be98eab461d41a60b24d1c5587b83e2,0.49399038461538464,44.0,254.0,84.41790767422914,64,0.9571776155717762,49,0.8153846153846154,/home/galetka/Documents/Programming/hi-csg-r/data/processed/school_notebooks/ocr_images/school_notebooks_train_0193217.png,word,,0.6923076923076923,,,2080.0,school_notebooks_train_0193217,train,very_short_text;foreground_heavy;probable_horizontal_ruling,7,1,по,2,120,0,0,0,0,0,65,32.5
5184,1.265625,,0.0,pupil_comment,1,227.0,03383f3b3b2b4b00,390fe6aaf906de19fea78c014787a75c16c7e199,0.4230324074074074,28.0,255.0,89.30623465711147,64,0.9566803465572276,38,0.7777777777777778,/home/galetka/Documents/Programming/hi-csg-r/data/processed/school_notebooks/ocr_images/school_notebooks_train_0222502.png,word,,0.7530864197530864,,,2592.0,school_notebooks_train_0222502,train,very_short_text;foreground_heavy;probable_horizontal_ruling,7,1,п.,2,120,0,0,0,0,0,81,40.5
8064,1.96875,,0.0,pupil_text,1,205.0,0149593b21653f30,728787c14bdc0701514a4e1dae4477b8fa128094,0.5771329365079365,50.0,255.0,80.77813182943439,64,0.9565964761495488,44,0.873015873015873,/home/galetka/Documents/Programming/hi-csg-r/data/processed/school_notebooks/ocr_images/school_notebooks_train_0045241.png,word,,0.873015873015873,,,4032.0,school_notebooks_train_0045241,train,very_short_text;foreground_heavy;probable_horizontal_ruling,7,1,то,2,120,0,0,0,0,0,126,63.0
4096,1.0,,0.0,pupil_text,1,220.0,7f1b13111f5c7934,e40552c286b7b6bc75435381d55fac43f118494e,0.542236328125,35.0,255.0,94.00549431447588,64,0.9563259792886087,48,0.859375,/home/galetka/Documents/Programming/hi-csg-r/data/processed/school_notebooks/ocr_images/school_notebooks_train_0207537.png,word,,0.84375,,,2048.0,school_notebooks_train_0207537,train,very_short_text;foreground_heavy;probable_horizontal_ruling,7,1,до,2,120,0,0,0,0,0,64,32.0
6848,1.671875,,0.0,pupil_text,1,221.0,11931327352b4b06,960a8d4c6295616dc5e75e32f33ddbe0c121a170,0.5572429906542056,34.0,255.0,85.95468849020082,64,0.9559748427672956,49,0.8691588785046729,/home/galetka/Documents/Programming/hi-csg-r/data/processed/school_notebooks/ocr_images/school_notebooks_train_0208056.png,word,,0.8130841121495327,,,3424.0,school_notebooks_train_0208056,train,very_short_text;foreground_heavy;probable_horizontal_ruling,7,1,не,2,120,0,0,0,0,0,107,53.5
4288,1.046875,,0.0,pupil_text,1,219.0,1343051959391b3b,f7f76bfc75883be1e10ab44f5db527d044d08d0e,0.5284514925373134,36.0,255.0,92.90436151728652,64,0.9554280670785525,45,0.8507462686567164,/home/galetka/Documents/Programming/hi-csg-r/data/processed/school_notebooks/ocr_images/school_notebooks_train_0207500.png,word,,0.8507462686567164,,,2144.0,school_notebooks_train_0207500,train,very_short_text;foreground_heavy;probable_horizontal_ruling,7,1,ч),2,120,0,0,0,0,0,67,33.5
5056,1.234375,,0.0,pupil_comment,1,221.0,0003272f0b373f00,80cc956c68387c576333fe378474a179f1a931de,0.4594541139240506,34.0,255.0,90.24191548199732,64,0.9552303056392596,40,0.7974683544303798,/home/galetka/Documents/Programming/hi-csg-r/data/processed/school_notebooks/ocr_images/school_notebooks_train_0156572.png,word,,0.7468354430379747,,,2528.0,school_notebooks_train_0156572,train,very_short_text;foreground_heavy;probable_horizontal_ruling,7,1,ж.,2,120,0,0,0,0,0,79,39.5
4864,1.1875,,0.0,pupil_comment,1,203.0,00233f2727030300,45e1a2028d060fd5c00ec74f580ab8be27f7fcfc,0.39473684210526316,52.0,255.0,80.47093242121197,64,0.9552083333333333,38,0.7236842105263158,/home/galetka/Documents/Programming/hi-csg-r/data/processed/school_notebooks/ocr_images/school_notebooks_train_0201364.png,word,,0.7236842105263158,,,2432.0,school_notebooks_train_0201364,train,very_short_text;foreground_heavy;probable_horizontal_ruling,7,1,п.,2,120,0,0,0,0,0,76,38.0
5504,1.34375,,0.0,pupil_comment,1,222.0,019e1f0f2f2b3f80,95949643bee6c6cb2d45d81ffeeb3c1b1e40302d,0.38880813953488375,33.0,255.0,87.40978965258763,64,0.9551401869158879,37,0.7558139534883721,/home/galetka/Documents/Programming/hi-csg-r/data/processed/school_notebooks/ocr_images/school_notebooks_train_0222490.png,word,,0.686046511627907,,,2752.0,school_notebooks_train_0222490,train,very_short_text;foreground_heavy;probable_horizontal_ruling,7,1,п.,2,120,0,0,0,0,0,86,43.0
5440,1.328125,,0.0,pupil_text,1,219.0,00272b1b272b0300,ab7ea8a1017164b2b2250fb346a0d5f5c4c445c8,0.46636029411764707,36.0,255.0,85.84284229119262,64,0.9550650374458022,42,0.788235294117647,/home/galetka/Documents/Programming/hi-csg-r/data/processed/school_notebooks/ocr_images/school_notebooks_train_0179957.png,word,,0.7764705882352941,,,2720.0,school_notebooks_train_0179957,train,very_short_text;foreground_heavy;probable_horizontal_ruling,7,1,не,2,120,0,0,0,0,0,85,42.5
5248,1.28125,,0.0,pupil_text,1,214.0,303f2b0b27270301,09d2c7da2523fd15aef25776cd6812500543a232,0.5034298780487805,41.0,255.0,86.78059452303297,64,0.9549583648750947,42,0.8292682926829268,/home/galetka/Documents/Programming/hi-csg-r/data/processed/school_notebooks/ocr_images/school_notebooks_val_0269718.png,word,,0.8048780487804879,,,2624.0,school_notebooks_val_0269718,val,very_short_text;foreground_heavy;probable_horizontal_ruling,7,1,не,2,120,0,0,0,0,0,82,41.0
4736,1.15625,,0.0,pupil_text,1,220.0,61010b5b3b1b1b1f,b08cd15e72725c0f01942f9e73429effefd9bc65,0.504856418918919,35.0,255.0,92.45368975115555,64,0.9539941447093266,43,0.8243243243243243,/home/galetka/Documents/Programming/hi-csg-r/data/processed/school_notebooks/ocr_images/school_notebooks_train_0207534.png,word,,0.8108108108108109,,,2368.0,school_notebooks_train_0207534,train,very_short_text;foreground_heavy;probable_horizontal_ruling,7,1,ч),2,120,0,0,0,0,0,74,37.0
6528,1.59375,,0.0,pupil_comment,1,214.0,009f1f19292f7f80,aeab8f1c10bf7ea9fb5e228967fba539b6f905b1,0.42141544117647056,41.0,255.0,86.93904313258552,64,0.9538349691021447,38,0.803921568627451,/home/galetka/Documents/Programming/hi-csg-r/data/processed/school_notebooks/ocr_images/school_notebooks_train_0222702.png,word,,0.7843137254901961,,,3264.0,school_notebooks_train_0222702,train,very_short_text;foreground_heavy;probable_horizontal_ruling,7,1,п.,2,120,0,0,0,0,0,102,51.0
6784,1.65625,,0.0,pupil_comment,1,231.0,253d2f1e2e6e7842,9cdfca6c1222c8a6d11204f5575785d0a31c5b2c,0.466686320754717,24.0,255.0,91.36835156233917,64,0.9535691724573594,43,0.8867924528301887,/home/galetka/Documents/Programming/hi-csg-r/data/processed/school_notebooks/ocr_images/school_notebooks_train_0222491.png,word,,0.8207547169811321,,,3392.0,school_notebooks_train_0222491,train,very_short_text;foreground_heavy;probable_horizontal_ruling,7,1,п.,2,120,0,0,0,0,0,106,53.0
4800,1.171875,,0.0,pupil_text,1,227.0,607f3f1363030783,fbc689b2d9415966372005bd9ab381b9428478f1,0.484375,28.0,255.0,88.63689066819971,64,0.9526881720430107,42,0.84,/home/galetka/Documents/Programming/hi-csg-r/data/processed/school_notebooks/ocr_images/school_notebooks_train_0019369.png,word,,0.8266666666666667,,,2400.0,school_notebooks_train_0019369,train,very_short_text;foreground_heavy;probable_horizontal_ruling,7,1,my,2,120,0,0,0,0,0,75,37.5
5760,1.40625,,0.0,pupil_text,1,198.0,090e3353776b0706,36e51730fabf8874505aa3b7ca23e126d8e45af4,0.5263888888888889,57.0,255.0,83.10263781269637,64,0.9525065963060686,43,0.8888888888888888,/home/galetka/Documents/Programming/hi-csg-r/data/processed/school_notebooks/ocr_images/school_notebooks_train_0045801.png,word,,0.8777777777777778,,,2880.0,school_notebooks_train_0045801,train,very_short_text;foreground_heavy;probable_horizontal_ruling,7,1,не,2,120,0,0,0,0,0,90,45.0
5568,1.359375,,0.0,pupil_text,1,216.0,01010b07072f3c31,ebdd774e05cf3ca5fe8aa4a3c237ddfdb59a1869,0.4599497126436782,39.0,255.0,91.19129737525903,64,0.952362358453729,42,0.8390804597701149,/home/galetka/Documents/Programming/hi-csg-r/data/processed/school_notebooks/ocr_images/school_notebooks_train_0229141.png,word,,0.7241379310344828,,,2784.0,school_notebooks_train_0229141,train,very_short_text;foreground_heavy;probable_horizontal_ruling,7,1,по,2,120,0,0,0,0,0,87,43.5
4096,1.0,,0.0,pupil_text,1,206.0,0c0e060e0d2d0d1d,c3c071dbcb7cd2096a5260fd62ba1fc962de5709,0.41748046875,49.0,255.0,83.35547189593191,64,0.952046783625731,48,0.625,/home/galetka/Documents/Programming/hi-csg-r/data/processed/school_notebooks/ocr_images/school_notebooks_train_0178083.png,word,,0.609375,,,2048.0,school_notebooks_train_0178083,train,very_short_text;foreground_heavy;probable_horizontal_ruling,7,1,ii,2,120,0,0,0,0,0,64,32.0
5184,1.265625,,0.0,pupil_comment,1,202.0,1193070f27273f60,a0e45fd4c8aac53eb740f29c83b6148dc1ecb3b4,0.4731867283950617,53.0,255.0,86.3754897115385,64,0.9518956379942927,45,0.8148148148148148,/home/galetka/Documents/Programming/hi-csg-r/data/processed/school_notebooks/ocr_images/school_notebooks_train_0081448.png,word,,0.6790123456790124,,,2592.0,school_notebooks_train_0081448,train,very_short_text;foreground_heavy;probable_horizontal_ruling,7,1,н.,2,120,0,0,0,0,0,81,40.5
5760,1.40625,,0.0,pupil_text,1,240.0,981e1f17136b0101,77f612bdd7d0119f7febf0d0696f1079a70a42cb,0.5876736111111112,15.0,255.0,89.03870464015587,64,0.9518463810930576,47,0.9111111111111111,/home/galetka/Documents/Programming/hi-csg-r/data/processed/school_notebooks/ocr_images/school_notebooks_train_0166578.png,word,,0.8888888888888888,,,2880.0,school_notebooks_train_0166578,train,very_short_text;foreground_heavy;probable_horizontal_ruling,7,1,мы,2,120,0,0,0,0,0,90,45.0
6272,1.53125,,0.0,pupil_text,1,198.0,4003031737230b55,24d307c7f70d4b2d508301754e5dc3d32581f480,0.4633290816326531,57.0,255.0,82.58695172647975,64,0.9504473503097041,40,0.8163265306122449,/home/galetka/Documents/Programming/hi-csg-r/data/processed/school_notebooks/ocr_images/school_notebooks_train_0086617.png,word,,0.8163265306122449,,,3136.0,school_notebooks_train_0086617,train,very_short_text;foreground_heavy;probable_horizontal_ruling,7,1,по,2,120,0,0,0,0,0,98,49.0
4096,1.0,,0.0,pupil_text,1,192.0,194d462e4d4d1e3a,fc545ec56a6a26a0bc35ed7abf2f7007a93e4dcf,0.422607421875,63.0,255.0,79.60837915488362,64,0.9503177354130561,49,0.609375,/home/galetka/Documents/Programming/hi-csg-r/data/processed/school_notebooks/ocr_images/school_notebooks_train_0177004.png,word,,0.609375,,,2048.0,school_notebooks_train_0177004,train,very_short_text;foreground_heavy;probable_horizontal_ruling,7,1,",а",2,120,0,0,0,0,0,64,32.0
4864,1.1875,,0.0,pupil_comment,1,230.0,430117161f0f2333,41071016d4b515c0ff312db38eb1c58c317382c3,0.5450246710526315,25.0,255.0,92.1869856677776,64,0.950207468879668,48,0.8421052631578947,/home/galetka/Documents/Programming/hi-csg-r/data/processed/school_notebooks/ocr_images/school_notebooks_train_0043709.png,word,,0.8289473684210527,,,2432.0,school_notebooks_train_0043709,train,very_short_text;foreground_heavy;probable_horizontal_ruling,7,1,||,2,120,0,0,0,0,0,76,38.0
5888,1.4375,,0.0,pupil_comment,1,212.0,488f1d0b491f7843,d4da4609e4ffd677c5c70e20b8820696bb3347c3,0.4555027173913043,43.0,255.0,88.95849963013518,64,0.9496644295302014,41,0.8586956521739131,/home/galetka/Documents/Programming/hi-csg-r/data/processed/school_notebooks/ocr_images/school_notebooks_train_0128374.png,word,,0.8586956521739131,,,2944.0,school_notebooks_train_0128374,train,very_short_text;foreground_heavy;probable_horizontal_ruling,7,1,мн,2,120,0,0,0,0,0,92,46.0
5504,1.34375,,0.0,pupil_text,1,220.0,1c3f335337251387,d6300c52da214e845fd64ca9d9961a59e326faf2,0.5975654069767442,34.0,254.0,80.69113539307969,64,0.9495287321374278,50,0.8837209302325582,/home/galetka/Documents/Programming/hi-csg-r/data/processed/school_notebooks/ocr_images/school_notebooks_train_0126480.png,word,,0.8837209302325582,,,2752.0,school_notebooks_train_0126480,train,very_short_text;foreground_heavy;probable_horizontal_ruling,7,1,ге,2,120,0,0,0,0,0,86,43.0
6016,1.46875,,0.0,pupil_text,1,202.0,0007333b27230380,1c23f39d7e824ed1ed5422e7325b2e1dc31ff316,0.4820478723404255,52.0,254.0,85.82927259254019,64,0.9489655172413793,41,0.8085106382978723,/home/galetka/Documents/Programming/hi-csg-r/data/processed/school_notebooks/ocr_images/school_notebooks_train_0169836.png,word,,0.8085106382978723,,,3008.0,school_notebooks_train_0169836,train,very_short_text;foreground_heavy;probable_horizontal_ruling,7,1,то,2,120,0,0,0,0,0,94,47.0
4288,1.046875,,0.0,pupil_comment,1,219.0,403e1f0b131b3f20,3a9fc290f0024f66eca6bbbba8b153863a497a45,0.40625,36.0,255.0,93.15398805894226,64,0.9483352468427095,40,0.7761194029850746,/home/galetka/Documents/Programming/hi-csg-r/data/processed/school_notebooks/ocr_images/school_notebooks_train_0006753.png,word,,0.7164179104477612,,,2144.0,school_notebooks_train_0006753,train,very_short_text;foreground_heavy;probable_horizontal_ruling,7,1,п.,2,120,0,0,0,0,0,67,33.5
6976,1.703125,,0.00593387962701328,teacher_comment,1,195.0,06073119391d1893,dea82f9999f79e90da80106b9ae15e8603f77015,0.5073107798165137,60.0,255.0,80.56119081750724,64,0.9482904775360271,42,0.9174311926605505,/home/galetka/Documents/Programming/hi-csg-r/data/processed/school_notebooks/ocr_images/school_notebooks_train_0141756.png,word,,0.8990825688073395,,,3488.0,school_notebooks_train_0141756,train,very_short_text;foreground_heavy;probable_horizontal_ruling,7,1,о-,2,120,0,0,0,0,0,109,54.5
6336,1.546875,,0.0,pupil_comment,1,231.0,805b131309278718,176c3dcf49e106cbec996e0bfcdb7a36abb98924,0.47364267676767674,23.0,254.0,102.02644974616858,64,0.9480173275574808,38,0.8383838383838383,/home/galetka/Documents/Programming/hi-csg-r/data/processed/school_notebooks/ocr_images/school_notebooks_val_0271537.png,word,,0.8282828282828283,,,3168.0,school_notebooks_val_0271537,val,very_short_text;foreground_heavy;probable_horizontal_ruling,7,1,мр,2,120,0,0,0,0,0,99,49.5
5568,1.359375,,0.0,pupil_text,1,213.64999999999998,2183033333670703,5133bf641d060610f531bafa4c365af9ef27f056,0.47844827586206895,41.35000000000002,255.0,86.91838294795497,64,0.9478228228228228,43,0.8620689655172413,/home/galetka/Documents/Programming/hi-csg-r/data/processed/school_notebooks/ocr_images/school_notebooks_train_0027526.png,word,,0.7931034482758621,,,2784.0,school_notebooks_train_0027526,train,very_short_text;foreground_heavy;probable_horizontal_ruling,7,1,тв,2,120,0,0,0,0,0,87,43.5
4096,1.0,,0.0,teacher_comment,1,214.0,074b9b372f573322,275a16501c56484644e3f035d493b75748551e19,0.490966796875,41.0,255.0,88.42470142372333,64,0.9477871705619095,48,0.828125,/home/galetka/Documents/Programming/hi-csg-r/data/processed/school_notebooks/ocr_images/school_notebooks_train_0224031.png,word,,0.75,,,2048.0,school_notebooks_train_0224031,train,very_short_text;foreground_heavy;probable_horizontal_ruling,7,1,4.,2,120,0,0,0,0,0,64,32.0
6272,1.53125,,0.0,pupil_comment,1,236.0,20010333273f7e01,7bb97cf4909e468252ad01cb2937862a27b91468,0.4091198979591837,19.0,255.0,105.00791548422572,64,0.9473889321901793,35,0.7959183673469388,/home/galetka/Documents/Programming/hi-csg-r/data/processed/school_notebooks/ocr_images/school_notebooks_train_0178227.png,word,,0.7959183673469388,,,3136.0,school_notebooks_train_0178227,train,very_short_text;foreground_heavy;probable_horizontal_ruling,7,1,мн,2,120,0,0,0,0,0,98,49.0
4096,1.0,,0.0,pupil_text,1,199.0,3a3d1e1e37170682,a4425d864c123a32ae27a017665aaaa9148e8483,0.43017578125,56.0,255.0,86.94702591940029,64,0.9460839954597049,46,0.71875,/home/galetka/Documents/Programming/hi-csg-r/data/processed/school_notebooks/ocr_images/school_notebooks_train_0201048.png,word,,0.703125,,,2048.0,school_notebooks_train_0201048,train,very_short_text;foreground_heavy;probable_horizontal_ruling,7,1,2.,2,120,0,0,0,0,0,64,32.0
6016,1.46875,,0.0,pupil_comment,1,200.0,607f2f0d2f6b4b1b,05532521ef4aa3674caa65620bf74dc8285c55f7,0.5508643617021277,55.0,255.0,80.36799840644291,64,0.9459867229933615,45,0.8723404255319149,/home/galetka/Documents/Programming/hi-csg-r/data/processed/school_notebooks/ocr_images/school_notebooks_train_0216711.png,word,,0.8297872340425532,,,3008.0,school_notebooks_train_0216711,train,very_short_text;foreground_heavy;probable_horizontal_ruling,7,1,п.,2,120,0,0,0,0,0,94,47.0
6080,1.484375,,0.0,pupil_text,1,228.0,909e172957670706,efc49137efec46468c23128eae1f70a0100e83a3,0.5388157894736842,27.0,255.0,88.40323431984734,64,0.9459706959706959,44,0.8947368421052632,/home/galetka/Documents/Programming/hi-csg-r/data/processed/school_notebooks/ocr_images/school_notebooks_train_0131304.png,word,,0.8526315789473684,,,3040.0,school_notebooks_train_0131304,train,very_short_text;foreground_heavy;probable_horizontal_ruling,7,1,то,2,120,0,0,0,0,0,95,47.5
4096,1.0,,0.0,pupil_comment,1,227.0,8003232f2f0f1f80,7e27cc608fdacddb7f30c279e1211df349202a0f,0.39990234375,28.0,255.0,97.78895329512505,64,0.9456654456654456,38,0.6875,/home/galetka/Documents/Programming/hi-csg-r/data/processed/school_notebooks/ocr_images/school_notebooks_train_0007085.png,word,,0.6875,,,2048.0,school_notebooks_train_0007085,train,very_short_text;foreground_heavy;probable_horizontal_ruling,7,1,ч.,2,120,0,0,0,0,0,64,32.0
5568,1.359375,,0.0,pupil_text,1,208.0,42031b0f0f0e0d0d,50f38481563fa60e251b3fd50b65c2b9debe01ea,0.4360632183908046,46.0,254.0,88.44084944500516,64,0.9456342668863262,42,0.8505747126436781,/home/galetka/Documents/Programming/hi-csg-r/data/processed/school_notebooks/ocr_images/school_notebooks_val_0269664.png,word,,0.7241379310344828,,,2784.0,school_notebooks_val_0269664,val,very_short_text;foreground_heavy;probable_horizontal_ruling,7,1,её,2,120,0,0,0,0,0,87,43.5
4096,1.0,,0.0,pupil_text,1,221.0,06061e1e6e4e3d32,6966b817e0ac7e3ba565f29b6984ae598f941dd6,0.4169921875,34.0,255.0,92.58738177155344,64,0.9455503512880562,44,0.671875,/home/galetka/Documents/Programming/hi-csg-r/data/processed/school_notebooks/ocr_images/school_notebooks_train_0208517.png,word,,0.65625,,,2048.0,school_notebooks_train_0208517,train,very_short_text;foreground_heavy;probable_horizontal_ruling,7,1,в.,2,120,0,0,0,0,0,64,32.0
6400,1.5625,,0.0,pupil_comment,1,221.0,019e9f0f2f2b0f80,3d0664a06d31560d9168cea5d2dfaec19fe3221f,0.39421875,34.0,255.0,88.17698136116802,64,0.9453032104637337,37,0.8,/home/galetka/Documents/Programming/hi-csg-r/data/processed/school_notebooks/ocr_images/school_notebooks_train_0222617.png,word,,0.78,,,3200.0,school_notebooks_train_0222617,train,very_short_text;foreground_heavy;probable_horizontal_ruling,7,1,п.,2,120,0,0,0,0,0,100,50.0
5120,1.25,,0.0,pupil_text,1,216.0,2c4f0f1f16163d30,e7f5193781bae757de62845d6e6b5dc78f95b0c8,0.399609375,39.0,255.0,89.96669248729202,64,0.9452590420332356,42,0.8375,/home/galetka/Documents/Programming/hi-csg-r/data/processed/school_notebooks/ocr_images/school_notebooks_train_0027519.png,word,,0.7,,,2560.0,school_notebooks_train_0027519,train,very_short_text;foreground_heavy;probable_horizontal_ruling,7,1,1),2,120,0,0,0,0,0,80,40.0
5760,1.40625,,0.0,pupil_comment,1,194.0,003e273337030340,35d94c70c6e3d7f49d951f5e8679bda4801ac299,0.3862847222222222,61.0,255.0,81.50289812217483,64,0.9451685393258427,36,0.8,/home/galetka/Documents/Programming/hi-csg-r/data/processed/school_notebooks/ocr_images/school_notebooks_val_0282396.png,word,,0.7222222222222222,,,2880.0,school_notebooks_val_0282396,val,very_short_text;foreground_heavy;probable_horizontal_ruling,7,1,гл,2,120,0,0,0,0,0,90,45.0
5120,1.25,,0.0,pupil_text,1,201.0,313e2f29295f3e19,65bae89292594f762ee46586f1d03a30ba9268d7,0.4705078125,53.0,254.0,83.05823567761279,64,0.9447903694479037,43,0.875,/home/galetka/Documents/Programming/hi-csg-r/data/processed/school_notebooks/ocr_images/school_notebooks_train_0162998.png,word,,0.8,,,2560.0,school_notebooks_train_0162998,train,very_short_text;foreground_heavy;probable_horizontal_ruling,7,1,о-,2,120,0,0,0,0,0,80,40.0
6912,1.6875,,0.0,pupil_text,1,214.0,83784f2d2b170e8d,2c97d1e026e88458f630a9478e138280adb9eaa2,0.4402488425925926,40.0,254.0,85.63156427466075,64,0.94446270128163,39,0.8518518518518519,/home/galetka/Documents/Programming/hi-csg-r/data/processed/school_notebooks/ocr_images/school_notebooks_train_0147986.png,word,,0.8425925925925926,,,3456.0,school_notebooks_train_0147986,train,very_short_text;foreground_heavy;probable_horizontal_ruling,7,1,не,2,120,0,0,0,0,0,108,54.0
5056,1.234375,,0.0,pupil_text,1,228.0,213c3f3373171306,216109069d59097031299599c0a1c7e7f50092a4,0.5057357594936709,27.0,255.0,93.26333359700811,64,0.9436840046929996,42,0.8481012658227848,/home/galetka/Documents/Programming/hi-csg-r/data/processed/school_notebooks/ocr_images/school_notebooks_train_0236979.png,word,,0.8481012658227848,,,2528.0,school_notebooks_train_0236979,train,very_short_text;foreground_heavy;probable_horizontal_ruling,7,1,по,2,120,0,0,0,0,0,79,39.5
6656,1.625,,0.0,teacher_comment,1,201.0,3e2b1b1f2e3e6d0d,711a16a9be1a26e9e8fb0316ea003f34f0f00942,0.5061598557692307,54.0,255.0,81.31905775086446,64,0.9436034431582072,50,0.8942307692307693,/home/galetka/Documents/Programming/hi-csg-r/data/processed/school_notebooks/ocr_images/school_notebooks_train_0084360.png,word,,0.7403846153846154,,,3328.0,school_notebooks_train_0084360,train,very_short_text;foreground_heavy;probable_horizontal_ruling,7,1,3б,2,120,0,0,0,0,0,104,52.0
4416,1.078125,,0.0,pupil_text,1,190.0,303f3f2f373f3c33,fb5af52bbf4239785401b1850d81ddb7c2295eb2,0.469429347826087,65.0,255.0,81.77220661154847,64,0.9430776652194887,43,0.8260869565217391,/home/galetka/Documents/Programming/hi-csg-r/data/processed/school_notebooks/ocr_images/school_notebooks_train_0086694.png,word,,0.7971014492753623,,,2208.0,school_notebooks_train_0086694,train,very_short_text;foreground_heavy;probable_horizontal_ruling,7,1,за,2,120,0,0,0,0,0,69,34.5
4416,1.078125,,0.0,pupil_text,1,214.25,2141870323130f44,ca5fa34fa87e764d059f1a901f82d88a7eb51c2f,0.40851449275362317,40.75,255.0,89.63003141950145,64,0.9429046563192904,42,0.7971014492753623,/home/galetka/Documents/Programming/hi-csg-r/data/processed/school_notebooks/ocr_images/school_notebooks_train_0027510.png,word,,0.7391304347826086,,,2208.0,school_notebooks_train_0027510,train,very_short_text;foreground_heavy;probable_horizontal_ruling,7,1,3),2,120,0,0,0,0,0,69,34.5
6272,1.53125,,0.0,pupil_comment,1,217.0,009f1f2d2d2f7c81,d42b339f21ab15e01299ba56bd2757f50176af4b,0.39333545918367346,38.0,255.0,84.65022422413892,64,0.9424402107823268,36,0.7857142857142857,/home/galetka/Documents/Programming/hi-csg-r/data/processed/school_notebooks/ocr_images/school_notebooks_train_0222708.png,word,,0.7653061224489796,,,3136.0,school_notebooks_train_0222708,train,very_short_text;foreground_heavy;probable_horizontal_ruling,7,1,п.,2,120,0,0,0,0,0,98,49.0
6400,1.5625,,0.0,pupil_text,1,220.0,2743890b13270303,8440e91298966aa81a4bad69c441ea261f3dba8d,0.49625,35.0,255.0,88.42801496604434,64,0.9420654911838791,44,0.89,/home/galetka/Documents/Programming/hi-csg-r/data/processed/school_notebooks/ocr_images/school_notebooks_train_0027491.png,word,,0.82,,,3200.0,school_notebooks_train_0027491,train,very_short_text;foreground_heavy;probable_horizontal_ruling,7,1,мр,2,120,0,0,0,0,0,100,50.0
5696,1.390625,,0.0,pupil_comment,1,205.0,0101034b4b5b5326,8152856d475c3004541b2207f619677eaf486b72,0.5019311797752809,50.0,255.0,81.50512223826473,64,0.9408884225253585,44,0.8089887640449438,/home/galetka/Documents/Programming/hi-csg-r/data/processed/school_notebooks/ocr_images/school_notebooks_train_0053770.png,word,,0.7865168539325843,,,2848.0,school_notebooks_train_0053770,train,very_short_text;foreground_heavy;probable_horizontal_ruling,7,1,.п,2,120,0,0,0,0,0,89,44.5
5184,1.265625,,0.0,pupil_comment,1,221.0,121d0f1613330141,50cae1609cb057e94666b37aa866f9c9abbb0da5,0.42978395061728397,34.0,255.0,95.64089881745595,64,0.940754039497307,44,0.8395061728395061,/home/galetka/Documents/Programming/hi-csg-r/data/processed/school_notebooks/ocr_images/school_notebooks_val_0271534.png,word,,0.691358024691358,,,2592.0,school_notebooks_val_0271534,val,very_short_text;foreground_heavy;probable_horizontal_ruling,7,1,рп,2,120,0,0,0,0,0,81,40.5
4864,1.1875,,0.0,pupil_text,1,207.85,b01e0d2d0b3e1c38,01252e1f0cc915f594791958ca0f4ce6d073a985,0.45476973684210525,47.150000000000006,255.0,87.55687394309298,64,0.9403254972875226,42,0.8552631578947368,/home/galetka/Documents/Programming/hi-csg-r/data/processed/school_notebooks/ocr_images/school_notebooks_train_0027558.png,word,,0.8289473684210527,,,2432.0,school_notebooks_train_0027558,train,very_short_text;foreground_heavy;probable_horizontal_ruling,7,1,г-,2,120,0,0,0,0,0,76,38.0
4800,1.171875,,0.0,pupil_text,1,206.0,084f9f9f2f2f0702,c702befdf50c4d603f42e839470571d6557d2e06,0.404375,49.0,255.0,83.8209514713091,64,0.9397217928902627,41,0.7866666666666666,/home/galetka/Documents/Programming/hi-csg-r/data/processed/school_notebooks/ocr_images/school_notebooks_train_0153868.png,word,,0.68,,,2400.0,school_notebooks_train_0153868,train,very_short_text;foreground_heavy;probable_horizontal_ruling,7,1,её,2,120,0,0,0,0,0,75,37.5
4928,1.203125,,0.0,teacher_comment,1,203.64999999999998,9d9e1b1b193d2f1f,9f63b758c52cbcf01a05fa3e2562458d55e441ee,0.5046672077922078,50.35000000000002,254.0,77.17246558703737,64,0.9388821873743466,50,0.8701298701298701,/home/galetka/Documents/Programming/hi-csg-r/data/processed/school_notebooks/ocr_images/school_notebooks_train_0027754.png,word,,0.7792207792207793,,,2464.0,school_notebooks_train_0027754,train,very_short_text;foreground_heavy;probable_horizontal_ruling,7,1,2.,2,120,0,0,0,0,0,77,38.5
5632,1.375,,0.0,pupil_text,1,202.0,003c675737274714,4c515b895c07c1dc4c0cbcae0fa63da813c9e171,0.48046875,53.0,255.0,83.87757492825487,64,0.9386548410938654,42,0.7954545454545454,/home/galetka/Documents/Programming/hi-csg-r/data/processed/school_notebooks/ocr_images/school_notebooks_train_0086779.png,word,,0.8068181818181818,,,2816.0,school_notebooks_train_0086779,train,very_short_text;foreground_heavy;probable_horizontal_ruling,7,1,не,2,120,0,0,0,0,0,88,44.0
4160,1.015625,,0.0,pupil_text,1,212.0,11256343330b0d58,764c0e95353b9506639281934850f3a06bffa539,0.5019230769230769,43.0,255.0,83.79678242709873,64,0.9377394636015326,42,0.8153846153846154,/home/galetka/Documents/Programming/hi-csg-r/data/processed/school_notebooks/ocr_images/school_notebooks_train_0240966.png,word,,0.7692307692307693,,,2080.0,school_notebooks_train_0240966,train,very_short_text;foreground_heavy;probable_horizontal_ruling,7,1,ся,2,120,0,0,0,0,0,65,32.5
4224,1.03125,,0.0,pupil_text,1,232.0,81032b17354b7b3f,7b9fe65b183344b2523b60057aefc2502d46dd54,0.5532670454545454,22.0,254.0,87.18535071125424,64,0.9375267436884895,47,0.8181818181818182,/home/galetka/Documents/Programming/hi-csg-r/data/processed/school_notebooks/ocr_images/school_notebooks_train_0227186.png,word,,0.803030303030303,,,2112.0,school_notebooks_train_0227186,train,very_short_text;foreground_heavy;probable_horizontal_ruling,7,1,не,2,120,0,0,0,0,0,66,33.0
4352,1.0625,,0.0,pupil_comment,1,222.0,800e3e3f3f1f3883,57e2c2fd008edff5d614f008757ae9796e9318cb,0.3694852941176471,32.0,254.0,92.43386600756537,64,0.9371890547263682,37,0.7205882352941176,/home/galetka/Documents/Programming/hi-csg-r/data/processed/school_notebooks/ocr_images/school_notebooks_train_0065187.png,word,,0.7058823529411765,,,2176.0,school_notebooks_train_0065187,train,very_short_text;foreground_heavy;probable_horizontal_ruling,7,1,ч.,2,120,0,0,0,0,0,68,34.0
4864,1.1875,,0.0,pupil_text,1,201.0,47961f2b132b2f3e,6ccf64157132e45e7f8807df9c33c6c817ac2fc7,0.5004111842105263,54.0,255.0,87.99157566904675,64,0.9367296631059984,48,0.868421052631579,/home/galetka/Documents/Programming/hi-csg-r/data/processed/school_notebooks/ocr_images/school_notebooks_train_0045497.png,word,,0.8289473684210527,,,2432.0,school_notebooks_train_0045497,train,very_short_text;foreground_heavy;probable_horizontal_ruling,7,1,но,2,120,0,0,0,0,0,76,38.0
4096,1.0,,0.0,pupil_comment,1,209.25,429c3e1f1b1b9f00,8bd5b96ef90806c94761055332fb6b2524e490c3,0.358642578125,45.75,255.0,84.22591918410903,64,0.9360108917631041,38,0.734375,/home/galetka/Documents/Programming/hi-csg-r/data/processed/school_notebooks/ocr_images/school_notebooks_train_0064882.png,word,,0.640625,,,2048.0,school_notebooks_train_0064882,train,very_short_text;foreground_heavy;probable_horizontal_ruling,7,1,ч.,2,120,0,0,0,0,0,64,32.0
4480,1.09375,,0.0,pupil_comment,1,205.04999999999998,802f2f2f2b0b8f40,ae3936f8827179fd6fc10718aaff90d39a5269b3,0.3982142857142857,48.95000000000002,254.0,81.1050279132196,64,0.9355381165919282,39,0.7142857142857143,/home/galetka/Documents/Programming/hi-csg-r/data/processed/school_notebooks/ocr_images/school_notebooks_train_0178911.png,word,,0.6714285714285714,,,2240.0,school_notebooks_train_0178911,train,very_short_text;foreground_heavy;probable_horizontal_ruling,7,1,ср,2,120,0,0,0,0,0,70,35.0
5312,1.296875,,0.0,pupil_comment,1,191.0,a6393e370d273f60,cc8325bd72016326704b3b53e22c221176183370,0.42601656626506024,63.0,254.0,80.5408378604636,64,0.9354838709677419,37,0.8072289156626506,/home/galetka/Documents/Programming/hi-csg-r/data/processed/school_notebooks/ocr_images/school_notebooks_train_0128377.png,word,,0.8072289156626506,,,2656.0,school_notebooks_train_0128377,train,very_short_text;foreground_heavy;probable_horizontal_ruling,7,1,.ч,2,120,0,0,0,0,0,83,41.5
7104,1.734375,,0.0,pupil_comment,1,205.0,32430b2b633f3c41,bcc6b4241addc1f5c1b47f8335a0324d73ecb332,0.41356981981981983,50.0,255.0,85.39409247819177,64,0.9353301565690946,38,0.8558558558558559,/home/galetka/Documents/Programming/hi-csg-r/data/processed/school_notebooks/ocr_images/school_notebooks_train_0006766.png,word,,0.8468468468468469,,,3552.0,school_notebooks_train_0006766,train,very_short_text;foreground_heavy;probable_horizontal_ruling,7,1,=и,2,120,0,0,0,0,0,111,55.5
5312,1.296875,,0.0,pupil_text,1,222.0,189f252b36360d0a,370301a41a62e35b903e26133fe602656ede3bb7,0.44051204819277107,33.0,255.0,92.02844118750195,64,0.935042735042735,44,0.891566265060241,/home/galetka/Documents/Programming/hi-csg-r/data/processed/school_notebooks/ocr_images/school_notebooks_train_0162042.png,word,,0.6987951807228916,,,2656.0,school_notebooks_train_0162042,train,very_short_text;foreground_heavy;probable_horizontal_ruling,7,1,4.,2,120,0,0,0,0,0,83,41.5
4672,1.140625,,0.0,pupil_comment,1,217.0,103f2c2e13131f00,52d1d4bff1454b16dbaf440e095be189b6ba2347,0.3949058219178082,38.0,255.0,87.12217596900494,64,0.9338753387533876,42,0.7534246575342466,/home/galetka/Documents/Programming/hi-csg-r/data/processed/school_notebooks/ocr_images/school_notebooks_train_0056694.png,word,,0.684931506849315,,,2336.0,school_notebooks_train_0056694,train,very_short_text;foreground_heavy;probable_horizontal_ruling,7,1,рп,2,120,0,0,0,0,0,73,36.5
4736,1.15625,,0.0,pupil_text,1,224.0,76794e1723272131,0f3b7acbd31213b6f585f5518dce678befcdb051,0.4860641891891892,31.0,255.0,90.35421509932208,64,0.9331016507384883,46,0.8648648648648649,/home/galetka/Documents/Programming/hi-csg-r/data/processed/school_notebooks/ocr_images/school_notebooks_train_0147559.png,word,,0.7972972972972973,,,2368.0,school_notebooks_train_0147559,train,very_short_text;foreground_heavy;probable_horizontal_ruling,7,1,на,2,120,0,0,0,0,0,74,37.0
5120,1.25,,0.0,pupil_comment,1,216.04999999999998,081f27470f5d270e,1647409d2a9c823817e92fc7cc6fb85fd2cfe5d8,0.53828125,38.95000000000002,255.0,84.67872392739864,64,0.9328737300435413,44,0.825,/home/galetka/Documents/Programming/hi-csg-r/data/processed/school_notebooks/ocr_images/school_notebooks_train_0222109.png,word,,0.825,,,2560.0,school_notebooks_train_0222109,train,very_short_text;foreground_heavy;probable_horizontal_ruling,7,1,п.,2,120,0,0,0,0,0,80,40.0
5440,1.328125,,0.0,pupil_text,1,212.0,4181111727671c0a,e5c1ce4b5a6cf9b8ad494a2cae9e1361b3090c34,0.4625,42.0,254.0,86.73944253027456,64,0.9328298887122417,39,0.8705882352941177,/home/galetka/Documents/Programming/hi-csg-r/data/processed/school_notebooks/ocr_images/school_notebooks_train_0027556.png,word,,0.8352941176470589,,,2720.0,school_notebooks_train_0027556,train,very_short_text;foreground_heavy;probable_horizontal_ruling,7,1,тв,2,120,0,0,0,0,0,85,42.5
6208,1.515625,,0.0,pupil_comment,1,226.0,403f2f39395f7e81,bf11c0bfe9b53eda1a18c8e2bd02c0155487e4bd,0.4582796391752577,29.0,255.0,87.5775637086553,64,0.9321616871704745,37,0.8247422680412371,/home/galetka/Documents/Programming/hi-csg-r/data/processed/school_notebooks/ocr_images/school_notebooks_train_0222707.png,word,,0.8144329896907216,,,3104.0,school_notebooks_train_0222707,train,very_short_text;foreground_heavy;probable_horizontal_ruling,7,1,п.,2,120,0,0,0,0,0,97,48.5
4800,1.171875,,0.0,pupil_text,1,207.0,1e3f292f5b5b6736,7c80b9bad6f1713236062cc59804bfb9b6f5adbd,0.5475,48.0,255.0,82.36251607239814,64,0.9318873668188736,48,0.84,/home/galetka/Documents/Programming/hi-csg-r/data/processed/school_notebooks/ocr_images/school_notebooks_train_0198507.png,word,,0.7733333333333333,,,2400.0,school_notebooks_train_0198507,train,very_short_text;foreground_heavy;probable_horizontal_ruling,7,1,(к,2,120,0,0,0,0,0,75,37.5
5440,1.328125,,0.0,pupil_text,1,214.0,a303216f57370f8c,1e29085b0f1e61e336bcebfd62548f69ab8d8572,0.5178308823529412,40.0,254.0,82.70263569570463,64,0.9318423855165069,44,0.8823529411764706,/home/galetka/Documents/Programming/hi-csg-r/data/processed/school_notebooks/ocr_images/school_notebooks_train_0177657.png,word,,0.8705882352941177,,,2720.0,school_notebooks_train_0177657,train,very_short_text;foreground_heavy;probable_horizontal_ruling,7,1,об,2,120,0,0,0,0,0,85,42.5
4096,1.0,,0.0,pupil_text,1,200.0,3d2d0d0e66060e4c,a84f4ce9abcdbca212c8862674a22ed14b7472cf,0.400634765625,55.0,255.0,81.75131740405372,64,0.9317489335770871,46,0.640625,/home/galetka/Documents/Programming/hi-csg-r/data/processed/school_notebooks/ocr_images/school_notebooks_train_0178078.png,word,,0.625,,,2048.0,school_notebooks_train_0178078,train,very_short_text;foreground_heavy;probable_horizontal_ruling,7,1,лу,2,120,0,0,0,0,0,64,32.0
4096,1.0,,0.0,teacher_comment,1,213.25,3f25191b17660d0e,d56a90127837aa1b022486c34bff471e9b99d2a6,0.50341796875,41.75,255.0,82.7386949972876,64,0.9316197866149369,47,0.859375,/home/galetka/Documents/Programming/hi-csg-r/data/processed/school_notebooks/ocr_images/school_notebooks_train_0044947.png,word,,0.765625,,,2048.0,school_notebooks_train_0044947,train,very_short_text;foreground_heavy;probable_horizontal_ruling,7,1,5/,2,120,0,0,0,0,0,64,32.0
5504,1.34375,,0.0,pupil_text,1,208.0,06072f252f0e9d5a,231340dd05fb17e30fbefb212fa1225a284126f4,0.47401889534883723,47.0,255.0,86.99647949374636,64,0.931391337677271,42,0.8837209302325582,/home/galetka/Documents/Programming/hi-csg-r/data/processed/school_notebooks/ocr_images/school_notebooks_train_0207564.png,word,,0.8255813953488372,,,2752.0,school_notebooks_train_0207564,train,very_short_text;foreground_heavy;probable_horizontal_ruling,7,1,ед,2,120,0,0,0,0,0,86,43.0
4096,1.0,,0.0,pupil_text,1,198.0,8a0d2e2e2e0d3d32,6e1fb0015cc81fb76bcbfc82a3c219fb33ccb956,0.3720703125,57.0,255.0,80.73992237591928,64,0.9311023622047244,44,0.59375,/home/galetka/Documents/Programming/hi-csg-r/data/processed/school_notebooks/ocr_images/school_notebooks_train_0019075.png,word,,0.546875,,,2048.0,school_notebooks_train_0019075,train,very_short_text;foreground_heavy;probable_horizontal_ruling,7,1,is,2,120,0,0,0,0,0,64,32.0
4608,1.125,,0.0,pupil_comment,1,201.0,0a3337070f9b0301,e57f97e22c77987209156123987e4b4b9b9e9f97,0.4487847222222222,54.0,255.0,81.38516765328737,64,0.9308510638297872,45,0.7638888888888888,/home/galetka/Documents/Programming/hi-csg-r/data/processed/school_notebooks/ocr_images/school_notebooks_train_0179779.png,word,,0.7222222222222222,,,2304.0,school_notebooks_train_0179779,train,very_short_text;foreground_heavy;probable_horizontal_ruling,7,1,и.,2,120,0,0,0,0,0,72,36.0
5184,1.265625,,0.0,teacher_comment,1,188.0,4d9d163333133f70,c331fe12066fe54d73da18f0cb5e31123e50ad2b,0.49016203703703703,67.0,255.0,81.80442132682431,64,0.9307359307359307,44,0.9012345679012346,/home/galetka/Documents/Programming/hi-csg-r/data/processed/school_notebooks/ocr_images/school_notebooks_train_0102137.png,word,,0.8765432098765432,,,2592.0,school_notebooks_train_0102137,train,very_short_text;foreground_heavy;probable_horizontal_ruling,7,1,3-,2,120,0,0,0,0,0,81,40.5
6400,1.5625,,0.0,pupil_text,1,219.0,589f352d0d6b7f38,efbe3f93d9c2d36fc62db6ce92a01b5b8ba648a4,0.55828125,36.0,255.0,86.53923393952505,64,0.9305905401623286,45,0.9,/home/galetka/Documents/Programming/hi-csg-r/data/processed/school_notebooks/ocr_images/school_notebooks_train_0237057.png,word,,0.87,,,3200.0,school_notebooks_train_0237057,train,very_short_text;foreground_heavy;probable_horizontal_ruling,7,1,бы,2,120,0,0,0,0,0,100,50.0
4096,1.0,,0.0,pupil_text,1,202.25,303e2e2e2e2d3a34,39d2acd0a77176c16c0081f71ba7987d03fe6f51,0.362060546875,52.75,255.0,85.37631730449903,64,0.930546190155091,46,0.609375,/home/galetka/Documents/Programming/hi-csg-r/data/processed/school_notebooks/ocr_images/school_notebooks_train_0228836.png,word,,0.53125,,,2048.0,school_notebooks_train_0228836,train,very_short_text;foreground_heavy;probable_horizontal_ruling,7,1,не,2,120,0,0,0,0,0,64,32.0
4672,1.140625,,0.0,pupil_text,1,192.0,07078b4b0b236f3e,35a4ff1a3b98829d309da0161643b80ba226f4a6,0.4638270547945205,63.0,255.0,79.87492931827342,64,0.9298569450853715,49,0.863013698630137,/home/galetka/Documents/Programming/hi-csg-r/data/processed/school_notebooks/ocr_images/school_notebooks_train_0163172.png,word,,0.8493150684931506,,,2336.0,school_notebooks_train_0163172,train,very_short_text;foreground_heavy;probable_horizontal_ruling,7,1,не,2,120,0,0,0,0,0,73,36.5
4736,1.15625,,0.0,pupil_text,1,206.25,2141078b033f3e60,1a44f24a8120cd8a6b94f9b50f78d9698cd641b0,0.4174408783783784,48.75,255.0,83.06861101102932,64,0.9291856348002023,41,0.8108108108108109,/home/galetka/Documents/Programming/hi-csg-r/data/processed/school_notebooks/ocr_images/school_notebooks_train_0229312.png,word,,0.7567567567567568,,,2368.0,school_notebooks_train_0229312,train,very_short_text;foreground_heavy;probable_horizontal_ruling,7,1,на,2,120,0,0,0,0,0,74,37.0
5184,1.265625,,0.0,pupil_text,1,208.0,203e372f2b0b0f08,d70fdd103eae64d8c4a1fcf871ab7f55e87a7683,0.4122299382716049,47.0,255.0,83.14157254452559,64,0.9279363593823117,39,0.8024691358024691,/home/galetka/Documents/Programming/hi-csg-r/data/processed/school_notebooks/ocr_images/school_notebooks_train_0127013.png,word,,0.7777777777777778,,,2592.0,school_notebooks_train_0127013,train,very_short_text;foreground_heavy;probable_horizontal_ruling,7,1,н.,2,120,0,0,0,0,0,81,40.5
4096,1.0,,0.0,pupil_text,1,202.0,3a3a1d1d5e060686,95095dc839d237e465866a64406809e168755645,0.401123046875,53.0,255.0,85.86691063812077,64,0.9275715155203895,45,0.6875,/home/galetka/Documents/Programming/hi-csg-r/data/processed/school_notebooks/ocr_images/school_notebooks_train_0201052.png,word,,0.640625,,,2048.0,school_notebooks_train_0201052,train,very_short_text;foreground_heavy;probable_horizontal_ruling,7,1,3.,2,120,0,0,0,0,0,64,32.0
4416,1.078125,,0.0,pupil_text,1,198.0,3c36270b0b1b8343,da43312475c2087de290fe901e390923dfde6dba,0.4485960144927536,57.0,255.0,79.7169408013233,64,0.9273094396769308,44,0.7971014492753623,/home/galetka/Documents/Programming/hi-csg-r/data/processed/school_notebooks/ocr_images/school_notebooks_train_0223061.png,word,,0.7536231884057971,,,2208.0,school_notebooks_train_0223061,train,very_short_text;foreground_heavy;probable_horizontal_ruling,7,1,4.,2,120,0,0,0,0,0,69,34.5
5568,1.359375,,0.0,pupil_text,1,190.64999999999998,839b131717713f3e,f6727c7c27a28f3d48f64aed15c6986cb663f579,0.5580100574712644,64.35000000000002,255.0,78.93217983622193,64,0.9272610234953331,49,0.9080459770114943,/home/galetka/Documents/Programming/hi-csg-r/data/processed/school_notebooks/ocr_images/school_notebooks_train_0206721.png,word,,0.8850574712643678,,,2784.0,school_notebooks_train_0206721,train,very_short_text;foreground_heavy;probable_horizontal_ruling,7,1,за,2,120,0,0,0,0,0,87,43.5
4736,1.15625,,0.0,pupil_text,1,205.0,223c1f13132b0303,9a1739113e7216ab7160b129c8174f6e6f62d9de,0.44594594594594594,49.0,254.0,82.83618787786796,64,0.9270833333333334,40,0.8513513513513513,/home/galetka/Documents/Programming/hi-csg-r/data/processed/school_notebooks/ocr_images/school_notebooks_train_0207651.png,word,,0.7567567567567568,,,2368.0,school_notebooks_train_0207651,train,very_short_text;foreground_heavy;probable_horizontal_ruling,7,1,по,2,120,0,0,0,0,0,74,37.0
5376,1.3125,,0.0,pupil_comment,1,216.0,003f2b1b3b2f3c01,c8614e3369a8da5f854972a12527ce1556323b30,0.41257440476190477,39.0,255.0,82.86192408183503,64,0.9269612263300271,38,0.7857142857142857,/home/galetka/Documents/Programming/hi-csg-r/data/processed/school_notebooks/ocr_images/school_notebooks_train_0222110.png,word,,0.7619047619047619,,,2688.0,school_notebooks_train_0222110,train,very_short_text;foreground_heavy;probable_horizontal_ruling,7,1,п.,2,120,0,0,0,0,0,84,42.0
4672,1.140625,,0.0,pupil_comment,1,221.0,603f3b3337270301,f0482d91e5d12942ae0021314f6cd67fa1bd029d,0.4766695205479452,34.0,255.0,90.31583902806946,64,0.9259092950157162,41,0.7945205479452054,/home/galetka/Documents/Programming/hi-csg-r/data/processed/school_notebooks/ocr_images/school_notebooks_train_0163168.png,word,,0.7671232876712328,,,2336.0,school_notebooks_train_0163168,train,very_short_text;foreground_heavy;probable_horizontal_ruling,7,1,гл,2,120,0,0,0,0,0,73,36.5
6784,1.65625,,0.0,pupil_text,1,227.0,41010b1317636680,94a4582346980bf876809e4c503abc683fcc710c,0.4441332547169811,28.0,255.0,95.31110014751219,64,0.9246598075008298,36,0.8584905660377359,/home/galetka/Documents/Programming/hi-csg-r/data/processed/school_notebooks/ocr_images/school_notebooks_train_0007040.png,word,,0.8301886792452831,,,3392.0,school_notebooks_train_0007040,train,very_short_text;foreground_heavy;probable_horizontal_ruling,7,1,не,2,120,0,0,0,0,0,106,53.0
5760,1.40625,,0.0,pupil_text,1,222.0,132b0f1729253f38,4c2dfdf033d65d485e52903d9747c11482fdf93e,0.6381944444444444,33.0,255.0,78.54867308907147,64,0.9238302502720348,50,0.8888888888888888,/home/galetka/Documents/Programming/hi-csg-r/data/processed/school_notebooks/ocr_images/school_notebooks_train_0226645.png,word,,0.8888888888888888,,,2880.0,school_notebooks_train_0226645,train,very_short_text;foreground_heavy;probable_horizontal_ruling,7,1,от,2,120,0,0,0,0,0,90,45.0
4992,1.21875,,0.0,pupil_comment,1,215.0,0a2d2e37131f9c23,2ee857b6eea17ada46c8eb99f6b2b09ce9f3ff79,0.38361378205128205,40.0,255.0,89.9861401131643,64,0.9221932114882506,39,0.8205128205128205,/home/galetka/Documents/Programming/hi-csg-r/data/processed/school_notebooks/ocr_images/school_notebooks_train_0006763.png,word,,0.7307692307692307,,,2496.0,school_notebooks_train_0006763,train,very_short_text;foreground_heavy;probable_horizontal_ruling,7,1,уч,2,120,0,0,0,0,0,78,39.0
4096,1.0,,0.0,pupil_comment,1,186.0,488d16362f1b1716,6f099b5caa479608a23135921f031b80e9d66f6c,0.415771484375,69.0,255.0,78.18836258032034,64,0.92190252495596,41,0.734375,/home/galetka/Documents/Programming/hi-csg-r/data/processed/school_notebooks/ocr_images/school_notebooks_train_0175622.png,word,,0.734375,,,2048.0,school_notebooks_train_0175622,train,very_short_text;foreground_heavy;probable_horizontal_ruling,7,1,р.,2,120,0,0,0,0,0,64,32.0
4352,1.0625,,0.0,pupil_comment,1,214.0,11038323272f0f18,793e655edae3ee89ee1038539d355b9cb92900ce,0.43175551470588236,41.0,255.0,94.06446417247774,64,0.9217668972857903,39,0.8235294117647058,/home/galetka/Documents/Programming/hi-csg-r/data/processed/school_notebooks/ocr_images/school_notebooks_train_0177099.png,word,,0.7941176470588235,,,2176.0,school_notebooks_train_0177099,train,very_short_text;foreground_heavy;probable_horizontal_ruling,7,1,.п,2,120,0,0,0,0,0,68,34.0
4928,1.203125,,0.0,pupil_text,1,234.0,9c3f2b552d4d0f1e,b1fe57d1a222b293df8374678e0145c961660e7c,0.588474025974026,21.0,255.0,86.65668558437787,64,0.9217241379310345,47,0.8441558441558441,/home/galetka/Documents/Programming/hi-csg-r/data/processed/school_notebooks/ocr_images/school_notebooks_train_0131488.png,word,,0.8441558441558441,,,2464.0,school_notebooks_train_0131488,train,very_short_text;foreground_heavy;probable_horizontal_ruling,7,1,ш-,2,120,0,0,0,0,0,77,38.5
4096,1.0,,0.0,pupil_text,1,204.0,183a5a1d2d2e0606,295a6d49b7d42dfc5ef0858a3ad0f8abf65d0625,0.38330078125,51.0,255.0,82.4525403259928,64,0.921656050955414,47,0.65625,/home/galetka/Documents/Programming/hi-csg-r/data/processed/school_notebooks/ocr_images/school_notebooks_test_0319201.png,word,,0.59375,,,2048.0,school_notebooks_test_0319201,test,very_short_text;foreground_heavy;probable_horizontal_ruling,7,1,рп,2,120,0,0,0,0,0,64,32.0
6016,1.46875,,0.0,pupil_comment,1,226.0,013c3f1b391f7883,b3ea3df23a7212805e8602aa2c93293e7bb144e2,0.3751662234042553,29.0,255.0,88.38935092439401,64,0.921577315019938,33,0.7872340425531915,/home/galetka/Documents/Programming/hi-csg-r/data/processed/school_notebooks/ocr_images/school_notebooks_train_0222486.png,word,,0.7659574468085106,,,3008.0,school_notebooks_train_0222486,train,very_short_text;foreground_heavy;probable_horizontal_ruling,7,1,п.,2,120,0,0,0,0,0,94,47.0
7488,1.828125,,0.0,pupil_text,1,191.0,84062b2f2f0f4f6c,91b40394cb3d45c809a7d92de1ceb8c5ab2d5ca9,0.530715811965812,63.0,254.0,79.59053459539656,64,0.9214896829391042,44,0.8632478632478633,/home/galetka/Documents/Programming/hi-csg-r/data/processed/school_notebooks/ocr_images/school_notebooks_train_0159683.png,word,,0.8290598290598291,,,3744.0,school_notebooks_train_0159683,train,very_short_text;foreground_heavy;probable_horizontal_ruling,7,1,на,2,120,0,0,0,0,0,117,58.5
4096,1.0,,0.0,pupil_text,1,197.0,1a3d2d6c3e2e2e1c,a552a4f9c4569f7cad88288b01a1703b5917875a,0.4189453125,58.0,255.0,80.49596342634462,64,0.9207459207459208,47,0.625,/home/galetka/Documents/Programming/hi-csg-r/data/processed/school_notebooks/ocr_images/school_notebooks_train_0177643.png,word,,0.59375,,,2048.0,school_notebooks_train_0177643,train,very_short_text;foreground_heavy;probable_horizontal_ruling,7,1,ii,2,120,0,0,0,0,0,64,32.0
10624,2.59375,,0.0,pupil_text,1,204.0,209f192b3b574380,78aa2432544c35c580d750b581a311f31239764b,0.4664909638554217,51.0,255.0,84.09525879359822,64,0.920500403551251,41,0.8795180722891566,/home/galetka/Documents/Programming/hi-csg-r/data/processed/school_notebooks/ocr_images/school_notebooks_train_0010258.png,word,,0.7710843373493976,,,5312.0,school_notebooks_train_0010258,train,very_short_text;foreground_heavy;probable_horizontal_ruling,7,1,то,2,120,0,0,0,0,0,166,83.0
4416,1.078125,,0.0,pupil_comment,1,208.25,003f2f2727333f00,822f19e330626ab816064ab38634e03422be4113,0.38722826086956524,46.75,255.0,83.87549203717906,64,0.92046783625731,36,0.6811594202898551,/home/galetka/Documents/Programming/hi-csg-r/data/processed/school_notebooks/ocr_images/school_notebooks_train_0065274.png,word,,0.6811594202898551,,,2208.0,school_notebooks_train_0065274,train,very_short_text;foreground_heavy;probable_horizontal_ruling,7,1,п.,2,120,0,0,0,0,0,69,34.5
5376,1.3125,,0.0,pupil_text,1,227.0,0607032335271b10,8edacf7a23e34e08b6a48075367ae2f7071d48b0,0.4575892857142857,28.0,255.0,87.24574443588962,64,0.9203252032520325,40,0.8214285714285714,/home/galetka/Documents/Programming/hi-csg-r/data/processed/school_notebooks/ocr_images/school_notebooks_train_0147647.png,word,,0.7619047619047619,,,2688.0,school_notebooks_train_0147647,train,very_short_text;foreground_heavy;probable_horizontal_ruling,7,1,не,2,120,0,0,0,0,0,84,42.0
6400,1.5625,,0.0,pupil_text,1,207.0,213e1b3337031f50,5d79203077f18cd89e0ed63b346f7baff08eec6e,0.4246875,48.0,255.0,85.77295071290845,64,0.9201618837380426,37,0.84,/home/galetka/Documents/Programming/hi-csg-r/data/processed/school_notebooks/ocr_images/school_notebooks_train_0153632.png,word,,0.77,,,3200.0,school_notebooks_train_0153632,train,very_short_text;foreground_heavy;probable_horizontal_ruling,7,1,по,2,120,0,0,0,0,0,100,50.0
4480,1.09375,,0.0,pupil_comment,1,227.0,01033b373723230d,eaa8dc976c94d2fb722ac79431e12cb5c72dcc6c,0.5089285714285714,27.0,254.0,89.91151776045447,64,0.9192982456140351,42,0.7714285714285715,/home/galetka/Documents/Programming/hi-csg-r/data/processed/school_notebooks/ocr_images/school_notebooks_train_0150624.png,word,,0.7714285714285715,,,2240.0,school_notebooks_train_0150624,train,very_short_text;foreground_heavy;probable_horizontal_ruling,7,1,н.,2,120,0,0,0,0,0,70,35.0
5760,1.40625,,0.0,pupil_comment,1,226.0,011c1f1f0f2f7100,34116b0c3db8724230e53cb26fb81287c98910e6,0.3784722222222222,29.0,255.0,99.22938743997041,64,0.918348623853211,33,0.8,/home/galetka/Documents/Programming/hi-csg-r/data/processed/school_notebooks/ocr_images/school_notebooks_train_0007087.png,word,,0.8,,,2880.0,school_notebooks_train_0007087,train,very_short_text;foreground_heavy;probable_horizontal_ruling,7,1,м.,2,120,0,0,0,0,0,90,45.0
4096,1.0,,0.0,pupil_text,1,214.0,103e273727270f00,9d51d21adc14033d9f1f74e971904f05cd88f763,0.450439453125,41.0,255.0,85.91966675894807,64,0.9170731707317074,42,0.75,/home/galetka/Documents/Programming/hi-csg-r/data/processed/school_notebooks/ocr_images/school_notebooks_train_0179938.png,word,,0.75,,,2048.0,school_notebooks_train_0179938,train,very_short_text;foreground_heavy;probable_horizontal_ruling,7,1,не,2,120,0,0,0,0,0,64,32.0
5696,1.390625,,0.0,pupil_comment,1,197.0,4c0f03256d2d0101,c3909a3534fe8c1d2fac423cc4b68b129272d1f1,0.4906952247191011,58.0,255.0,79.86346180440802,64,0.9159212880143113,42,0.8426966292134831,/home/galetka/Documents/Programming/hi-csg-r/data/processed/school_notebooks/ocr_images/school_notebooks_train_0053769.png,word,,0.8314606741573034,,,2848.0,school_notebooks_train_0053769,train,very_short_text;foreground_heavy;probable_horizontal_ruling,7,1,.п,2,120,0,0,0,0,0,89,44.5
6656,1.625,,0.0,pupil_text,1,212.0,01031333372d7f40,e2e363deb1c16e495580df9f60d7d5df4a27f5ea,0.49594350961538464,43.0,255.0,87.63465568062598,64,0.9154801575280218,40,0.8461538461538461,/home/galetka/Documents/Programming/hi-csg-r/data/processed/school_notebooks/ocr_images/school_notebooks_val_0271518.png,word,,0.8461538461538461,,,3328.0,school_notebooks_val_0271518,val,very_short_text;foreground_heavy;probable_horizontal_ruling,7,1,на,2,120,0,0,0,0,0,104,52.0
5568,1.359375,,0.0,pupil_comment,1,190.0,589f030b4b530303,1295c98a6ebfe094e3e89178cfcef318122ac832,0.49874281609195403,65.0,255.0,79.36473475137012,64,0.9150162045372704,45,0.8160919540229885,/home/galetka/Documents/Programming/hi-csg-r/data/processed/school_notebooks/ocr_images/school_notebooks_train_0053683.png,word,,0.7701149425287356,,,2784.0,school_notebooks_train_0053683,train,very_short_text;foreground_heavy;probable_horizontal_ruling,7,1,.п,2,120,0,0,0,0,0,87,43.5
4096,1.0,,0.0,pupil_text,1,230.0,9f961f2f163d7b25,e7f725a825b552436b7d5831536935270a983276,0.3818359375,25.0,255.0,91.64881776836974,64,0.9149616368286445,44,0.6875,/home/galetka/Documents/Programming/hi-csg-r/data/processed/school_notebooks/ocr_images/school_notebooks_train_0230026.png,word,,0.578125,,,2048.0,school_notebooks_train_0230026,train,very_short_text;foreground_heavy;probable_horizontal_ruling,7,1,од,2,120,0,0,0,0,0,64,32.0
5312,1.296875,,0.0,pupil_text,1,227.0,263b3b63572f0381,9f552cc65a8287377364d851a2c511ef6d0ca8af,0.5907379518072289,28.0,255.0,82.79585893826368,64,0.91427660930529,49,0.8795180722891566,/home/galetka/Documents/Programming/hi-csg-r/data/processed/school_notebooks/ocr_images/school_notebooks_train_0175404.png,word,,0.8674698795180723,,,2656.0,school_notebooks_train_0175404,train,very_short_text;foreground_heavy;probable_horizontal_ruling,7,1,ел,2,120,0,0,0,0,0,83,41.5
4416,1.078125,,0.0,pupil_text,1,222.0,8e0b2b3337078625,401996fdfe34b8a60595d26b32d119270e848e4a,0.4771286231884058,32.0,254.0,92.49539475927837,64,0.9140958709065021,41,0.8260869565217391,/home/galetka/Documents/Programming/hi-csg-r/data/processed/school_notebooks/ocr_images/school_notebooks_train_0012028.png,word,,0.8260869565217391,,,2208.0,school_notebooks_train_0012028,train,very_short_text;foreground_heavy;probable_horizontal_ruling,7,1,из,2,120,0,0,0,0,0,69,34.5
4224,1.03125,,0.0,pupil_comment,1,211.0,0101191b3b138665,cecc88f6f58b508cf45df228f97f352751f4ebd6,0.47490530303030304,43.0,254.0,82.35148946230983,64,0.9137587238285144,41,0.8484848484848485,/home/galetka/Documents/Programming/hi-csg-r/data/processed/school_notebooks/ocr_images/school_notebooks_train_0216715.png,word,,0.8333333333333334,,,2112.0,school_notebooks_train_0216715,train,very_short_text;foreground_heavy;probable_horizontal_ruling,7,1,ч),2,120,0,0,0,0,0,66,33.0
6592,1.609375,,0.0,pupil_comment,1,184.0,343a793e27231d18,4eda8969fa4c4e78d8b1a31a0d76e0d013b77aad,0.43476941747572817,71.0,255.0,81.5363117881315,64,0.913119330076762,41,0.8640776699029126,/home/galetka/Documents/Programming/hi-csg-r/data/processed/school_notebooks/ocr_images/school_notebooks_val_0271535.png,word,,0.8155339805825242,,,3296.0,school_notebooks_val_0271535,val,very_short_text;foreground_heavy;probable_horizontal_ruling,7,1,пп,2,120,0,0,0,0,0,103,51.5
5504,1.34375,,0.0,pupil_comment,1,218.0,83131d1d1d2d3068,e42e63e607ba0361529c6b4d0fd7596dae578487,0.46911337209302323,36.0,254.0,83.93201721740715,64,0.9124709527498064,37,0.872093023255814,/home/galetka/Documents/Programming/hi-csg-r/data/processed/school_notebooks/ocr_images/school_notebooks_train_0222706.png,word,,0.872093023255814,,,2752.0,school_notebooks_train_0222706,train,very_short_text;foreground_heavy;probable_horizontal_ruling,7,1,п.,2,120,0,0,0,0,0,86,43.0
4096,1.0,,0.0,pupil_text,1,194.0,303e1e1e1e160603,1cead5f0b418b2ce05c37cfd575e3dd14f6456ce,0.39990234375,61.0,255.0,81.42356762126872,64,0.9120879120879121,42,0.6875,/home/galetka/Documents/Programming/hi-csg-r/data/processed/school_notebooks/ocr_images/school_notebooks_train_0201043.png,word,,0.671875,,,2048.0,school_notebooks_train_0201043,train,very_short_text;foreground_heavy;probable_horizontal_ruling,7,1,1.,2,120,0,0,0,0,0,64,32.0
4928,1.203125,,0.0,pupil_text,1,191.64999999999998,0c23232f1f979308,1feb7aef47353b94a1f03159d2c74acd248ec2c1,0.48457792207792205,63.35000000000002,255.0,82.49283322096325,64,0.9120603015075377,47,0.7662337662337663,/home/galetka/Documents/Programming/hi-csg-r/data/processed/school_notebooks/ocr_images/school_notebooks_train_0169139.png,word,,0.7662337662337663,,,2464.0,school_notebooks_train_0169139,train,very_short_text;foreground_heavy;probable_horizontal_ruling,7,1,но,2,120,0,0,0,0,0,77,38.5
5440,1.328125,,0.0,pupil_comment,1,223.05,703f1b130f070704,bf181629c55a810724637c532855b373fd5586b0,0.4698529411764706,31.94999999999999,255.0,89.97810584987502,64,0.9107981220657277,37,0.8588235294117647,/home/galetka/Documents/Programming/hi-csg-r/data/processed/school_notebooks/ocr_images/school_notebooks_train_0116831.png,word,,0.8470588235294118,,,2720.0,school_notebooks_train_0116831,train,very_short_text;foreground_heavy;probable_horizontal_ruling,7,1,жр,2,120,0,0,0,0,0,85,42.5
4864,1.1875,,0.0,pupil_comment,1,210.85,000387933b23275b,caafe123ea92f54173b378443fce1414a9a43468,0.43832236842105265,44.150000000000006,255.0,86.32770679923358,64,0.9104127579737336,42,0.7894736842105263,/home/galetka/Documents/Programming/hi-csg-r/data/processed/school_notebooks/ocr_images/school_notebooks_train_0222607.png,word,,0.6842105263157895,,,2432.0,school_notebooks_train_0222607,train,very_short_text;foreground_heavy;probable_horizontal_ruling,7,1,в.,2,120,0,0,0,0,0,76,38.0
6912,1.6875,,0.0,pupil_comment,1,211.0,303f565723332303,72f5959ddfa5c0248c9fdecb0142dbea634ac28b,0.44429976851851855,44.0,255.0,92.8238466687657,64,0.9101269944643439,40,0.8703703703703703,/home/galetka/Documents/Programming/hi-csg-r/data/processed/school_notebooks/ocr_images/school_notebooks_val_0271497.png,word,,0.7685185185185185,,,3456.0,school_notebooks_val_0271497,val,very_short_text;foreground_heavy;probable_horizontal_ruling,7,1,вп,2,120,0,0,0,0,0,108,54.0
7424,1.8125,,0.0,pupil_text,1,221.0,191c7723674b1101,9f75e39f2e5bde6113894dd8fae971b16adb0129,0.5414870689655172,33.0,254.0,85.67417138392797,64,0.9084577114427861,43,0.896551724137931,/home/galetka/Documents/Programming/hi-csg-r/data/processed/school_notebooks/ocr_images/school_notebooks_train_0223066.png,word,,0.8879310344827587,,,3712.0,school_notebooks_train_0223066,train,very_short_text;foreground_heavy;probable_horizontal_ruling,7,1,ки,2,120,0,0,0,0,0,116,58.0
6400,1.5625,,0.0,pupil_comment,1,204.0,420d0f2e1b2b3f00,2e24dc0ec187c96f63d4c67df7771990a566b0d3,0.37875,51.0,255.0,85.04044134317962,64,0.9084158415841584,35,0.84,/home/galetka/Documents/Programming/hi-csg-r/data/processed/school_notebooks/ocr_images/school_notebooks_train_0006771.png,word,,0.76,,,3200.0,school_notebooks_train_0006771,train,very_short_text;foreground_heavy;probable_horizontal_ruling,7,1,м.,2,120,0,0,0,0,0,100,50.0
4992,1.21875,,0.0,pupil_text,1,211.0,603e3e1f27034312,97c16437183d89e1476239b431f6f26a3f812b85,0.38341346153846156,44.0,255.0,88.81593505656456,64,0.9075235109717869,36,0.8076923076923077,/home/galetka/Documents/Programming/hi-csg-r/data/processed/school_notebooks/ocr_images/school_notebooks_val_0271521.png,word,,0.7948717948717948,,,2496.0,school_notebooks_val_0271521,val,very_short_text;foreground_heavy;probable_horizontal_ruling,7,1,он,2,120,0,0,0,0,0,78,39.0
4608,1.125,,0.0,pupil_comment,1,216.0,000617172f2f3f40,a90a110c2be4ed3aa54222ef591366af017945b8,0.3927951388888889,39.0,255.0,85.99380426050892,64,0.907182320441989,37,0.7638888888888888,/home/galetka/Documents/Programming/hi-csg-r/data/processed/school_notebooks/ocr_images/school_notebooks_train_0222608.png,word,,0.7638888888888888,,,2304.0,school_notebooks_train_0222608,train,very_short_text;foreground_heavy;probable_horizontal_ruling,7,1,п.,2,120,0,0,0,0,0,72,36.0
4096,1.0,,0.0,pupil_text,1,199.0,233323272b2b3f18,503fb352a470d306f2444db7db46aaaec05a2147,0.528564453125,56.0,255.0,79.0266654486238,64,0.9071593533487298,48,0.796875,/home/galetka/Documents/Programming/hi-csg-r/data/processed/school_notebooks/ocr_images/school_notebooks_train_0019177.png,word,,0.765625,,,2048.0,school_notebooks_train_0019177,train,very_short_text;foreground_heavy;probable_horizontal_ruling,7,1,in,2,120,0,0,0,0,0,64,32.0
5120,1.25,,0.0,pupil_text,1,206.0,4e8f173f2f5e3936,b0998bf78336a52662fee805ee3058522434284e,0.424609375,49.0,255.0,85.4127564738881,64,0.9070837166513339,42,0.85,/home/galetka/Documents/Programming/hi-csg-r/data/processed/school_notebooks/ocr_images/school_notebooks_val_0273175.png,word,,0.725,,,2560.0,school_notebooks_val_0273175,val,very_short_text;foreground_heavy;probable_horizontal_ruling,7,1,не,2,120,0,0,0,0,0,80,40.0
8832,2.15625,,0.0,pupil_comment,1,196.0,200103230f3e7186,4cb90e33b4f6045fef1015cc69a4320b1f3905df,0.37398097826086957,59.0,255.0,83.47676572950381,64,0.9064486830154405,32,0.8478260869565217,/home/galetka/Documents/Programming/hi-csg-r/data/processed/school_notebooks/ocr_images/school_notebooks_train_0150622.png,word,,0.8260869565217391,,,4416.0,school_notebooks_train_0150622,train,very_short_text;foreground_heavy;probable_horizontal_ruling,7,1,гл,2,120,0,0,0,0,0,138,69.0
4544,1.109375,,0.0,pupil_comment,1,202.0,001e8f0b2b0b0140,fe2d8016fd6d47692c34e60b0222291bf42e57dd,0.383362676056338,53.0,255.0,82.07335957374096,64,0.9052812858783008,37,0.7464788732394366,/home/galetka/Documents/Programming/hi-csg-r/data/processed/school_notebooks/ocr_images/school_notebooks_train_0187557.png,word,,0.7183098591549296,,,2272.0,school_notebooks_train_0187557,train,very_short_text;foreground_heavy;probable_horizontal_ruling,7,1,.п,2,120,0,0,0,0,0,71,35.5
4096,1.0,,0.0,pupil_text,1,201.25,1a1a3c2e67372706,95c7695c20ade0e525a6b26f63ed1e359a35e643,0.45068359375,53.75,255.0,80.81110193786843,64,0.90465872156013,45,0.703125,/home/galetka/Documents/Programming/hi-csg-r/data/processed/school_notebooks/ocr_images/school_notebooks_train_0177656.png,word,,0.703125,,,2048.0,school_notebooks_train_0177656,train,very_short_text;foreground_heavy;probable_horizontal_ruling,7,1,во,2,120,0,0,0,0,0,64,32.0
4224,1.03125,,0.0,pupil_comment,1,223.0,4b2713331b070702,b83b70c92d80e54eb1375d29db0c9480cb21532c,0.4303977272727273,32.0,255.0,89.48180609875341,64,0.9042904290429042,41,0.7575757575757576,/home/galetka/Documents/Programming/hi-csg-r/data/processed/school_notebooks/ocr_images/school_notebooks_train_0178639.png,word,,0.6818181818181818,,,2112.0,school_notebooks_train_0178639,train,very_short_text;foreground_heavy;probable_horizontal_ruling,7,1,ед,2,120,0,0,0,0,0,66,33.0
7808,1.90625,,0.0,pupil_comment,1,214.0,203f2f294b1b2d60,58c4fe29113665c89063527be29dcdd4a95d7684,0.5073002049180327,41.0,255.0,84.64661396747323,64,0.9038121686442817,42,0.860655737704918,/home/galetka/Documents/Programming/hi-csg-r/data/processed/school_notebooks/ocr_images/school_notebooks_train_0222193.png,word,,0.8114754098360656,,,3904.0,school_notebooks_train_0222193,train,very_short_text;foreground_heavy;probable_horizontal_ruling,7,1,им,2,120,0,0,0,0,0,122,61.0
4160,1.015625,,0.0,pupil_text,1,201.04999999999998,2427438d17370f0c,23a0cee2a8e2ffad67407fda8db41e60df27cf2a,0.4168269230769231,53.95000000000002,255.0,83.2672397709543,64,0.9036908881199539,40,0.8307692307692308,/home/galetka/Documents/Programming/hi-csg-r/data/processed/school_notebooks/ocr_images/school_notebooks_val_0269799.png,word,,0.7846153846153846,,,2080.0,school_notebooks_val_0269799,val,very_short_text;foreground_heavy;probable_horizontal_ruling,7,1,во,2,120,0,0,0,0,0,65,32.5
6528,1.59375,,0.0,pupil_text,1,204.0,251933272b0b4726,929fb5e8db2f3e6184963c9ae48ef4a42389095f,0.515625,51.0,255.0,83.24480657015054,64,0.9025549613784908,45,0.8431372549019608,/home/galetka/Documents/Programming/hi-csg-r/data/processed/school_notebooks/ocr_images/school_notebooks_train_0163042.png,word,,0.7058823529411765,,,3264.0,school_notebooks_train_0163042,train,very_short_text;foreground_heavy;probable_horizontal_ruling,7,1,по,2,120,0,0,0,0,0,102,51.0
5888,1.4375,,0.0,pupil_text,1,192.0,071d19133e7d322c,66237f99fb7bd596f36049c09e72acde2e7a9dbb,0.4507472826086957,63.0,255.0,83.28907268368519,64,0.9024114544084401,42,0.9130434782608695,/home/galetka/Documents/Programming/hi-csg-r/data/processed/school_notebooks/ocr_images/school_notebooks_train_0027551.png,word,,0.7391304347826086,,,2944.0,school_notebooks_train_0027551,train,very_short_text;foreground_heavy;probable_horizontal_ruling,7,1,у-,2,120,0,0,0,0,0,92,46.0
9536,2.328125,,0.0,pupil_text,1,202.0,303f1b3343535303,0525583b66ace9e5a7b446312e70d6bad2d216e7,0.5597734899328859,53.0,255.0,80.61698758295236,64,0.9001498688647434,42,0.8993288590604027,/home/galetka/Documents/Programming/hi-csg-r/data/processed/school_notebooks/ocr_images/school_notebooks_train_0150613.png,word,,0.825503355704698,,,4768.0,school_notebooks_train_0150613,train,very_short_text;foreground_heavy;probable_horizontal_ruling,7,1,на,2,120,0,0,0,0,0,149,74.5
7616,1.859375,,0.0,pupil_comment,1,203.0,880f1b5b39337209,75bda2262913cce0c995f7508ab73a144fb031d2,0.4254201680672269,52.0,255.0,88.60995170305637,64,0.9,34,0.8823529411764706,/home/galetka/Documents/Programming/hi-csg-r/data/processed/school_notebooks/ocr_images/school_notebooks_val_0271536.png,word,,0.8487394957983193,,,3808.0,school_notebooks_val_0271536,val,very_short_text;foreground_heavy;probable_horizontal_ruling,7,1,жр,2,120,0,0,0,0,0,119,59.5
5248,1.28125,,0.0,pupil_text,1,206.0,000333332f167e00,501b6568d04bd6794decc307e73f282f21366f03,0.4333079268292683,49.0,255.0,90.07416899742778,64,0.8979771328056289,41,0.7682926829268293,/home/galetka/Documents/Programming/hi-csg-r/data/processed/school_notebooks/ocr_images/school_notebooks_train_0154434.png,word,,0.7439024390243902,,,2624.0,school_notebooks_train_0154434,train,very_short_text;foreground_heavy;probable_horizontal_ruling,7,1,по,2,120,0,0,0,0,0,82,41.0
4096,1.0,,0.0,pupil_text,1,212.0,9e8e2d193e6f3b30,bc6534969da914890a86a0bcb4bab8484cb699f5,0.39453125,43.0,255.0,84.15004800543262,64,0.8972772277227723,43,0.765625,/home/galetka/Documents/Programming/hi-csg-r/data/processed/school_notebooks/ocr_images/school_notebooks_train_0241142.png,word,,0.765625,,,2048.0,school_notebooks_train_0241142,train,very_short_text;foreground_heavy;probable_horizontal_ruling,7,1,н.,2,120,0,0,0,0,0,64,32.0
8128,1.984375,,0.02140962485790072,pupil_text,3,214.0,fe17958b3595bff8,ed51e6ee4bec97010da1c2a34981ba2532319bcf,0.6493602362204725,40.0,254.0,71.36494088051087,64,0.8971201212580523,48,0.9763779527559056,/home/galetka/Documents/Programming/hi-csg-r/data/processed/school_notebooks/ocr_images/school_notebooks_train_0162908.png,word,,0.968503937007874,,,4064.0,school_notebooks_train_0162908,train,very_short_text;foreground_heavy;probable_horizontal_ruling,7,1,м-,2,120,0,1,0,0,1,127,63.5
4736,1.15625,,0.0,pupil_text,1,214.0,0c1f2f0d112b2f3c,53bf8c647332788231e7a47aff7771fa5887bc76,0.5392736486486487,41.0,255.0,82.57721586614142,64,0.8966327329678935,48,0.8783783783783784,/home/galetka/Documents/Programming/hi-csg-r/data/processed/school_notebooks/ocr_images/school_notebooks_val_0285941.png,word,,0.8378378378378378,,,2368.0,school_notebooks_val_0285941,val,very_short_text;foreground_heavy;probable_horizontal_ruling,7,1,им,2,120,0,0,0,0,0,74,37.0
4096,1.0,,0.0,pupil_text,1,188.0,44703d1d56171f8c,f8bb89bf00d71dd357c994a7e162bd86a5521e78,0.380859375,67.0,255.0,81.4255567914029,64,0.8961538461538462,39,0.75,/home/galetka/Documents/Programming/hi-csg-r/data/processed/school_notebooks/ocr_images/school_notebooks_train_0207657.png,word,,0.65625,,,2048.0,school_notebooks_train_0207657,train,very_short_text;foreground_heavy;probable_horizontal_ruling,7,1,3.,2,120,0,0,0,0,0,64,32.0
5056,1.234375,,0.0,pupil_text,1,229.0,213c1f3b750f0686,2b73a4f38bdfb0ae71b071190907a7baf9d68de4,0.4341376582278481,26.0,255.0,90.11590738113242,64,0.896127562642369,36,0.8481012658227848,/home/galetka/Documents/Programming/hi-csg-r/data/processed/school_notebooks/ocr_images/school_notebooks_train_0236779.png,word,,0.8227848101265823,,,2528.0,school_notebooks_train_0236779,train,very_short_text;foreground_heavy;probable_horizontal_ruling,7,1,по,2,120,0,0,0,0,0,79,39.5
4288,1.046875,,0.0,pupil_text,1,205.0,5c8f850f0b230706,f77561bc3b472f58d3addfd71616a148823c225a,0.43260261194029853,49.0,254.0,80.73667473760399,64,0.8959568733153639,45,0.8507462686567164,/home/galetka/Documents/Programming/hi-csg-r/data/processed/school_notebooks/ocr_images/school_notebooks_train_0218715.png,word,,0.6865671641791045,,,2144.0,school_notebooks_train_0218715,train,very_short_text;foreground_heavy;probable_horizontal_ruling,7,1,4.,2,120,0,0,0,0,0,67,33.5
4544,1.109375,,0.0,teacher_comment,1,169.0,01034397051d0303,8b5de265acd00fdf30b05e6a4b5937d5b8179a76,0.4819542253521127,86.0,255.0,76.80319884017099,64,0.8949771689497716,42,0.9014084507042254,/home/galetka/Documents/Programming/hi-csg-r/data/processed/school_notebooks/ocr_images/school_notebooks_train_0085061.png,word,,0.8028169014084507,,,2272.0,school_notebooks_train_0085061,train,very_short_text;foreground_heavy;probable_horizontal_ruling,7,1,3.,2,120,0,0,0,0,0,71,35.5
4864,1.1875,,0.0,pupil_text,1,198.0,4b332b2b03813309,31d92881a312970ac327dc8ff38c3e290961ce72,0.4360608552631579,56.0,254.0,83.65526506864694,64,0.8948609146628949,38,0.8157894736842105,/home/galetka/Documents/Programming/hi-csg-r/data/processed/school_notebooks/ocr_images/school_notebooks_train_0086661.png,word,,0.75,,,2432.0,school_notebooks_train_0086661,train,very_short_text;foreground_heavy;probable_horizontal_ruling,7,1,из,2,120,0,0,0,0,0,76,38.0
5184,1.265625,,0.0,teacher_comment,1,201.84999999999997,27478b91373e7966,5e9bbf531eda80778d682e00fb6525c4f7aa1214,0.3923611111111111,53.150000000000034,255.0,88.50841681303082,64,0.8947885939036382,42,0.9012345679012346,/home/galetka/Documents/Programming/hi-csg-r/data/processed/school_notebooks/ocr_images/school_notebooks_train_0062795.png,word,,0.7407407407407407,,,2592.0,school_notebooks_train_0062795,train,very_short_text;foreground_heavy;probable_horizontal_ruling,7,1,5-,2,120,0,0,0,0,0,81,40.5
4352,1.0625,,0.0,pupil_text,1,209.0,032b33130f1f38b5,6e268763703427a32eb31ac44f24f9d0bc29ecc2,0.5078125,46.0,255.0,89.44608953762861,64,0.8945701357466064,40,0.8823529411764706,/home/galetka/Documents/Programming/hi-csg-r/data/processed/school_notebooks/ocr_images/school_notebooks_train_0207479.png,word,,0.8382352941176471,,,2176.0,school_notebooks_train_0207479,train,very_short_text;foreground_heavy;probable_horizontal_ruling,7,1,за,2,120,0,0,0,0,0,68,34.0
4672,1.140625,,0.0,pupil_comment,1,201.0,0e075f17333b3021,6aaf829ad92c6a309d7550aff385f13d06d20692,0.421875,54.0,255.0,83.56130873672247,64,0.8939624556062912,38,0.8082191780821918,/home/galetka/Documents/Programming/hi-csg-r/data/processed/school_notebooks/ocr_images/school_notebooks_train_0225145.png,word,,0.7534246575342466,,,2336.0,school_notebooks_train_0225145,train,very_short_text;foreground_heavy;probable_horizontal_ruling,7,1,.р,2,120,0,0,0,0,0,73,36.5
4800,1.171875,,0.0,pupil_text,1,200.0,4e0b9b0b3f3c736c,383715e5c53ecb5e65ddd12bab861609d7a861bd,0.398125,55.0,255.0,85.59635210539057,64,0.8932496075353218,41,0.8266666666666667,/home/galetka/Documents/Programming/hi-csg-r/data/processed/school_notebooks/ocr_images/school_notebooks_train_0027537.png,word,,0.7066666666666667,,,2400.0,school_notebooks_train_0027537,train,very_short_text;foreground_heavy;probable_horizontal_ruling,7,1,р-,2,120,0,0,0,0,0,75,37.5
4096,1.0,,0.0,pupil_text,1,215.0,9f072f3e3e0e3e30,e4f4ffd9ee35d0a77e5f65639193dba57ec74be4,0.35107421875,40.0,255.0,84.84107753837131,64,0.8915159944367177,36,0.640625,/home/galetka/Documents/Programming/hi-csg-r/data/processed/school_notebooks/ocr_images/school_notebooks_train_0193639.png,word,,0.609375,,,2048.0,school_notebooks_train_0193639,train,very_short_text;foreground_heavy;probable_horizontal_ruling,7,1,но,2,120,0,0,0,0,0,64,32.0
4352,1.0625,,0.0,pupil_text,1,213.0,0c0f330b37231306,071282ab76203ba7607422afea36990235096756,0.4749540441176471,42.0,255.0,83.84277237763933,64,0.8896952104499274,45,0.7941176470588235,/home/galetka/Documents/Programming/hi-csg-r/data/processed/school_notebooks/ocr_images/school_notebooks_train_0179769.png,word,,0.75,,,2176.0,school_notebooks_train_0179769,train,very_short_text;foreground_heavy;probable_horizontal_ruling,7,1,не,2,120,0,0,0,0,0,68,34.0
6464,1.578125,,0.0,pupil_text,1,195.0,43272f0f4b5b4501,2c4548cf224d13bb9b7dbfb363485cdd01c8ea40,0.5445544554455446,60.0,255.0,80.31108761508129,64,0.8892045454545454,46,0.8415841584158416,/home/galetka/Documents/Programming/hi-csg-r/data/processed/school_notebooks/ocr_images/school_notebooks_train_0159592.png,word,,0.8415841584158416,,,3232.0,school_notebooks_train_0159592,train,very_short_text;foreground_heavy;probable_horizontal_ruling,7,1,он,2,120,0,0,0,0,0,101,50.5
4096,1.0,,0.0,pupil_text,1,207.0,807a393c3f2b232b,70200f70b3049a9c713628ebd0f595f0289265d4,0.361328125,48.0,255.0,83.01993017594855,64,0.8878378378378379,36,0.734375,/home/galetka/Documents/Programming/hi-csg-r/data/processed/school_notebooks/ocr_images/school_notebooks_train_0153572.png,word,,0.734375,,,2048.0,school_notebooks_train_0153572,train,very_short_text;foreground_heavy;probable_horizontal_ruling,7,1,к.,2,120,0,0,0,0,0,64,32.0
7744,1.890625,,0.0,teacher_comment,1,218.0,403b3b332b2f7803,bc33b4f4951980c7084076d2d683bbd10cb19663,0.37667871900826444,37.0,255.0,88.10350229047435,64,0.887555707919095,30,0.8016528925619835,/home/galetka/Documents/Programming/hi-csg-r/data/processed/school_notebooks/ocr_images/school_notebooks_val_0277376.png,word,,0.7851239669421488,,,3872.0,school_notebooks_val_0277376,val,very_short_text;foreground_heavy;probable_horizontal_ruling,7,1,по,2,120,0,0,0,0,0,121,60.5
4096,1.0,,0.0,pupil_text,1,183.0,0c2f332327230301,128c83d3327c66fc2b0e7c9d9802e8f06ef9b273,0.5390625,72.0,255.0,75.47846775041074,64,0.8872282608695652,48,0.78125,/home/galetka/Documents/Programming/hi-csg-r/data/processed/school_notebooks/ocr_images/school_notebooks_train_0019529.png,word,,0.765625,,,2048.0,school_notebooks_train_0019529,train,very_short_text;foreground_heavy;probable_horizontal_ruling,7,1,is,2,120,0,0,0,0,0,64,32.0
5440,1.328125,,0.0,pupil_text,1,209.0,000f3717272b3b00,f321caa318c3695bec61a56c13900e28ebe8cf98,0.3830882352941177,46.0,255.0,84.45988746556134,64,0.8867562380038387,34,0.7647058823529411,/home/galetka/Documents/Programming/hi-csg-r/data/processed/school_notebooks/ocr_images/school_notebooks_train_0179388.png,word,,0.7647058823529411,,,2720.0,school_notebooks_train_0179388,train,very_short_text;foreground_heavy;probable_horizontal_ruling,7,1,не,2,120,0,0,0,0,0,85,42.5
5248,1.28125,,0.0,pupil_text,1,209.0,0123232f256b3f1c,432656a23e5f9e426cb571b374d84a3ddf143569,0.5762195121951219,45.0,254.0,79.4555873463627,64,0.8852513227513228,47,0.8536585365853658,/home/galetka/Documents/Programming/hi-csg-r/data/processed/school_notebooks/ocr_images/school_notebooks_train_0176982.png,word,,0.8292682926829268,,,2624.0,school_notebooks_train_0176982,train,very_short_text;foreground_heavy;probable_horizontal_ruling,7,1,не,2,120,0,0,0,0,0,82,41.0
4864,1.1875,,0.0,pupil_comment,1,204.0,220c0f37132f2713,091f9af64062c30d971ec18d55b9228900b18d64,0.4165296052631579,51.0,255.0,83.74728567767322,64,0.8835143139190523,38,0.7894736842105263,/home/galetka/Documents/Programming/hi-csg-r/data/processed/school_notebooks/ocr_images/school_notebooks_train_0109362.png,word,,0.7894736842105263,,,2432.0,school_notebooks_train_0109362,train,very_short_text;foreground_heavy;probable_horizontal_ruling,7,1,10,2,120,0,0,0,0,0,76,38.0
5504,1.34375,,0.0,pupil_comment,1,198.0,891e1f0d253b3b81,7db8f8a337042124d08beff41ffe93171aea22ff,0.46075581395348836,56.0,254.0,81.42931208122859,64,0.8824921135646687,37,0.8488372093023255,/home/galetka/Documents/Programming/hi-csg-r/data/processed/school_notebooks/ocr_images/school_notebooks_train_0225230.png,word,,0.813953488372093,,,2752.0,school_notebooks_train_0225230,train,very_short_text;foreground_heavy;probable_horizontal_ruling,7,1,р.,2,120,0,0,0,0,0,86,43.0
6080,1.484375,,0.0,pupil_comment,1,217.0,2c2e6f2b43273c33,6edc4e433a29eee9b2eb5ab76eadba53b2e3c875,0.46792763157894735,38.0,255.0,88.62084353190237,64,0.8822495606326889,42,0.8210526315789474,/home/galetka/Documents/Programming/hi-csg-r/data/processed/school_notebooks/ocr_images/school_notebooks_train_0222195.png,word,,0.8210526315789474,,,3040.0,school_notebooks_train_0222195,train,very_short_text;foreground_heavy;probable_horizontal_ruling,7,1,им,2,120,0,0,0,0,0,95,47.5
4096,1.0,,0.0,pupil_text,1,176.0,7e2e2d2d3d5a5a1a,e49a2c1d337fcae6679194b2e1c972ffde7a3439,0.38232421875,79.0,255.0,76.69430262948072,64,0.8818646232439336,48,0.59375,/home/galetka/Documents/Programming/hi-csg-r/data/processed/school_notebooks/ocr_images/school_notebooks_train_0218720.png,word,,0.546875,,,2048.0,school_notebooks_train_0218720,train,very_short_text;foreground_heavy;probable_horizontal_ruling,7,1,3.,2,120,0,0,0,0,0,64,32.0
4288,1.046875,,0.0,pupil_text,1,216.0,3c1f372f2b0f3756,87d91158686c23d8ce5fe6ff0f874c80a6a49ba3,0.5293843283582089,39.0,255.0,85.08695050348878,64,0.8801762114537445,45,0.8208955223880597,/home/galetka/Documents/Programming/hi-csg-r/data/processed/school_notebooks/ocr_images/school_notebooks_train_0228896.png,word,,0.746268656716418,,,2144.0,school_notebooks_train_0228896,train,very_short_text;foreground_heavy;probable_horizontal_ruling,7,1,не,2,120,0,0,0,0,0,67,33.5
4672,1.140625,,0.0,pupil_text,1,234.0,b01f2b1b37032f3c,c7bc751179de907cc2b8072a2b7ea2947cc7286a,0.5288955479452054,21.0,255.0,87.78566752015975,64,0.8789963577498988,45,0.8356164383561644,/home/galetka/Documents/Programming/hi-csg-r/data/processed/school_notebooks/ocr_images/school_notebooks_train_0227192.png,word,,0.8356164383561644,,,2336.0,school_notebooks_train_0227192,train,very_short_text;foreground_heavy;probable_horizontal_ruling,7,1,не,2,120,0,0,0,0,0,73,36.5
5184,1.265625,,0.0,pupil_text,1,198.0,1d433535656b7d7f,c9326fa989fc8a09b533dc1f9cbea3f4b6c52167,0.6645447530864198,57.0,255.0,72.13516471668359,64,0.8786647314949202,50,0.8765432098765432,/home/galetka/Documents/Programming/hi-csg-r/data/processed/school_notebooks/ocr_images/school_notebooks_train_0142142.png,word,,0.8765432098765432,,,2592.0,school_notebooks_train_0142142,train,very_short_text;foreground_heavy;probable_horizontal_ruling,7,1,по,2,120,0,0,0,0,0,81,40.5
5184,1.265625,,0.0,pupil_comment,1,213.0,02199e172f6b3f40,3ebd5529e11d2bef03e5c061ee8fb8ce1dd6ef55,0.4066358024691358,42.0,255.0,84.5690185750269,64,0.8761859582542695,35,0.8024691358024691,/home/galetka/Documents/Programming/hi-csg-r/data/processed/school_notebooks/ocr_images/school_notebooks_train_0222494.png,word,,0.8024691358024691,,,2592.0,school_notebooks_train_0222494,train,very_short_text;foreground_heavy;probable_horizontal_ruling,7,1,п.,2,120,0,0,0,0,0,81,40.5
7488,1.828125,,0.0,pupil_text,2,195.0,200117332b394101,ad75663e5d93b8c180b0269380e89d24664c46e4,0.4110576923076923,60.0,255.0,81.27591739825993,64,0.8739441195581547,34,0.8632478632478633,/home/galetka/Documents/Programming/hi-csg-r/data/processed/school_notebooks/ocr_images/school_notebooks_train_0032944.png,word,,0.8632478632478633,,,3744.0,school_notebooks_train_0032944,train,very_short_text;foreground_heavy;probable_horizontal_ruling,7,1,от,2,120,0,0,0,0,0,117,58.5
5120,1.25,,0.0,pupil_text,1,216.0,000d2d2e2f2b2300,ac5e7622d4dc2514425d664cee0b908057f24f94,0.352734375,39.0,255.0,88.82797833857175,64,0.8732004429678848,38,0.7625,/home/galetka/Documents/Programming/hi-csg-r/data/processed/school_notebooks/ocr_images/school_notebooks_train_0169750.png,word,,0.6625,,,2560.0,school_notebooks_train_0169750,train,very_short_text;foreground_heavy;probable_horizontal_ruling,7,1,на,2,120,0,0,0,0,0,80,40.0
5824,1.421875,,0.0,pupil_text,1,215.0,478337154d372f0c,79b58292a685fc5be640bd6310f14443a3f15b36,0.5695398351648352,40.0,255.0,79.99015021640112,64,0.8712692191739524,49,0.8791208791208791,/home/galetka/Documents/Programming/hi-csg-r/data/processed/school_notebooks/ocr_images/school_notebooks_train_0126481.png,word,,0.8461538461538461,,,2912.0,school_notebooks_train_0126481,train,very_short_text;foreground_heavy;probable_horizontal_ruling,7,1,от,2,120,0,0,0,0,0,91,45.5
4352,1.0625,,0.0,pupil_text,1,216.0,1e0d2f1b374b6366,ed026f11dcfb29eeaff3bf5b5c9df801164782b6,0.47909007352941174,39.0,255.0,85.44170577234932,64,0.8709832134292566,44,0.8676470588235294,/home/galetka/Documents/Programming/hi-csg-r/data/processed/school_notebooks/ocr_images/school_notebooks_train_0240949.png,word,,0.8676470588235294,,,2176.0,school_notebooks_train_0240949,train,very_short_text;foreground_heavy;probable_horizontal_ruling,7,1,на,2,120,0,0,0,0,0,68,34.0
4096,1.0,,0.0,pupil_text,1,208.0,1d2d2e4f13270703,00b6e09179a81fc0a8e8d556d50a6cbdf9fe3e4a,0.53662109375,47.0,255.0,80.05192722987034,64,0.8689717925386715,51,0.796875,/home/galetka/Documents/Programming/hi-csg-r/data/processed/school_notebooks/ocr_images/school_notebooks_train_0177270.png,word,,0.796875,,,2048.0,school_notebooks_train_0177270,train,very_short_text;foreground_heavy;probable_horizontal_ruling,7,1,не,2,120,0,0,0,0,0,64,32.0
4160,1.015625,,0.0,pupil_comment,1,203.0,0c0e0f1d199b4306,a235e50541468e5aae75b248acb67e3063e64c44,0.44471153846153844,52.0,255.0,84.18907604266,64,0.8675675675675676,40,0.8153846153846154,/home/galetka/Documents/Programming/hi-csg-r/data/processed/school_notebooks/ocr_images/school_notebooks_train_0225215.png,word,,0.7538461538461538,,,2080.0,school_notebooks_train_0225215,train,very_short_text;foreground_heavy;probable_horizontal_ruling,7,1,п.,2,120,0,0,0,0,0,65,32.5
7744,1.890625,,0.0,pupil_text,1,189.84999999999997,7f5b1b2b271b119f,c678f467a496322016dc983e46fccd7d9d38e280,0.622029958677686,65.15000000000003,255.0,74.22398841903211,64,0.8667220261573594,51,0.9256198347107438,/home/galetka/Documents/Programming/hi-csg-r/data/processed/school_notebooks/ocr_images/school_notebooks_train_0218529.png,word,,0.7768595041322314,,,3872.0,school_notebooks_train_0218529,train,very_short_text;foreground_heavy;probable_horizontal_ruling,7,1,уж,2,120,0,0,0,0,0,121,60.5
4096,1.0,,0.0,pupil_text,1,221.0,109a1d3c37333e78,18dacc98efc165fa1956cd73a51ad86585f8fae0,0.35498046875,34.0,255.0,87.92708086025013,64,0.8638239339752407,35,0.75,/home/galetka/Documents/Programming/hi-csg-r/data/processed/school_notebooks/ocr_images/school_notebooks_train_0027571.png,word,,0.734375,,,2048.0,school_notebooks_train_0027571,train,very_short_text;foreground_heavy;probable_horizontal_ruling,7,1,к-,2,120,0,0,0,0,0,64,32.0
5632,1.375,,0.0,pupil_text,1,223.0,24478b192f172f7b,d696828100cc24872e8d099b1f5345464cd9d9cb,0.48401988636363635,32.0,255.0,84.58628971765512,64,0.863536316947909,42,0.875,/home/galetka/Documents/Programming/hi-csg-r/data/processed/school_notebooks/ocr_images/school_notebooks_train_0207104.png,word,,0.7272727272727273,,,2816.0,school_notebooks_train_0207104,train,very_short_text;foreground_heavy;probable_horizontal_ruling,7,1,об,2,120,0,0,0,0,0,88,44.0
4672,1.140625,,0.0,pupil_comment,1,216.0,26990e0f17030363,f3a263beb18e8bde06843c4c692219c720dca4e2,0.3538099315068493,39.0,255.0,90.01501352471493,64,0.8632788868723533,32,0.8082191780821918,/home/galetka/Documents/Programming/hi-csg-r/data/processed/school_notebooks/ocr_images/school_notebooks_train_0165913.png,word,,0.7808219178082192,,,2336.0,school_notebooks_train_0165913,train,very_short_text;foreground_heavy;probable_horizontal_ruling,7,1,ж.,2,120,0,0,0,0,0,73,36.5
8896,2.171875,,0.0,pupil_comment,1,224.0,0053631d17373211,9ddfb0e605a0c123b3e0908cb249eb76d5759bc9,0.45076438848920863,31.0,255.0,96.97007853201764,64,0.8623441396508729,31,0.8920863309352518,/home/galetka/Documents/Programming/hi-csg-r/data/processed/school_notebooks/ocr_images/school_notebooks_val_0271493.png,word,,0.8776978417266187,,,4448.0,school_notebooks_val_0271493,val,very_short_text;foreground_heavy;probable_horizontal_ruling,7,1,жр,2,120,0,0,0,0,0,139,69.5
5120,1.25,,0.0,pupil_text,1,196.04999999999998,9f9f0d0d13233b0b,45c465db60434cd06ec9ab46bfa83a93b0c2938f,0.551953125,58.95000000000002,255.0,76.48289222260344,64,0.861995753715499,51,0.8625,/home/galetka/Documents/Programming/hi-csg-r/data/processed/school_notebooks/ocr_images/school_notebooks_train_0217716.png,word,,0.775,,,2560.0,school_notebooks_train_0217716,train,very_short_text;foreground_heavy;probable_horizontal_ruling,7,1,по,2,120,0,0,0,0,0,80,40.0
6784,1.65625,,0.0,pupil_text,1,190.0,114303134b0b1f10,08f02858341f60e27268193aa085d7dc958442b4,0.4209905660377358,65.0,255.0,79.17368297495376,64,0.8581932773109243,34,0.8679245283018868,/home/galetka/Documents/Programming/hi-csg-r/data/processed/school_notebooks/ocr_images/school_notebooks_test_0321498.png,word,,0.8490566037735849,,,3392.0,school_notebooks_test_0321498,test,very_short_text;foreground_heavy;probable_horizontal_ruling,7,1,"""и",2,120,0,0,0,0,0,106,53.0
5312,1.296875,,0.0,pupil_text,1,218.0,0109411b230b1f3c,fc8162000268f11f7f026a96cac45d997446dab3,0.4348644578313253,37.0,255.0,93.32848731929462,64,0.8567099567099568,33,0.8554216867469879,/home/galetka/Documents/Programming/hi-csg-r/data/processed/school_notebooks/ocr_images/school_notebooks_train_0207513.png,word,,0.8554216867469879,,,2656.0,school_notebooks_train_0207513,train,very_short_text;foreground_heavy;probable_horizontal_ruling,7,1,об,2,120,0,0,0,0,0,83,41.5
5888,1.4375,,0.0,pupil_text,1,217.0,181f13373e397668,e0b7815afa1bb19c23061be72267cf14699d7984,0.399116847826087,38.0,255.0,83.03454428692099,64,0.8565957446808511,39,0.8913043478260869,/home/galetka/Documents/Programming/hi-csg-r/data/processed/school_notebooks/ocr_images/school_notebooks_train_0237171.png,word,,0.8260869565217391,,,2944.0,school_notebooks_train_0237171,train,very_short_text;foreground_heavy;probable_horizontal_ruling,7,1,3-,2,120,0,0,0,0,0,92,46.0
5632,1.375,,0.0,pupil_comment,1,203.45,85062b2b2f237148,4b775de80e140bc97566655b549566440c40bf15,0.46715198863636365,51.55000000000001,255.0,85.85820711498621,64,0.8555682250095021,35,0.8636363636363636,/home/galetka/Documents/Programming/hi-csg-r/data/processed/school_notebooks/ocr_images/school_notebooks_train_0069785.png,word,,0.8636363636363636,,,2816.0,school_notebooks_train_0069785,train,very_short_text;foreground_heavy;probable_horizontal_ruling,7,1,.п,2,120,0,0,0,0,0,88,44.0
5312,1.296875,,0.0,pupil_text,1,215.0,3c2f53572b038706,ad525516fd40f727f42d4b9b29e8940e0b4a91cc,0.4894578313253012,40.0,255.0,84.41795918302019,64,0.8553846153846154,38,0.8795180722891566,/home/galetka/Documents/Programming/hi-csg-r/data/processed/school_notebooks/ocr_images/school_notebooks_train_0225336.png,word,,0.8674698795180723,,,2656.0,school_notebooks_train_0225336,train,very_short_text;foreground_heavy;probable_horizontal_ruling,7,1,из,2,120,0,0,0,0,0,83,41.5
4992,1.21875,,0.0,pupil_text,1,193.0,0d0e1b3505133f78,53635d50b1435c9e6fbf8348bcbc3b619bbbb2e5,0.5102163461538461,62.0,255.0,80.36717720767935,64,0.8492343934040048,42,0.8461538461538461,/home/galetka/Documents/Programming/hi-csg-r/data/processed/school_notebooks/ocr_images/school_notebooks_test_0321911.png,word,,0.8076923076923077,,,2496.0,school_notebooks_test_0321911,test,very_short_text;foreground_heavy;probable_horizontal_ruling,7,1,но,2,120,0,0,0,0,0,78,39.0
5056,1.234375,,0.0,pupil_text,1,214.0,002f0717272b3f10,e8d381f50fd01957cd0c33126b5c9db59272a0fc,0.44462025316455694,41.0,255.0,84.64804006029229,64,0.8469750889679716,43,0.759493670886076,/home/galetka/Documents/Programming/hi-csg-r/data/processed/school_notebooks/ocr_images/school_notebooks_train_0179759.png,word,,0.7341772151898734,,,2528.0,school_notebooks_train_0179759,train,very_short_text;foreground_heavy;probable_horizontal_ruling,7,1,не,2,120,0,0,0,0,0,79,39.5
4096,1.0,,0.0,pupil_text,1,198.0,162743870b133730,f03f98affffaf730e31958c769cdae8fd19fd45a,0.395751953125,57.0,255.0,80.8144407898555,64,0.8451573103022826,40,0.8125,/home/galetka/Documents/Programming/hi-csg-r/data/processed/school_notebooks/ocr_images/school_notebooks_val_0289796.png,word,,0.765625,,,2048.0,school_notebooks_val_0289796,val,very_short_text;foreground_heavy;probable_horizontal_ruling,7,1,но,2,120,0,0,0,0,0,64,32.0
4096,1.0,,0.00196078431372549,teacher_comment,1,204.0,9a1d2d2d5d4e3e30,038caa9577029181aec462b42f1e33ae889390a0,0.37353515625,51.0,255.0,85.83136659636634,64,0.8450980392156863,41,0.65625,/home/galetka/Documents/Programming/hi-csg-r/data/processed/school_notebooks/ocr_images/school_notebooks_train_0166046.png,word,,0.625,,,2048.0,school_notebooks_train_0166046,train,very_short_text;foreground_heavy;probable_horizontal_ruling,7,1,4.,2,120,0,0,0,0,0,64,32.0
7936,1.9375,,0.0,pupil_text,1,205.0,00255b17274f0302,d1ea29a75b9c9b26ddbee05b13667a64df6e7eb5,0.5173891129032258,50.0,255.0,81.4667983726017,64,0.8421821724305893,41,0.8548387096774194,/home/galetka/Documents/Programming/hi-csg-r/data/processed/school_notebooks/ocr_images/school_notebooks_train_0159202.png,word,,0.7983870967741935,,,3968.0,school_notebooks_train_0159202,train,very_short_text;foreground_heavy;probable_horizontal_ruling,7,1,по,2,120,0,0,0,0,0,124,62.0
6464,1.578125,,0.0,pupil_text,1,219.0,b09f1b1b3d6d7b73,71e04d9b239597e9a3e8f54ec04503f8c8d14a7a,0.5272277227722773,35.0,254.0,84.19937844688226,64,0.8421361502347418,40,0.8811881188118812,/home/galetka/Documents/Programming/hi-csg-r/data/processed/school_notebooks/ocr_images/school_notebooks_train_0237003.png,word,,0.8811881188118812,,,3232.0,school_notebooks_train_0237003,train,very_short_text;foreground_heavy;probable_horizontal_ruling,7,1,п.,2,120,0,0,0,0,0,101,50.5
5504,1.34375,,0.0,pupil_text,1,220.0,03033b17554b1f1c,8b2df9e1b3dd0c10b33f2ac3e5461558cc379c28,0.5783066860465116,35.0,255.0,80.29278161802577,64,0.8410304743952246,47,0.8837209302325582,/home/galetka/Documents/Programming/hi-csg-r/data/processed/school_notebooks/ocr_images/school_notebooks_train_0177231.png,word,,0.8837209302325582,,,2752.0,school_notebooks_train_0177231,train,very_short_text;foreground_heavy;probable_horizontal_ruling,7,1,те,2,120,0,0,0,0,0,86,43.0
5376,1.3125,,0.0,teacher_comment,1,223.0,9a1a1b1c1f5d1939,49512aeb50111c5ac522755b9e2330df41647429,0.46707589285714285,32.0,255.0,88.84555975763638,64,0.8407009159697332,39,0.9047619047619048,/home/galetka/Documents/Programming/hi-csg-r/data/processed/school_notebooks/ocr_images/school_notebooks_train_0130850.png,word,,0.8809523809523809,,,2688.0,school_notebooks_train_0130850,train,very_short_text;foreground_heavy;probable_horizontal_ruling,7,1,2.,2,120,0,0,0,0,0,84,42.0
6976,1.703125,,0.0,pupil_comment,1,193.0,000737352d253f00,dfffdd4c7df3b53fcbb78ad0f1a3589299faccb5,0.4855217889908257,62.0,255.0,80.9375769006278,64,0.8367286684381459,39,0.8532110091743119,/home/galetka/Documents/Programming/hi-csg-r/data/processed/school_notebooks/ocr_images/school_notebooks_train_0191205.png,word,,0.8348623853211009,,,3488.0,school_notebooks_train_0191205,train,very_short_text;foreground_heavy;probable_horizontal_ruling,7,1,и.,2,120,0,0,0,0,0,109,54.5
4096,1.0,,0.0,pupil_text,1,204.0,9e17235b531e1d1a,a5aff7edd0c201adc7a02163a04548c978a91925,0.479736328125,51.0,255.0,80.85523766257428,64,0.8366412213740458,43,0.75,/home/galetka/Documents/Programming/hi-csg-r/data/processed/school_notebooks/ocr_images/school_notebooks_train_0177605.png,word,,0.75,,,2048.0,school_notebooks_train_0177605,train,very_short_text;foreground_heavy;probable_horizontal_ruling,7,1,за,2,120,0,0,0,0,0,64,32.0
6272,1.53125,,0.0,pupil_comment,1,215.0,011e070f1b1f1c02,5edfd2f20e0ccdeeafdbcc9bf1ad9d4a44e9fbab,0.4013073979591837,40.0,255.0,82.63810746580074,64,0.8355184743742551,39,0.8163265306122449,/home/galetka/Documents/Programming/hi-csg-r/data/processed/school_notebooks/ocr_images/school_notebooks_train_0225557.png,word,,0.7653061224489796,,,3136.0,school_notebooks_train_0225557,train,very_short_text;foreground_heavy;probable_horizontal_ruling,7,1,.п,2,120,0,0,0,0,0,98,49.0
5888,1.4375,,0.0,pupil_text,1,209.0,11312717272b7b7c,875916bf15a4dbb1d234bd7a496090c99d3b2fba,0.5450067934782609,46.0,255.0,80.06337900341885,64,0.8342162667497662,45,0.8369565217391305,/home/galetka/Documents/Programming/hi-csg-r/data/processed/school_notebooks/ocr_images/school_notebooks_train_0229309.png,word,,0.7391304347826086,,,2944.0,school_notebooks_train_0229309,train,very_short_text;foreground_heavy;probable_horizontal_ruling,7,1,на,2,120,0,0,0,0,0,92,46.0
7232,1.765625,,0.0,pupil_text,2,205.0,1036363727630706,dcf721b824ae8e9741a45417989e7701bd37ba79,0.3957411504424779,50.0,255.0,83.7207121167284,64,0.83298392732355,30,0.8584070796460177,/home/galetka/Documents/Programming/hi-csg-r/data/processed/school_notebooks/ocr_images/school_notebooks_train_0034638.png,word,,0.8584070796460177,,,3616.0,school_notebooks_train_0034638,train,very_short_text;foreground_heavy;probable_horizontal_ruling,7,1,не,2,120,0,0,0,0,0,113,56.5
5824,1.421875,,0.0,pupil_comment,1,211.84999999999997,0d0e763727336001,fb0be6d9d653961340a928dcfb6e46b8bf669477,0.41895604395604397,43.150000000000034,255.0,84.2347839007306,64,0.8327868852459016,33,0.8351648351648352,/home/galetka/Documents/Programming/hi-csg-r/data/processed/school_notebooks/ocr_images/school_notebooks_val_0270979.png,word,,0.8131868131868132,,,2912.0,school_notebooks_val_0270979,val,very_short_text;foreground_heavy;probable_horizontal_ruling,7,1,пп,2,120,0,0,0,0,0,91,45.5
4096,1.0,,0.0,pupil_text,1,203.25,03035b577e360616,465d3dcfcca1f5f6117e75beac49a87ebe369993,0.365478515625,51.75,255.0,80.1705373289262,64,0.8296593186372746,31,0.71875,/home/galetka/Documents/Programming/hi-csg-r/data/processed/school_notebooks/ocr_images/school_notebooks_train_0241273.png,word,,0.703125,,,2048.0,school_notebooks_train_0241273,train,very_short_text;foreground_heavy;probable_horizontal_ruling,7,1,ы;,2,120,0,0,0,0,0,64,32.0
4096,1.0,,0.0,pupil_text,1,214.25,9c0f3e36366f0b03,f8cac87ef0432b1d93c680df024321fa90c22cf4,0.487060546875,40.75,255.0,82.94610358726258,64,0.8295739348370927,44,0.78125,/home/galetka/Documents/Programming/hi-csg-r/data/processed/school_notebooks/ocr_images/school_notebooks_train_0177288.png,word,,0.734375,,,2048.0,school_notebooks_train_0177288,train,very_short_text;foreground_heavy;probable_horizontal_ruling,7,1,не,2,120,0,0,0,0,0,64,32.0
6464,1.578125,,0.0,pupil_text,1,211.84999999999997,018d1723232f3e30,ff76579f58fa3f05507c6a30294c085c2a0974fb,0.468595297029703,43.150000000000034,255.0,84.0487349822244,64,0.8279960382964675,41,0.8811881188118812,/home/galetka/Documents/Programming/hi-csg-r/data/processed/school_notebooks/ocr_images/school_notebooks_train_0207139.png,word,,0.7425742574257426,,,3232.0,school_notebooks_train_0207139,train,very_short_text;foreground_heavy;probable_horizontal_ruling,7,1,он,2,120,0,0,0,0,0,101,50.5
4544,1.109375,,0.0,pupil_text,1,192.0,8f932b2b474b3b9f,6037f1806204cb394e58278dca3071636de73874,0.578125,63.0,255.0,76.4040224547596,64,0.8267986296155311,52,0.8873239436619719,/home/galetka/Documents/Programming/hi-csg-r/data/processed/school_notebooks/ocr_images/school_notebooks_train_0206813.png,word,,0.7887323943661971,,,2272.0,school_notebooks_train_0206813,train,very_short_text;foreground_heavy;probable_horizontal_ruling,7,1,из,2,120,0,0,0,0,0,71,35.5
7616,1.859375,,0.0,pupil_comment,1,205.0,21010319191b0704,b5efdf0994b5a86a0fd1eade88656787a37f6d00,0.4967174369747899,50.0,255.0,84.38899493932992,64,0.8265926513349193,40,0.8823529411764706,/home/galetka/Documents/Programming/hi-csg-r/data/processed/school_notebooks/ocr_images/school_notebooks_train_0156953.png,word,,0.8571428571428571,,,3808.0,school_notebooks_train_0156953,train,very_short_text;foreground_heavy;probable_horizontal_ruling,7,1,жр,2,120,0,0,0,0,0,119,59.5
5824,1.421875,,0.0,pupil_comment,1,208.0,25068f131b073f20,9335619c35670b6b24f805a8e1c88efb93931535,0.4170673076923077,47.0,255.0,84.71400089659242,64,0.825442568958419,37,0.8461538461538461,/home/galetka/Documents/Programming/hi-csg-r/data/processed/school_notebooks/ocr_images/school_notebooks_train_0222627.png,word,,0.7912087912087912,,,2912.0,school_notebooks_train_0222627,train,very_short_text;foreground_heavy;probable_horizontal_ruling,7,1,в.,2,120,0,0,0,0,0,91,45.5
6208,1.515625,,0.0,pupil_comment,1,194.0,00033337178b0100,a32c9f7ed44b6a0ca2e410e51fcfe8d5d9006cc3,0.37789948453608246,61.0,255.0,78.82827893431279,64,0.8248081841432225,35,0.7731958762886598,/home/galetka/Documents/Programming/hi-csg-r/data/processed/school_notebooks/ocr_images/school_notebooks_train_0179136.png,word,,0.7010309278350515,,,3104.0,school_notebooks_train_0179136,train,very_short_text;foreground_heavy;probable_horizontal_ruling,7,1,гл,2,120,0,0,0,0,0,97,48.5
4096,1.0,,0.06521739130434782,teacher_comment,1,213.0,60bfabd39f4f8606,afaf544ef8b91d551d2277e9cb0c17737e37e333,0.50537109375,42.0,255.0,81.9227189175714,64,0.8193236714975846,35,0.875,/home/galetka/Documents/Programming/hi-csg-r/data/processed/school_notebooks/ocr_images/school_notebooks_test_0305792.png,word,,0.84375,,,2048.0,school_notebooks_test_0305792,test,very_short_text;foreground_heavy;probable_horizontal_ruling,7,1,ни,2,120,0,1,0,0,1,64,32.0
6080,1.484375,,0.0,pupil_comment,1,196.0,807d210d15253f40,5f2e279786d43d95f1fdb1b647bdbdb9fd63d6b5,0.49835526315789475,58.0,254.0,78.55509230847244,64,0.8161716171617162,39,0.8315789473684211,/home/galetka/Documents/Programming/hi-csg-r/data/processed/school_notebooks/ocr_images/school_notebooks_train_0222270.png,word,,0.8315789473684211,,,3040.0,school_notebooks_train_0222270,train,very_short_text;foreground_heavy;probable_horizontal_ruling,7,1,м.,2,120,0,0,0,0,0,95,47.5
6336,1.546875,,0.0,pupil_comment,2,216.0,401f17572f550900,010f1abed2339cd5ffe74890dbba61f993ede038,0.42297979797979796,39.0,255.0,86.43772435302729,64,0.8152985074626866,35,0.7777777777777778,/home/galetka/Documents/Programming/hi-csg-r/data/processed/school_notebooks/ocr_images/school_notebooks_train_0038913.png,word,,0.7777777777777778,,,3168.0,school_notebooks_train_0038913,train,very_short_text;foreground_heavy;probable_horizontal_ruling,7,1,м.,2,120,0,0,0,0,0,99,49.5
7488,1.828125,,0.0,pupil_text,1,210.0,403d272f27335f90,f4db1f8e7f7b49b4b2c154bb0352dbb5fb8e7ae1,0.4706196581196581,45.0,255.0,83.57814880566158,64,0.8138479001135074,35,0.8461538461538461,/home/galetka/Documents/Programming/hi-csg-r/data/processed/school_notebooks/ocr_images/school_notebooks_test_0321443.png,word,,0.8290598290598291,,,3744.0,school_notebooks_test_0321443,test,very_short_text;foreground_heavy;probable_horizontal_ruling,7,1,он,2,120,0,0,0,0,0,117,58.5
4096,1.0,,0.0,pupil_text,1,210.0,3a1a1c2e2f4f6d60,3b7038b34714e15f82c9e25d92ac44b7de24b748,0.3564453125,45.0,255.0,81.7958524182807,64,0.8116438356164384,38,0.625,/home/galetka/Documents/Programming/hi-csg-r/data/processed/school_notebooks/ocr_images/school_notebooks_train_0240978.png,word,,0.609375,,,2048.0,school_notebooks_train_0240978,train,very_short_text;foreground_heavy;probable_horizontal_ruling,7,1,не,2,120,0,0,0,0,0,64,32.0
6784,1.65625,,0.0,pupil_text,1,205.0,4b47573b294d7f70,045b08914fdc875324d44c2a3aa647e6298524f6,0.6067216981132075,50.0,255.0,78.4342565230793,64,0.8092808551992225,44,0.8867924528301887,/home/galetka/Documents/Programming/hi-csg-r/data/processed/school_notebooks/ocr_images/school_notebooks_train_0141768.png,word,,0.8679245283018868,,,3392.0,school_notebooks_train_0141768,train,very_short_text;foreground_heavy;probable_horizontal_ruling,7,1,на,2,120,0,0,0,0,0,106,53.0
5568,1.359375,,0.0,pupil_text,3,202.0,603f2b1737274101,7ca623949b264eb8f40af7e1a0391a4818e24fa9,0.4639008620689655,53.0,255.0,79.87136738646606,64,0.8091366627951994,34,0.8390804597701149,/home/galetka/Documents/Programming/hi-csg-r/data/processed/school_notebooks/ocr_images/school_notebooks_train_0031981.png,word,,0.8390804597701149,,,2784.0,school_notebooks_train_0031981,train,very_short_text;foreground_heavy;probable_horizontal_ruling,7,1,не,2,120,0,0,0,0,0,87,43.5
5760,1.40625,,0.0,pupil_text,1,199.05,4c0f333547271e19,b256e0650cfd94602bec894e402fbfe1dd3980f4,0.4592013888888889,55.94999999999999,255.0,82.3064403842824,64,0.8090737240075614,38,0.8222222222222222,/home/galetka/Documents/Programming/hi-csg-r/data/processed/school_notebooks/ocr_images/school_notebooks_train_0014134.png,word,,0.8111111111111111,,,2880.0,school_notebooks_train_0014134,train,very_short_text;foreground_heavy;probable_horizontal_ruling,7,1,по,2,120,0,0,0,0,0,90,45.0
4416,1.078125,,0.0,pupil_text,1,206.0,211c1f3737330702,6577f7a98b7b174e9725bf23bb4be653771d7f61,0.41417572463768115,49.0,255.0,80.9197047716508,64,0.8080918534718425,38,0.7971014492753623,/home/galetka/Documents/Programming/hi-csg-r/data/processed/school_notebooks/ocr_images/school_notebooks_train_0019386.png,word,,0.7101449275362319,,,2208.0,school_notebooks_train_0019386,train,very_short_text;foreground_heavy;probable_horizontal_ruling,7,1,is,2,120,0,0,0,0,0,69,34.5
6592,1.609375,,0.0,pupil_comment,1,192.0,00070f1f2d2f7e01,1ff989b6c063fbd8939e73082baa02bc7bdbbab0,0.41565533980582525,63.0,255.0,79.74034782602614,64,0.8072992700729927,37,0.7961165048543689,/home/galetka/Documents/Programming/hi-csg-r/data/processed/school_notebooks/ocr_images/school_notebooks_train_0070195.png,word,,0.7766990291262136,,,3296.0,school_notebooks_train_0070195,train,very_short_text;foreground_heavy;probable_horizontal_ruling,7,1,п.,2,120,0,0,0,0,0,103,51.5
9152,2.234375,,0.0,pupil_text,1,235.0,407e2f6b236b4901,2717c9528d1881af8918dbeb302ca01423bfd097,0.5,20.0,255.0,88.24205985255605,64,0.8070367132867133,38,0.8811188811188811,/home/galetka/Documents/Programming/hi-csg-r/data/processed/school_notebooks/ocr_images/school_notebooks_train_0224014.png,word,,0.8601398601398601,,,4576.0,school_notebooks_train_0224014,train,very_short_text;foreground_heavy;probable_horizontal_ruling,7,1,от,2,120,0,0,0,0,0,143,71.5
5440,1.328125,,0.0,pupil_comment,1,205.0,803f3b0f2b1b9340,a036900baf55c28b146331ada06c4c072b8e228e,0.3981617647058823,49.0,254.0,82.2859310023677,64,0.8051708217913204,34,0.7647058823529411,/home/galetka/Documents/Programming/hi-csg-r/data/processed/school_notebooks/ocr_images/school_notebooks_train_0191212.png,word,,0.7176470588235294,,,2720.0,school_notebooks_train_0191212,train,very_short_text;foreground_heavy;probable_horizontal_ruling,7,1,.п,2,120,0,0,0,0,0,85,42.5
7424,1.8125,,0.0,pupil_comment,1,211.0,803f0f0f15353085,932e579a8e36ff1761a976b38a53310c604813bd,0.38469827586206895,43.0,254.0,80.3078185995463,64,0.8042717086834734,28,0.8189655172413793,/home/galetka/Documents/Programming/hi-csg-r/data/processed/school_notebooks/ocr_images/school_notebooks_train_0222713.png,word,,0.8275862068965517,,,3712.0,school_notebooks_train_0222713,train,very_short_text;foreground_heavy;probable_horizontal_ruling,7,1,.п,2,120,0,0,0,0,0,116,58.0
5632,1.375,,0.0,pupil_text,1,214.0,1c1f352709350393,432507d0f06b38b2b5376fa6b19d1b661d346a5c,0.6058238636363636,41.0,255.0,78.73222811534967,64,0.8039273153575616,48,0.8636363636363636,/home/galetka/Documents/Programming/hi-csg-r/data/processed/school_notebooks/ocr_images/school_notebooks_train_0177632.png,word,,0.8522727272727273,,,2816.0,school_notebooks_train_0177632,train,very_short_text;foreground_heavy;probable_horizontal_ruling,7,1,он,2,120,0,0,0,0,0,88,44.0
6016,1.46875,,0.0,pupil_comment,1,189.0,001f1f2f8b8b4f20,e5037ec1d922f53774fd074098995fc44a58169a,0.3773271276595745,66.0,255.0,77.07200086986452,64,0.8026431718061674,34,0.8085106382978723,/home/galetka/Documents/Programming/hi-csg-r/data/processed/school_notebooks/ocr_images/school_notebooks_train_0221192.png,word,,0.8085106382978723,,,3008.0,school_notebooks_train_0221192,train,very_short_text;foreground_heavy;probable_horizontal_ruling,7,1,ч.,2,120,0,0,0,0,0,94,47.0
5184,1.265625,,0.03103334433806537,pupil_text,1,224.0,80003c36520c0181,6ba5ab7d134c62ba0a3c655df65037d213063710,0.5842978395061729,31.0,255.0,80.83532101999421,64,0.8019148233740508,44,0.9259259259259259,/home/galetka/Documents/Programming/hi-csg-r/data/processed/school_notebooks/ocr_images/school_notebooks_train_0237002.png,word,,0.9382716049382716,,,2592.0,school_notebooks_train_0237002,train,very_short_text;foreground_heavy;probable_horizontal_ruling,7,1,а),2,120,0,0,1,0,1,81,40.5
6144,1.5,,0.0,pupil_text,1,180.0,010333232b190100,ab39239fa0040d12520a08b0ab126e877e893d44,0.4873046875,75.0,255.0,79.84477780471256,64,0.8016032064128257,38,0.84375,/home/galetka/Documents/Programming/hi-csg-r/data/processed/school_notebooks/ocr_images/school_notebooks_train_0123063.png,word,,0.8125,,,3072.0,school_notebooks_train_0123063,train,very_short_text;foreground_heavy;probable_horizontal_ruling,7,1,гл,2,120,0,0,0,0,0,96,48.0
4096,1.0,,0.0,pupil_text,1,196.0,1e1f3b1f1c3b7468,a02c1f8879c016a7960e21d74ad3355ac71e2a4c,0.389892578125,59.0,255.0,82.4993898914637,64,0.8002504696305573,37,0.84375,/home/galetka/Documents/Programming/hi-csg-r/data/processed/school_notebooks/ocr_images/school_notebooks_train_0027528.png,word,,0.6875,,,2048.0,school_notebooks_train_0027528,train,very_short_text;foreground_heavy;probable_horizontal_ruling,7,1,д-,2,120,0,0,0,0,0,64,32.0
5824,1.421875,,0.04981473857554549,pupil_text,1,201.0,200506262436364d,83bddbd473cf72b933e7c092961d4fcdb7b622d3,0.4170673076923077,54.0,255.0,78.34605784626284,64,0.7986825854261013,24,0.9120879120879121,/home/galetka/Documents/Programming/hi-csg-r/data/processed/school_notebooks/ocr_images/school_notebooks_val_0290788.png,word,,0.9230769230769231,,,2912.0,school_notebooks_val_0290788,val,very_short_text;foreground_heavy;probable_horizontal_ruling,7,1,ле,2,120,0,0,1,0,1,91,45.5
5952,1.453125,,0.0,pupil_comment,1,210.0,409e1725292b0e11,e0e34e82488b5ed0081851589399a7f022df8425,0.43061155913978494,45.0,255.0,82.87238917477063,64,0.7943815840811549,35,0.8279569892473119,/home/galetka/Documents/Programming/hi-csg-r/data/processed/school_notebooks/ocr_images/school_notebooks_train_0222710.png,word,,0.8172043010752689,,,2976.0,school_notebooks_train_0222710,train,very_short_text;foreground_heavy;probable_horizontal_ruling,7,1,п.,2,120,0,0,0,0,0,93,46.5
4928,1.203125,,0.0,pupil_text,1,218.0,56474f5f6b535d7c,a12eca9a5a29c4f924e3ba8dc085fec50c3394e2,0.5854301948051948,37.0,255.0,83.10030103173469,64,0.794107452339688,44,0.8701298701298701,/home/galetka/Documents/Programming/hi-csg-r/data/processed/school_notebooks/ocr_images/school_notebooks_train_0192428.png,word,,0.8571428571428571,,,2464.0,school_notebooks_train_0192428,train,very_short_text;foreground_heavy;probable_horizontal_ruling,7,1,от,2,120,0,0,0,0,0,77,38.5
6272,1.53125,,0.0,pupil_comment,1,220.0,001d1d3637537d00,e66b2ea687c8790711a66ee90e8b1c6b28834424,0.36463647959183676,35.0,255.0,84.25824709335329,64,0.7940533449934412,34,0.7857142857142857,/home/galetka/Documents/Programming/hi-csg-r/data/processed/school_notebooks/ocr_images/school_notebooks_train_0006196.png,word,,0.7142857142857143,,,3136.0,school_notebooks_train_0006196,train,very_short_text;foreground_heavy;probable_horizontal_ruling,7,1,п.,2,120,0,0,0,0,0,98,49.0
4096,1.0,,0.0,teacher_comment,1,200.0,870e162e2e1d3d32,522f9795e698da9b8b1b743eb12ebd2b4f4ff855,0.39306640625,55.0,255.0,78.9168298676239,64,0.7863354037267081,40,0.671875,/home/galetka/Documents/Programming/hi-csg-r/data/processed/school_notebooks/ocr_images/school_notebooks_train_0221991.png,word,,0.546875,,,2048.0,school_notebooks_train_0221991,train,very_short_text;foreground_heavy;probable_horizontal_ruling,7,1,4.,2,120,0,0,0,0,0,64,32.0
4096,1.0,,0.0,pupil_text,1,205.0,0e96261c1b6b7727,9493e01dd471fde28dc68bf2c311532febef7f1d,0.3935546875,50.0,255.0,82.12859039899077,64,0.7853598014888338,36,0.71875,/home/galetka/Documents/Programming/hi-csg-r/data/processed/school_notebooks/ocr_images/school_notebooks_train_0240630.png,word,,0.71875,,,2048.0,school_notebooks_train_0240630,train,very_short_text;foreground_heavy;probable_horizontal_ruling,7,1,н.,2,120,0,0,0,0,0,64,32.0
6016,1.46875,,0.0,pupil_comment,1,201.0,403f3333071b3300,833694e2ee4c0e5e9c04e9e7e98de349598089f9,0.49418218085106386,54.0,255.0,82.0074087236616,64,0.7840565085771948,39,0.8085106382978723,/home/galetka/Documents/Programming/hi-csg-r/data/processed/school_notebooks/ocr_images/school_notebooks_train_0163735.png,word,,0.8085106382978723,,,3008.0,school_notebooks_train_0163735,train,very_short_text;foreground_heavy;probable_horizontal_ruling,7,1,гл,2,120,0,0,0,0,0,94,47.0
5376,1.3125,,0.0,pupil_comment,1,216.0,00030b27252d2d00,fcca691a268dce590cd0ff9ffc8e1e4fc94679f2,0.46000744047619047,39.0,255.0,83.8609372522462,64,0.7836635665183987,37,0.7976190476190477,/home/galetka/Documents/Programming/hi-csg-r/data/processed/school_notebooks/ocr_images/school_notebooks_train_0165714.png,word,,0.7976190476190477,,,2688.0,school_notebooks_train_0165714,train,very_short_text;foreground_heavy;probable_horizontal_ruling,7,1,.п,2,120,0,0,0,0,0,84,42.0
4096,1.0,,0.0,pupil_text,1,218.0,8103170d0b232706,e3b4a0ce2bdca5a2e450984d27177afd383a41aa,0.526123046875,37.0,255.0,82.29428799924793,64,0.7791183294663573,39,0.8125,/home/galetka/Documents/Programming/hi-csg-r/data/processed/school_notebooks/ocr_images/school_notebooks_train_0228895.png,word,,0.78125,,,2048.0,school_notebooks_train_0228895,train,very_short_text;foreground_heavy;probable_horizontal_ruling,7,1,не,2,120,0,0,0,0,0,64,32.0
6080,1.484375,,0.0,pupil_text,1,212.0,012d2b5737272b3e,8790842e2003bfb6fbdff54741289804d024cf77,0.6404605263157894,43.0,255.0,77.07804912503221,64,0.7781201848998459,51,0.8947368421052632,/home/galetka/Documents/Programming/hi-csg-r/data/processed/school_notebooks/ocr_images/school_notebooks_train_0226945.png,word,,0.8736842105263158,,,3040.0,school_notebooks_train_0226945,train,very_short_text;foreground_heavy;probable_horizontal_ruling,7,1,на,2,120,0,0,0,0,0,95,47.5
7040,1.71875,,0.0,pupil_text,1,205.0,6d2e2b13332d0101,eb56ef9e2bca41fc277e26d750b83a1eafcb4bf1,0.4877840909090909,50.0,255.0,80.29649193682761,64,0.7763541059988351,40,0.8909090909090909,/home/galetka/Documents/Programming/hi-csg-r/data/processed/school_notebooks/ocr_images/school_notebooks_train_0044958.png,word,,0.7636363636363637,,,3520.0,school_notebooks_train_0044958,train,very_short_text;foreground_heavy;probable_horizontal_ruling,7,1,на,2,120,0,0,0,0,0,110,55.0
4864,1.1875,,0.0,pupil_text,1,212.0,83032b3b276b6651,ce2e9668ec653f3f06e8b074cdbc15a54eb43ec1,0.43729440789473684,42.0,254.0,84.14862863155483,64,0.7762106252938411,33,0.8289473684210527,/home/galetka/Documents/Programming/hi-csg-r/data/processed/school_notebooks/ocr_images/school_notebooks_train_0240620.png,word,,0.8157894736842105,,,2432.0,school_notebooks_train_0240620,train,very_short_text;foreground_heavy;probable_horizontal_ruling,7,1,не,2,120,0,0,0,0,0,76,38.0
6336,1.546875,,0.0,pupil_text,1,203.0,9617272b274f4303,1da88e9e69dadcdec8c705938bb7c0bbf1c2687c,0.5389835858585859,52.0,255.0,79.00189734469808,64,0.7751098096632504,36,0.8787878787878788,/home/galetka/Documents/Programming/hi-csg-r/data/processed/school_notebooks/ocr_images/school_notebooks_test_0305236.png,word,,0.8585858585858586,,,3168.0,school_notebooks_test_0305236,test,very_short_text;foreground_heavy;probable_horizontal_ruling,7,1,на,2,120,0,0,0,0,0,99,49.5
4096,1.0,,0.0,pupil_text,1,211.0,181d2d1d2d0e4e3c,4ddba16983f4565ec6b2e49d688dade4bae40f79,0.350830078125,44.0,255.0,83.39892576516941,64,0.7731384829505915,36,0.578125,/home/galetka/Documents/Programming/hi-csg-r/data/processed/school_notebooks/ocr_images/school_notebooks_train_0179971.png,word,,0.578125,,,2048.0,school_notebooks_train_0179971,train,very_short_text;foreground_heavy;probable_horizontal_ruling,7,1,не,2,120,0,0,0,0,0,64,32.0
4096,1.0,,0.0,pupil_text,1,248.0,1e270f8d0e3f0703,07f49c90daff4135992cccf52af6284e5e2c4137,0.416259765625,7.0,255.0,94.29606427568714,64,0.7724340175953079,39,0.796875,/home/galetka/Documents/Programming/hi-csg-r/data/processed/school_notebooks/ocr_images/school_notebooks_train_0236699.png,word,,0.796875,,,2048.0,school_notebooks_train_0236699,train,very_short_text;foreground_heavy;probable_horizontal_ruling,7,1,ii,2,120,0,0,0,0,0,64,32.0
5440,1.328125,,0.0,pupil_comment,1,225.0,101b271f1b270300,5f4c51fc6fd28c4cabd8a52e4094150d7c603e11,0.44724264705882355,30.0,255.0,88.03218474607154,64,0.770242498972462,34,0.8,/home/galetka/Documents/Programming/hi-csg-r/data/processed/school_notebooks/ocr_images/school_notebooks_train_0038889.png,word,,0.7647058823529411,,,2720.0,school_notebooks_train_0038889,train,very_short_text;foreground_heavy;probable_horizontal_ruling,7,1,ж.,2,120,0,0,0,0,0,85,42.5
8576,2.09375,,0.0,pupil_comment,1,203.0,5c9f3133172b1b30,948ddded346332ad05ceedb19b4ef26f6d7160d4,0.5209888059701493,52.0,255.0,84.84718695825948,64,0.768800358102059,39,0.8507462686567164,/home/galetka/Documents/Programming/hi-csg-r/data/processed/school_notebooks/ocr_images/school_notebooks_train_0218318.png,word,,0.8582089552238806,,,4288.0,school_notebooks_train_0218318,train,very_short_text;foreground_heavy;probable_horizontal_ruling,7,1,гл,2,120,0,0,0,0,0,134,67.0
4096,1.0,,0.0,pupil_text,1,212.0,9d9e17133b5b0303,d9264f5e1e979c93991dcd4a5a37a774915e6c0a,0.387451171875,43.0,255.0,79.90013593869826,64,0.7681159420289855,30,0.765625,/home/galetka/Documents/Programming/hi-csg-r/data/processed/school_notebooks/ocr_images/school_notebooks_train_0166563.png,word,,0.765625,,,2048.0,school_notebooks_train_0166563,train,very_short_text;foreground_heavy;probable_horizontal_ruling,7,1,а:,2,120,0,0,0,0,0,64,32.0
4096,1.0,,0.0,pupil_text,1,217.0,101f3d36362f4f46,19a15f2ad71ee77c1a801740996fe3b92294bc82,0.4189453125,38.0,255.0,83.75223176139032,64,0.7674825174825175,39,0.78125,/home/galetka/Documents/Programming/hi-csg-r/data/processed/school_notebooks/ocr_images/school_notebooks_train_0240981.png,word,,0.75,,,2048.0,school_notebooks_train_0240981,train,very_short_text;foreground_heavy;probable_horizontal_ruling,7,1,не,2,120,0,0,0,0,0,64,32.0
5440,1.328125,,0.0,pupil_text,1,209.0,8d0e336565172307,c07162cebbe0e16519902b13f53610e9397ad230,0.5729779411764706,46.0,255.0,77.64788106195351,64,0.7645171639396856,46,0.8823529411764706,/home/galetka/Documents/Programming/hi-csg-r/data/processed/school_notebooks/ocr_images/school_notebooks_train_0206839.png,word,,0.8823529411764706,,,2720.0,school_notebooks_train_0206839,train,very_short_text;foreground_heavy;probable_horizontal_ruling,7,1,ше,2,120,0,0,0,0,0,85,42.5
6976,1.703125,,0.0,pupil_text,1,222.0,0501311b0b27564e,d83c639e319707e1a1ab181fb7e86e727ddfca21,0.38732798165137616,33.0,255.0,86.11616817364214,64,0.7638786084381939,32,0.8165137614678899,/home/galetka/Documents/Programming/hi-csg-r/data/processed/school_notebooks/ocr_images/school_notebooks_train_0012219.png,word,,0.6697247706422018,,,3488.0,school_notebooks_train_0012219,train,very_short_text;foreground_heavy;probable_horizontal_ruling,7,1,тв,2,120,0,0,0,0,0,109,54.5
5760,1.40625,,0.0,pupil_text,1,213.05,02133333232f7c81,03f6b089e1e93326fdc9468441b52bd672cb48bf,0.41996527777777776,41.94999999999999,255.0,88.33275414729755,64,0.7618850764778834,33,0.7888888888888889,/home/galetka/Documents/Programming/hi-csg-r/data/processed/school_notebooks/ocr_images/school_notebooks_train_0154313.png,word,,0.7222222222222222,,,2880.0,school_notebooks_train_0154313,train,very_short_text;foreground_heavy;probable_horizontal_ruling,7,1,на,2,120,0,0,0,0,0,90,45.0
4096,1.0,,0.0,pupil_text,1,192.0,0d1e3d7d6e0d1d1a,9b659ebdd079689f49960a39591d18b13cb92302,0.3525390625,63.0,255.0,76.97242498781725,64,0.7617728531855956,35,0.59375,/home/galetka/Documents/Programming/hi-csg-r/data/processed/school_notebooks/ocr_images/school_notebooks_train_0225880.png,word,,0.59375,,,2048.0,school_notebooks_train_0225880,train,very_short_text;foreground_heavy;probable_horizontal_ruling,7,1,"б,",2,120,0,0,0,0,0,64,32.0
4672,1.140625,,0.0,pupil_text,1,209.0,7077602303072d07,094ec54162891a32999cfb2f5b2a94984381cd78,0.3816352739726027,46.0,255.0,84.21907258662709,64,0.7616376892877174,28,0.8493150684931506,/home/galetka/Documents/Programming/hi-csg-r/data/processed/school_notebooks/ocr_images/school_notebooks_train_0241512.png,word,,0.821917808219178,,,2336.0,school_notebooks_train_0241512,train,very_short_text;foreground_heavy;probable_horizontal_ruling,7,1,уж,2,120,0,0,0,0,0,73,36.5
5120,1.25,,0.0,pupil_text,1,214.0,9c0f3b13276f557f,fb6b0fccb9277ec367258d2be8b2a27927543c90,0.6173828125,41.0,255.0,77.48442319769649,64,0.7614678899082569,45,0.9,/home/galetka/Documents/Programming/hi-csg-r/data/processed/school_notebooks/ocr_images/school_notebooks_train_0226962.png,word,,0.9,,,2560.0,school_notebooks_train_0226962,train,very_short_text;foreground_heavy;probable_horizontal_ruling,7,1,на,2,120,0,0,0,0,0,80,40.0
6976,1.703125,,0.0,pupil_text,1,211.0,0413333333537621,8fae7d2d408a3d9d44b8a45a5316a50b6aa5dc7c,0.4803612385321101,44.0,255.0,83.52176326941665,64,0.7561921814383766,39,0.8532110091743119,/home/galetka/Documents/Programming/hi-csg-r/data/processed/school_notebooks/ocr_images/school_notebooks_train_0063161.png,word,,0.7889908256880734,,,3488.0,school_notebooks_train_0063161,train,very_short_text;foreground_heavy;probable_horizontal_ruling,7,1,20,2,120,0,0,0,0,0,109,54.5
6272,1.53125,,0.0,pupil_text,5,194.0,03035377776b7736,12d296b17cb4be9940464597b1bf1521e8e50a94,0.4024234693877551,61.0,255.0,77.10828831108194,64,0.7535657686212361,29,0.8163265306122449,/home/galetka/Documents/Programming/hi-csg-r/data/processed/school_notebooks/ocr_images/school_notebooks_train_0031869.png,word,,0.8061224489795918,,,3136.0,school_notebooks_train_0031869,train,very_short_text;foreground_heavy;probable_horizontal_ruling,7,1,то,2,120,0,0,0,0,0,98,49.0
4800,1.171875,,0.0,pupil_text,1,222.0,2b232b1b17233f3c,03013e132d83bc7708f3a05ec1b1a9494afdd2df,0.6008333333333333,33.0,255.0,80.22725936855834,64,0.7534674063800277,45,0.8266666666666667,/home/galetka/Documents/Programming/hi-csg-r/data/processed/school_notebooks/ocr_images/school_notebooks_train_0226465.png,word,,0.8266666666666667,,,2400.0,school_notebooks_train_0226465,train,very_short_text;foreground_heavy;probable_horizontal_ruling,7,1,не,2,120,0,0,0,0,0,75,37.5
5376,1.3125,,0.0,pupil_text,1,199.0,961737152f2f3b2b,16fbf133ff0abc8250546fa5222b732b0f57bb41,0.5876116071428571,56.0,255.0,76.08380722213359,64,0.750553972776195,46,0.8690476190476191,/home/galetka/Documents/Programming/hi-csg-r/data/processed/school_notebooks/ocr_images/school_notebooks_train_0206961.png,word,,0.8452380952380952,,,2688.0,school_notebooks_train_0206961,train,very_short_text;foreground_heavy;probable_horizontal_ruling,7,1,не,2,120,0,0,0,0,0,84,42.0
7040,1.71875,,0.0,pupil_text,1,202.0,64872f2737312b2b,7e79c5c783a4a1ede8392da3c79255cb739f9652,0.5021306818181818,52.0,254.0,80.69235673098369,64,0.74992927864215,39,0.8727272727272727,/home/galetka/Documents/Programming/hi-csg-r/data/processed/school_notebooks/ocr_images/school_notebooks_train_0247197.png,word,,0.8181818181818182,,,3520.0,school_notebooks_train_0247197,train,very_short_text;foreground_heavy;probable_horizontal_ruling,7,1,от,2,120,0,0,0,0,0,110,55.0
5760,1.40625,,0.0,pupil_text,1,224.0,050d19157b570e89,b7e8191bfa84b7f2703257055c723424210f644d,0.5069444444444444,31.0,255.0,84.82897360680249,64,0.7493150684931507,39,0.9,/home/galetka/Documents/Programming/hi-csg-r/data/processed/school_notebooks/ocr_images/school_notebooks_train_0162818.png,word,,0.8111111111111111,,,2880.0,school_notebooks_train_0162818,train,very_short_text;foreground_heavy;probable_horizontal_ruling,7,1,а),2,120,0,0,0,0,0,90,45.0
5760,1.40625,,0.0,pupil_comment,1,210.0,0097870b2b270300,e78bbb894b84cf9a49c8e574ad3de696fb81eead,0.41822916666666665,45.0,255.0,81.70164781011972,64,0.7459526774595268,36,0.7888888888888889,/home/galetka/Documents/Programming/hi-csg-r/data/processed/school_notebooks/ocr_images/school_notebooks_train_0221199.png,word,,0.7555555555555555,,,2880.0,school_notebooks_train_0221199,train,very_short_text;foreground_heavy;probable_horizontal_ruling,7,1,л.,2,120,0,0,0,0,0,90,45.0
4736,1.15625,,0.0,pupil_text,1,230.0,7e57572b11831303,e9db6166c6bcdf093a0b3db761b68360edb1f845,0.4267314189189189,25.0,255.0,91.7211712623553,64,0.7456704601682336,27,0.8513513513513513,/home/galetka/Documents/Programming/hi-csg-r/data/processed/school_notebooks/ocr_images/school_notebooks_train_0224515.png,word,,0.7972972972972973,,,2368.0,school_notebooks_train_0224515,train,very_short_text;foreground_heavy;probable_horizontal_ruling,7,1,из,2,120,0,0,0,0,0,74,37.0
5696,1.390625,,0.0,pupil_text,1,197.0,103121275e5876c8,f0c90a78dd2304ecd04245c7c6326e20ed7cf9ca,0.35656601123595505,58.0,255.0,78.9904866662086,64,0.7439684884293452,34,0.8651685393258427,/home/galetka/Documents/Programming/hi-csg-r/data/processed/school_notebooks/ocr_images/school_notebooks_train_0240592.png,word,,0.8426966292134831,,,2848.0,school_notebooks_train_0240592,train,very_short_text;foreground_heavy;probable_horizontal_ruling,7,1,н-,2,120,0,0,0,0,0,89,44.5
6784,1.65625,,0.0,pupil_comment,1,185.0,06064f5713379e50,1c4824889a0ae11a41dd9d4d7bf193323e6f7d33,0.4403007075471698,70.0,255.0,77.06584821955062,64,0.7418814864412454,36,0.8490566037735849,/home/galetka/Documents/Programming/hi-csg-r/data/processed/school_notebooks/ocr_images/school_notebooks_train_0225149.png,word,,0.7641509433962265,,,3392.0,school_notebooks_train_0225149,train,very_short_text;foreground_heavy;probable_horizontal_ruling,7,1,.р,2,120,0,0,0,0,0,106,53.0
5760,1.40625,,0.0,pupil_text,2,202.0,0b2723631f181b98,9f2f01e51a8a65c2fbac2c7f1d4875beae096e85,0.4388888888888889,52.0,254.0,81.03337632248487,64,0.7416930379746836,30,0.8666666666666667,/home/galetka/Documents/Programming/hi-csg-r/data/processed/school_notebooks/ocr_images/school_notebooks_val_0268355.png,word,,0.8333333333333334,,,2880.0,school_notebooks_val_0268355,val,very_short_text;foreground_heavy;probable_horizontal_ruling,7,1,за,2,120,0,0,0,0,0,90,45.0
6848,1.671875,,0.0,pupil_text,1,198.0,4d76273323232703,47b9e71fa1cd4e96dd28b73307e115fa9793cb71,0.5300817757009346,57.0,255.0,78.53096071361908,64,0.7413223140495868,43,0.8504672897196262,/home/galetka/Documents/Programming/hi-csg-r/data/processed/school_notebooks/ocr_images/school_notebooks_train_0086329.png,word,,0.8411214953271028,,,3424.0,school_notebooks_train_0086329,train,very_short_text;foreground_heavy;probable_horizontal_ruling,7,1,на,2,120,0,0,0,0,0,107,53.5
6208,1.515625,,0.0,pupil_comment,1,202.0,441b1c474f531302,bbaad98735176cc68d5f2d2ebab34d687091c78d,0.3962628865979381,53.0,255.0,81.88894943102002,64,0.7357723577235772,31,0.8350515463917526,/home/galetka/Documents/Programming/hi-csg-r/data/processed/school_notebooks/ocr_images/school_notebooks_train_0070174.png,word,,0.8144329896907216,,,3104.0,school_notebooks_train_0070174,train,very_short_text;foreground_heavy;probable_horizontal_ruling,7,1,.п,2,120,0,0,0,0,0,97,48.5
6656,1.625,,0.0,pupil_text,1,238.0,3b53332b135d3c31,f5d83949102573b552f5fa4a1730e9b49d63a70d,0.5896935096153846,17.0,255.0,85.76168153336702,64,0.7335031847133758,46,0.9038461538461539,/home/galetka/Documents/Programming/hi-csg-r/data/processed/school_notebooks/ocr_images/school_notebooks_train_0166581.png,word,,0.9038461538461539,,,3328.0,school_notebooks_train_0166581,train,very_short_text;foreground_heavy;probable_horizontal_ruling,7,1,ня,2,120,0,0,0,0,0,104,52.0
4800,1.171875,,0.0,pupil_comment,1,217.0,413e1f3b2b6f7c11,c18c83da524aed936ceaa5d33fcab099e76d961c,0.4033333333333333,37.0,254.0,83.25805857283551,64,0.731404958677686,32,0.76,/home/galetka/Documents/Programming/hi-csg-r/data/processed/school_notebooks/ocr_images/school_notebooks_train_0222500.png,word,,0.7333333333333333,,,2400.0,school_notebooks_train_0222500,train,very_short_text;foreground_heavy;probable_horizontal_ruling,7,1,п.,2,120,0,0,0,0,0,75,37.5
7488,1.828125,,0.0,pupil_text,1,217.0,33b81f252f6b5b7e,8cca8d4ec7702d7ad557ef1f7b5c66aaa119ed48,0.47475961538461536,38.0,255.0,83.05754038971443,64,0.7282700421940929,33,0.8888888888888888,/home/galetka/Documents/Programming/hi-csg-r/data/processed/school_notebooks/ocr_images/school_notebooks_train_0162547.png,word,,0.8632478632478633,,,3744.0,school_notebooks_train_0162547,train,very_short_text;foreground_heavy;probable_horizontal_ruling,7,1,он,2,120,0,0,0,0,0,117,58.5
4864,1.1875,,0.0,pupil_comment,1,192.85,06313e373b2b2b00,d3c1bb500d38827f53eb7d94e0ce8c7578abb07f,0.3626644736842105,62.150000000000006,255.0,77.70630362170836,64,0.7278911564625851,30,0.7368421052631579,/home/galetka/Documents/Programming/hi-csg-r/data/processed/school_notebooks/ocr_images/school_notebooks_train_0064315.png,word,,0.7105263157894737,,,2432.0,school_notebooks_train_0064315,train,very_short_text;foreground_heavy;probable_horizontal_ruling,7,1,п.,2,120,0,0,0,0,0,76,38.0
6400,1.5625,,0.0,pupil_comment,1,215.0,01060f1f292b6b80,5c73cb96d910f0d64c92acc706a73fbe5b026c92,0.4509375,40.0,255.0,83.18325261493797,64,0.7252252252252253,40,0.81,/home/galetka/Documents/Programming/hi-csg-r/data/processed/school_notebooks/ocr_images/school_notebooks_train_0222615.png,word,,0.77,,,3200.0,school_notebooks_train_0222615,train,very_short_text;foreground_heavy;probable_horizontal_ruling,7,1,п.,2,120,0,0,0,0,0,100,50.0
4864,1.1875,,0.0,pupil_text,1,219.0,070f2b531737654b,154c275e9e925a0cb16e2524cdcbbef568553e66,0.6352796052631579,36.0,255.0,78.17734457366689,64,0.7249190938511327,47,0.8947368421052632,/home/galetka/Documents/Programming/hi-csg-r/data/processed/school_notebooks/ocr_images/school_notebooks_train_0225859.png,word,,0.868421052631579,,,2432.0,school_notebooks_train_0225859,train,very_short_text;foreground_heavy;probable_horizontal_ruling,7,1,на,2,120,0,0,0,0,0,76,38.0
4736,1.15625,,0.0,pupil_text,3,193.0,2353172f0f2f7f60,3cd518398fa0170caa48aeaa3bd0ad59f0d389d5,0.42778716216216217,61.0,254.0,76.95397412631789,64,0.7226061204343535,32,0.8108108108108109,/home/galetka/Documents/Programming/hi-csg-r/data/processed/school_notebooks/ocr_images/school_notebooks_test_0321496.png,word,,0.8108108108108109,,,2368.0,school_notebooks_test_0321496,test,very_short_text;foreground_heavy;probable_horizontal_ruling,7,1,со,2,120,0,0,0,0,0,74,37.0
6912,1.6875,,0.0,pupil_comment,1,181.0,2103037367133f60,2166a34c2e9674d3aed00b96e6dccf8cabbb7070,0.45992476851851855,74.0,255.0,80.05126011597008,64,0.7219251336898396,35,0.8518518518518519,/home/galetka/Documents/Programming/hi-csg-r/data/processed/school_notebooks/ocr_images/school_notebooks_train_0128701.png,word,,0.8333333333333334,,,3456.0,school_notebooks_train_0128701,train,very_short_text;foreground_heavy;probable_horizontal_ruling,7,1,гл,2,120,0,0,0,0,0,108,54.0
5184,1.265625,,0.0,pupil_text,1,199.0,181f332f3b233f30,27992f946399cf4fb11e645d23da11d9f08805f2,0.4974922839506173,56.0,255.0,79.55386199190437,64,0.7204342768514929,39,0.7901234567901234,/home/galetka/Documents/Programming/hi-csg-r/data/processed/school_notebooks/ocr_images/school_notebooks_train_0133877.png,word,,0.7777777777777778,,,2592.0,school_notebooks_train_0133877,train,very_short_text;foreground_heavy;probable_horizontal_ruling,7,1,он,2,120,0,0,0,0,0,81,40.5
5568,1.359375,,0.0,pupil_text,3,193.64999999999998,0037273727077f00,8987e13c8558232776e74892be70d56d9f566f44,0.35326867816091956,61.35000000000002,255.0,78.32821821506803,64,0.7203863751906456,25,0.7931034482758621,/home/galetka/Documents/Programming/hi-csg-r/data/processed/school_notebooks/ocr_images/school_notebooks_train_0103816.png,word,,0.7816091954022989,,,2784.0,school_notebooks_train_0103816,train,very_short_text;foreground_heavy;probable_horizontal_ruling,7,1,на,2,120,0,0,0,0,0,87,43.5
4928,1.203125,,0.0,pupil_text,1,205.64999999999998,9e9f0b4f4e1f1d5a,332e5a4820c10ddb16ac81c2c469dcdf16ddc47c,0.4778814935064935,49.35000000000002,255.0,79.68530337517757,64,0.7188959660297239,43,0.8571428571428571,/home/galetka/Documents/Programming/hi-csg-r/data/processed/school_notebooks/ocr_images/school_notebooks_train_0027634.png,word,,0.7272727272727273,,,2464.0,school_notebooks_train_0027634,train,very_short_text;foreground_heavy;probable_horizontal_ruling,7,1,ii,2,120,0,0,0,0,0,77,38.5
4352,1.0625,,0.0,pupil_text,1,219.0,1d1b1317172d0706,112f765dffaa1b35dff8174880c4cfa26e424b12,0.578125,36.0,255.0,80.86207881888852,64,0.7178060413354531,38,0.8235294117647058,/home/galetka/Documents/Programming/hi-csg-r/data/processed/school_notebooks/ocr_images/school_notebooks_train_0228837.png,word,,0.8235294117647058,,,2176.0,school_notebooks_train_0228837,train,very_short_text;foreground_heavy;probable_horizontal_ruling,7,1,не,2,120,0,0,0,0,0,68,34.0
4544,1.109375,,0.0,pupil_comment,1,203.0,4e860e1f3b3b3b5d,3247ebef25a5a14ef60ef3388250b26eddc506a3,0.4300176056338028,52.0,255.0,82.61773320623756,64,0.7169907881269192,37,0.7464788732394366,/home/galetka/Documents/Programming/hi-csg-r/data/processed/school_notebooks/ocr_images/school_notebooks_train_0123141.png,word,,0.7464788732394366,,,2272.0,school_notebooks_train_0123141,train,very_short_text;foreground_heavy;probable_horizontal_ruling,7,1,в.,2,120,0,0,0,0,0,71,35.5
9152,2.234375,,0.0,pupil_text,3,213.0,109f0b17072d0382,9da799090dd55e117dd7b9d6cb760e84335a9931,0.41149475524475526,42.0,255.0,82.91534958346342,64,0.7156133828996283,28,0.8881118881118881,/home/galetka/Documents/Programming/hi-csg-r/data/processed/school_notebooks/ocr_images/school_notebooks_val_0277481.png,word,,0.8671328671328671,,,4576.0,school_notebooks_val_0277481,val,very_short_text;foreground_heavy;probable_horizontal_ruling,7,1,мы,2,120,0,0,0,0,0,143,71.5
5184,1.265625,,0.0,pupil_text,1,228.0,0303772b2f0f3f3c,f0ac1ea9e53dc7744c0e9ed6c46c82057e94ef4f,0.5648148148148148,27.0,255.0,83.41047503289458,64,0.7151639344262295,41,0.8641975308641975,/home/galetka/Documents/Programming/hi-csg-r/data/processed/school_notebooks/ocr_images/school_notebooks_train_0227334.png,word,,0.8518518518518519,,,2592.0,school_notebooks_train_0227334,train,very_short_text;foreground_heavy;probable_horizontal_ruling,7,1,на,2,120,0,0,0,0,0,81,40.5
6208,1.515625,,0.0,pupil_text,1,215.0,36275753030f4e29,66e80a1887a200ff9335a2539e8b4f5602ab822d,0.4275128865979381,40.0,255.0,83.14092645800243,64,0.7143933685003768,35,0.845360824742268,/home/galetka/Documents/Programming/hi-csg-r/data/processed/school_notebooks/ocr_images/school_notebooks_train_0222382.png,word,,0.845360824742268,,,3104.0,school_notebooks_train_0222382,train,very_short_text;foreground_heavy;probable_horizontal_ruling,7,1,из,2,120,0,0,0,0,0,97,48.5
4160,1.015625,,0.0,pupil_text,1,229.0,7c3f252737303760,36068a9c0b129a863f35e8c29679401a63436ed5,0.4221153846153846,26.0,255.0,87.60806845761084,64,0.7101366742596811,26,0.8461538461538461,/home/galetka/Documents/Programming/hi-csg-r/data/processed/school_notebooks/ocr_images/school_notebooks_train_0225015.png,word,,0.8307692307692308,,,2080.0,school_notebooks_train_0225015,train,very_short_text;foreground_heavy;probable_horizontal_ruling,7,1,за,2,120,0,0,0,0,0,65,32.5
4608,1.125,,0.0,pupil_text,1,214.0,3770332333274f40,e22cfbf5ae997a7aff95e1c52e8510e2fe5feef1,0.4431423611111111,40.0,254.0,85.06495663828474,64,0.7095984329089128,29,0.8611111111111112,/home/galetka/Documents/Programming/hi-csg-r/data/processed/school_notebooks/ocr_images/school_notebooks_train_0241444.png,word,,0.8472222222222222,,,2304.0,school_notebooks_train_0241444,train,very_short_text;foreground_heavy;probable_horizontal_ruling,7,1,уж,2,120,0,0,0,0,0,72,36.0
4992,1.21875,,0.0,pupil_text,1,203.0,47870d1b17733f1c,7363f46a07511801bf5a87e936212b2a24bfb27c,0.5162259615384616,52.0,255.0,77.94172623895794,64,0.7085758634070625,37,0.8717948717948718,/home/galetka/Documents/Programming/hi-csg-r/data/processed/school_notebooks/ocr_images/school_notebooks_train_0028359.png,word,,0.8461538461538461,,,2496.0,school_notebooks_train_0028359,train,very_short_text;foreground_heavy;probable_horizontal_ruling,7,1,во,2,120,0,0,0,0,0,78,39.0
5440,1.328125,,0.0,pupil_text,1,193.0,013c3b3317133f10,7b7aa570cc72b59e661a4bc9b1654b44672f400c,0.3514705882352941,62.0,255.0,79.83721178005236,64,0.7076359832635983,26,0.7411764705882353,/home/galetka/Documents/Programming/hi-csg-r/data/processed/school_notebooks/ocr_images/school_notebooks_train_0154467.png,word,,0.6941176470588235,,,2720.0,school_notebooks_train_0154467,train,very_short_text;foreground_heavy;probable_horizontal_ruling,7,1,по,2,120,0,0,0,0,0,85,42.5
6912,1.6875,,0.0,pupil_text,1,193.0,3e3f23136b5b5307,87882c5220732159ec10319fdf9741c2df7f4875,0.5762442129629629,62.0,255.0,77.57589729169754,64,0.7065026362038664,41,0.8888888888888888,/home/galetka/Documents/Programming/hi-csg-r/data/processed/school_notebooks/ocr_images/school_notebooks_train_0029254.png,word,,0.7685185185185185,,,3456.0,school_notebooks_train_0029254,train,very_short_text;foreground_heavy;probable_horizontal_ruling,7,1,на,2,120,0,0,0,0,0,108,54.0
5824,1.421875,,0.0,pupil_text,1,220.0,9c3b234757290f0e,3f6deb508f64fae654b4d78ff82b204388e92b6b,0.535885989010989,35.0,255.0,83.92749353804608,64,0.7058635052867671,42,0.8461538461538461,/home/galetka/Documents/Programming/hi-csg-r/data/processed/school_notebooks/ocr_images/school_notebooks_train_0241292.png,word,,0.8241758241758241,,,2912.0,school_notebooks_train_0241292,train,very_short_text;foreground_heavy;probable_horizontal_ruling,7,1,он,2,120,0,0,0,0,0,91,45.5
8320,2.03125,,0.0,teacher_comment,1,201.0,02033d21273e71c6,1b3b825564bb01dd14aa9d2596c3120d05d73dc5,0.43737980769230766,54.0,255.0,78.37299091645542,64,0.7051387743885683,31,0.8307692307692308,/home/galetka/Documents/Programming/hi-csg-r/data/processed/school_notebooks/ocr_images/school_notebooks_train_0207574.png,word,,0.8076923076923077,,,4160.0,school_notebooks_train_0207574,train,very_short_text;foreground_heavy;probable_horizontal_ruling,7,1,5-,2,120,0,0,0,0,0,130,65.0
7232,1.765625,,0.0,pupil_text,1,208.0,001d1b3327237704,3943e66da4aba23df73a4014dc2bf8bd1798b109,0.4420630530973451,47.0,255.0,82.30569259727783,64,0.7050359712230215,30,0.8407079646017699,/home/galetka/Documents/Programming/hi-csg-r/data/processed/school_notebooks/ocr_images/school_notebooks_train_0035165.png,word,,0.8230088495575221,,,3616.0,school_notebooks_train_0035165,train,very_short_text;foreground_heavy;probable_horizontal_ruling,7,1,по,2,120,0,0,0,0,0,113,56.5
4096,1.0,,0.0,pupil_text,1,211.0,1d1d7f366f4f5f3c,f97010b91bd7a217000a0a8a1c8b3bd97ec7ec7b,0.4375,44.0,255.0,81.84762146784766,64,0.7047991071428571,35,0.734375,/home/galetka/Documents/Programming/hi-csg-r/data/processed/school_notebooks/ocr_images/school_notebooks_train_0192403.png,word,,0.734375,,,2048.0,school_notebooks_train_0192403,train,very_short_text;foreground_heavy;probable_horizontal_ruling,7,1,на,2,120,0,0,0,0,0,64,32.0
6464,1.578125,,0.0,pupil_comment,1,226.0,0023371f373f7803,2fa096b134d0a2092b3656361fab9e8e5c228eb5,0.4091893564356436,29.0,255.0,86.02717333620923,64,0.7047258979206049,31,0.801980198019802,/home/galetka/Documents/Programming/hi-csg-r/data/processed/school_notebooks/ocr_images/school_notebooks_train_0222077.png,word,,0.7821782178217822,,,3232.0,school_notebooks_train_0222077,train,very_short_text;foreground_heavy;probable_horizontal_ruling,7,1,ж.,2,120,0,0,0,0,0,101,50.5
4864,1.1875,,0.0,pupil_comment,1,203.0,4e0e0e1f3b1b3f60,7924f91eedfda03c4a8a6a33d74efe187adaa74b,0.4161184210526316,52.0,255.0,83.2467954920924,64,0.7040513833992095,35,0.7631578947368421,/home/galetka/Documents/Programming/hi-csg-r/data/processed/school_notebooks/ocr_images/school_notebooks_train_0128819.png,word,,0.75,,,2432.0,school_notebooks_train_0128819,train,very_short_text;foreground_heavy;probable_horizontal_ruling,7,1,в.,2,120,0,0,0,0,0,76,38.0
5568,1.359375,,0.0,pupil_comment,1,209.0,c036262f2f370100,83c33788a96766c5d2bad6271ca09741af358ac0,0.42887931034482757,46.0,255.0,82.45758682175581,64,0.7035175879396985,36,0.7931034482758621,/home/galetka/Documents/Programming/hi-csg-r/data/processed/school_notebooks/ocr_images/school_notebooks_train_0059345.png,word,,0.6436781609195402,,,2784.0,school_notebooks_train_0059345,train,very_short_text;foreground_heavy;probable_horizontal_ruling,7,1,м.,2,120,0,0,0,0,0,87,43.5
4544,1.109375,,0.0,pupil_text,2,198.0,0f2f25173d9c4d28,50a30850febb6c5b157aeba2b8c5e96abedbb49a,0.37940140845070425,57.0,255.0,82.75866603968744,64,0.7001160092807425,25,0.8028169014084507,/home/galetka/Documents/Programming/hi-csg-r/data/processed/school_notebooks/ocr_images/school_notebooks_train_0169718.png,word,,0.7746478873239436,,,2272.0,school_notebooks_train_0169718,train,very_short_text;foreground_heavy;probable_horizontal_ruling,7,1,за,2,120,0,0,0,0,0,71,35.5
6464,1.578125,,0.0,pupil_text,1,220.0,901f272f2b6b6f0c,9bed708e00fbdd8dffd9690daa349fc30bbfa6b3,0.526299504950495,35.0,255.0,83.49250209524789,64,0.699294532627866,36,0.8811881188118812,/home/galetka/Documents/Programming/hi-csg-r/data/processed/school_notebooks/ocr_images/school_notebooks_train_0237055.png,word,,0.8514851485148515,,,3232.0,school_notebooks_train_0237055,train,very_short_text;foreground_heavy;probable_horizontal_ruling,7,1,бы,2,120,0,0,0,0,0,101,50.5
5504,1.34375,,0.0,teacher_comment,1,203.0,27439f113f307768,6f16dde846a3c02719da5b44f2c0d4ba004de7fb,0.35065406976744184,52.0,255.0,82.71678406512821,64,0.6953367875647668,30,0.8023255813953488,/home/galetka/Documents/Programming/hi-csg-r/data/processed/school_notebooks/ocr_images/school_notebooks_test_0319327.png,word,,0.7441860465116279,,,2752.0,school_notebooks_test_0319327,test,very_short_text;foreground_heavy;probable_horizontal_ruling,7,1,5-,2,120,0,0,0,0,0,86,43.0
8512,2.078125,,0.0,pupil_text,6,190.0,2d1b53654b450101,19d532fc19ba284780f1c36a338fc94afa707d93,0.4981203007518797,65.0,255.0,73.74563529967682,64,0.6938679245283019,30,0.8947368421052632,/home/galetka/Documents/Programming/hi-csg-r/data/processed/school_notebooks/ocr_images/school_notebooks_val_0269759.png,word,,0.8947368421052632,,,4256.0,school_notebooks_val_0269759,val,very_short_text;foreground_heavy;probable_horizontal_ruling,7,1,то,2,120,0,0,0,0,0,133,66.5
7296,1.78125,,0.0,pupil_comment,1,185.0,214e87032b0b1f00,73893de61207d6c126f7df7c3166d0e3ee69ae09,0.35238486842105265,70.0,255.0,76.59991870478017,64,0.692337611824193,30,0.8070175438596491,/home/galetka/Documents/Programming/hi-csg-r/data/processed/school_notebooks/ocr_images/school_notebooks_train_0053852.png,word,,0.7719298245614035,,,3648.0,school_notebooks_train_0053852,train,very_short_text;foreground_heavy;probable_horizontal_ruling,7,1,.п,2,120,0,0,0,0,0,114,57.0
6208,1.515625,,0.0,pupil_text,4,199.0,5933335517236b7f,3d9ba7ae2e92954aa1963c263109c211006fde61,0.47116623711340205,56.0,255.0,76.06809535807852,64,0.68991452991453,32,0.845360824742268,/home/galetka/Documents/Programming/hi-csg-r/data/processed/school_notebooks/ocr_images/school_notebooks_train_0031812.png,word,,0.845360824742268,,,3104.0,school_notebooks_train_0031812,train,very_short_text;foreground_heavy;probable_horizontal_ruling,7,1,то,2,120,0,0,0,0,0,97,48.5
7040,1.71875,,0.0,pupil_text,4,202.0,010e171737130300,f2d4bfcb9e41c1b3fda2fea89c35b4b5ed8e3eaa,0.35767045454545454,53.0,255.0,80.49481150914825,64,0.6882446386020651,26,0.8090909090909091,/home/galetka/Documents/Programming/hi-csg-r/data/processed/school_notebooks/ocr_images/school_notebooks_train_0014136.png,word,,0.8181818181818182,,,3520.0,school_notebooks_train_0014136,train,very_short_text;foreground_heavy;probable_horizontal_ruling,7,1,на,2,120,0,0,0,0,0,110,55.0
6848,1.671875,,0.0,pupil_text,6,216.0,010137372f4f5b7b,71d6ed3188f7ef00e7ad3fe3cceb6d3fa0670687,0.47167056074766356,39.0,255.0,82.10293765979334,64,0.6873065015479877,33,0.8411214953271028,/home/galetka/Documents/Programming/hi-csg-r/data/processed/school_notebooks/ocr_images/school_notebooks_train_0197473.png,word,,0.7850467289719626,,,3424.0,school_notebooks_train_0197473,train,very_short_text;foreground_heavy;probable_horizontal_ruling,7,1,не,2,120,0,0,0,0,0,107,53.5
5760,1.40625,,0.0,pupil_text,5,177.0,03233d4d67537d51,db1b47f3fcb04a0d68ff60f89c80428cd20ccf5c,0.471875,78.0,255.0,71.97136226835055,64,0.6846946284032377,25,0.8444444444444444,/home/galetka/Documents/Programming/hi-csg-r/data/processed/school_notebooks/ocr_images/school_notebooks_train_0159588.png,word,,0.8444444444444444,,,2880.0,school_notebooks_train_0159588,train,very_short_text;foreground_heavy;probable_horizontal_ruling,7,1,он,2,120,0,0,0,0,0,90,45.0
4096,1.0,,0.0,pupil_text,1,198.0,10363076674f3f7c,a7bff5b63d8b65f6f72e1eec7f67deeb2b971b97,0.387451171875,57.0,255.0,80.58169722576831,64,0.6811594202898551,29,0.703125,/home/galetka/Documents/Programming/hi-csg-r/data/processed/school_notebooks/ocr_images/school_notebooks_train_0086725.png,word,,0.703125,,,2048.0,school_notebooks_train_0086725,train,very_short_text;foreground_heavy;probable_horizontal_ruling,7,1,во,2,120,0,0,0,0,0,64,32.0
6016,1.46875,,0.0,pupil_text,1,207.0,8c0f274f2d3f7e40,7bb7d8c3865c674a0bfa486d69f57f776294207c,0.44132313829787234,47.0,254.0,80.72038698291213,64,0.6809792843691149,32,0.8723404255319149,/home/galetka/Documents/Programming/hi-csg-r/data/processed/school_notebooks/ocr_images/school_notebooks_train_0240408.png,word,,0.8085106382978723,,,3008.0,school_notebooks_train_0240408,train,very_short_text;foreground_heavy;probable_horizontal_ruling,7,1,ж.,2,120,0,0,0,0,0,94,47.0
5504,1.34375,,0.0,pupil_text,1,205.0,018613132b3f3f00,eff4832ee6a482246699ed38b66d33652180cf36,0.37009447674418605,50.0,255.0,82.4617836178636,64,0.6779577810505646,27,0.7790697674418605,/home/galetka/Documents/Programming/hi-csg-r/data/processed/school_notebooks/ocr_images/school_notebooks_train_0179438.png,word,,0.7558139534883721,,,2752.0,school_notebooks_train_0179438,train,very_short_text;foreground_heavy;probable_horizontal_ruling,7,1,ом,2,120,0,0,0,0,0,86,43.0
7552,1.84375,,0.0,teacher_comment,2,189.0,599e173523677fe0,96bfe06850003ea9cee700449e83b14522aa8d59,0.4164459745762712,66.0,255.0,77.8398256293462,64,0.6756756756756757,29,0.8813559322033898,/home/galetka/Documents/Programming/hi-csg-r/data/processed/school_notebooks/ocr_images/school_notebooks_train_0080537.png,word,,0.8728813559322034,,,3776.0,school_notebooks_train_0080537,train,very_short_text;foreground_heavy;probable_horizontal_ruling,7,1,5-,2,120,0,0,0,0,0,118,59.0
5888,1.4375,,0.0,pupil_text,1,213.0,b4317c4f17072f1e,c9cf019a71c1c4427d420ccd21f40a930246711f,0.4157608695652174,42.0,255.0,82.14121540625587,64,0.6744281045751634,30,0.8369565217391305,/home/galetka/Documents/Programming/hi-csg-r/data/processed/school_notebooks/ocr_images/school_notebooks_train_0148074.png,word,,0.8260869565217391,,,2944.0,school_notebooks_train_0148074,train,very_short_text;foreground_heavy;probable_horizontal_ruling,7,1,бы,2,120,0,0,0,0,0,92,46.0
4096,1.0,,0.0,pupil_text,1,181.25,1b3b3b331b1b3e1d,877b75d43ebe48e1bc8ce7b51ee11685f0abf870,0.52978515625,73.75,255.0,73.88191318882309,64,0.6737327188940092,41,0.765625,/home/galetka/Documents/Programming/hi-csg-r/data/processed/school_notebooks/ocr_images/school_notebooks_train_0178128.png,word,,0.765625,,,2048.0,school_notebooks_train_0178128,train,very_short_text;foreground_heavy;probable_horizontal_ruling,7,1,ь-,2,120,0,0,0,0,0,64,32.0
4096,1.0,,0.0,pupil_text,1,211.0,981a3936271b371e,960c70eba14f0a3c480be8b12ed819c3fb92f10a,0.36181640625,44.0,255.0,81.56881164304096,64,0.6693657219973009,27,0.71875,/home/galetka/Documents/Programming/hi-csg-r/data/processed/school_notebooks/ocr_images/school_notebooks_train_0241149.png,word,,0.703125,,,2048.0,school_notebooks_train_0241149,train,very_short_text;foreground_heavy;probable_horizontal_ruling,7,1,во,2,120,0,0,0,0,0,64,32.0
11072,2.703125,,0.0,pupil_text,2,192.0,303f2725395b1f3e,4b77a0c88e5e628dfb4d931723cf7e55abf7d1e4,0.4785043352601156,63.0,255.0,76.67205856689641,64,0.6693091732729332,33,0.9190751445086706,/home/galetka/Documents/Programming/hi-csg-r/data/processed/school_notebooks/ocr_images/school_notebooks_train_0161636.png,word,,0.8439306358381503,,,5536.0,school_notebooks_train_0161636,train,very_short_text;foreground_heavy;probable_horizontal_ruling,7,1,ты,2,120,0,0,0,0,0,173,86.5
6272,1.53125,,0.0,pupil_text,1,226.0,03233b1b174d6362,bbe17e3625d33d19b1b96806450a815b4bd9830e,0.5095663265306123,29.0,255.0,86.08877057282633,64,0.6573842302878599,39,0.8469387755102041,/home/galetka/Documents/Programming/hi-csg-r/data/processed/school_notebooks/ocr_images/school_notebooks_train_0240973.png,word,,0.7959183673469388,,,3136.0,school_notebooks_train_0240973,train,very_short_text;foreground_heavy;probable_horizontal_ruling,7,1,те,2,120,0,0,0,0,0,98,49.0
7296,1.78125,,0.0,pupil_text,6,204.0,086f353763475518,c70495026fbe5f5701d009f21cadaad35eceadc6,0.4487390350877193,51.0,255.0,79.73064153750838,64,0.6569945021380574,29,0.8596491228070176,/home/galetka/Documents/Programming/hi-csg-r/data/processed/school_notebooks/ocr_images/school_notebooks_train_0103657.png,word,,0.8596491228070176,,,3648.0,school_notebooks_train_0103657,train,very_short_text;foreground_heavy;probable_horizontal_ruling,7,1,ты,2,120,0,0,0,0,0,114,57.0
4992,1.21875,,0.0,pupil_text,1,215.0,2b83236e56360e0d,5362264822492d4454ad0194a0dc700c3af80d95,0.3713942307692308,39.0,254.0,83.38015696362908,64,0.6548004314994607,26,0.6666666666666666,/home/galetka/Documents/Programming/hi-csg-r/data/processed/school_notebooks/ocr_images/school_notebooks_train_0241148.png,word,,0.6282051282051282,,,2496.0,school_notebooks_train_0241148,train,very_short_text;foreground_heavy;probable_horizontal_ruling,7,1,об,2,120,0,0,0,0,0,78,39.0
4288,1.046875,,0.0,teacher_comment,2,185.0,8f0b1b5915292b1e,59f710aca2eaa06fe194154285052d3d3eb052cb,0.4349347014925373,70.0,255.0,73.01974040336286,64,0.6498659517426274,28,0.835820895522388,/home/galetka/Documents/Programming/hi-csg-r/data/processed/school_notebooks/ocr_images/school_notebooks_train_0102120.png,word,,0.8208955223880597,,,2144.0,school_notebooks_train_0102120,train,very_short_text;foreground_heavy;probable_horizontal_ruling,7,1,2.,2,120,0,0,0,0,0,67,33.5
5056,1.234375,,0.0,pupil_text,1,204.25,130f0b0b2f0b3f00,78e557d456eb885667a81d7d05ab54571a3652b0,0.45747626582278483,50.75,255.0,80.81597370949336,64,0.6463467358408993,36,0.7974683544303798,/home/galetka/Documents/Programming/hi-csg-r/data/processed/school_notebooks/ocr_images/school_notebooks_train_0222767.png,word,,0.7721518987341772,,,2528.0,school_notebooks_train_0222767,train,very_short_text;foreground_heavy;probable_horizontal_ruling,7,1,3.,2,120,0,0,0,0,0,79,39.5
4160,1.015625,,0.0,pupil_text,1,208.0,06175b3d93939b98,1c6abb7ce20e897955af5468f8f9f60cc04ce8cf,0.39855769230769234,46.0,254.0,81.38527581338975,64,0.6441495778045838,26,0.8461538461538461,/home/galetka/Documents/Programming/hi-csg-r/data/processed/school_notebooks/ocr_images/school_notebooks_train_0147212.png,word,,0.8,,,2080.0,school_notebooks_train_0147212,train,very_short_text;foreground_heavy;probable_horizontal_ruling,7,1,ф;,2,120,0,0,0,0,0,65,32.5
8192,2.0,,0.0,pupil_text,1,217.0,00034743272f3e20,b8e60c325f7c0ebd0d8947f5bbe65038a7966118,0.462890625,38.0,255.0,83.00467211969472,64,0.6434599156118144,31,0.859375,/home/galetka/Documents/Programming/hi-csg-r/data/processed/school_notebooks/ocr_images/school_notebooks_train_0147977.png,word,,0.8359375,,,4096.0,school_notebooks_train_0147977,train,very_short_text;foreground_heavy;probable_horizontal_ruling,7,1,на,2,120,0,0,0,0,0,128,64.0
6592,1.609375,,0.0,pupil_comment,1,217.45,013c3f331b030140,98867f51902039149c9a8f46655aac233a735a29,0.3569478155339806,37.55000000000001,255.0,85.69770473752139,64,0.6400339991500212,23,0.7475728155339806,/home/galetka/Documents/Programming/hi-csg-r/data/processed/school_notebooks/ocr_images/school_notebooks_train_0180221.png,word,,0.7281553398058253,,,3296.0,school_notebooks_train_0180221,train,very_short_text;foreground_heavy;probable_horizontal_ruling,7,1,мн,2,120,0,0,0,0,0,103,51.5
4096,1.0,,0.0,pupil_text,1,185.0,19272b27260e3e60,cb3d39ffdb63132f1cb6871104d61e5163a0510c,0.448974609375,70.0,255.0,76.31084679000838,64,0.6400217509516042,36,0.78125,/home/galetka/Documents/Programming/hi-csg-r/data/processed/school_notebooks/ocr_images/school_notebooks_train_0019155.png,word,,0.78125,,,2048.0,school_notebooks_train_0019155,train,very_short_text;foreground_heavy;probable_horizontal_ruling,7,1,is,2,120,0,0,0,0,0,64,32.0
4096,1.0,,0.0,pupil_text,1,203.0,343436785f173b3b,de44c73a8e90356cf457647ad08e9d54e4946d4c,0.379638671875,52.0,255.0,80.94777000988955,64,0.639871382636656,23,0.828125,/home/galetka/Documents/Programming/hi-csg-r/data/processed/school_notebooks/ocr_images/school_notebooks_train_0240610.png,word,,0.796875,,,2048.0,school_notebooks_train_0240610,train,very_short_text;foreground_heavy;probable_horizontal_ruling,7,1,от,2,120,0,0,0,0,0,64,32.0
10496,2.5625,,0.0,pupil_text,3,202.0,86032f6b5f657f78,6956e6e2960c3ad551314f378060b3e47b7f247b,0.563452743902439,53.0,255.0,78.11206451413975,64,0.6388231315522489,33,0.926829268292683,/home/galetka/Documents/Programming/hi-csg-r/data/processed/school_notebooks/ocr_images/school_notebooks_train_0161229.png,word,,0.9146341463414634,,,5248.0,school_notebooks_train_0161229,train,very_short_text;foreground_heavy;probable_horizontal_ruling,7,1,ни,2,120,0,0,0,0,0,164,82.0
4416,1.078125,,0.0,pupil_text,1,199.0,03838b971933672e,2b10642478ac953269f543fac8895023c82897c8,0.49728260869565216,56.0,255.0,80.75102133189682,64,0.6366120218579235,30,0.855072463768116,/home/galetka/Documents/Programming/hi-csg-r/data/processed/school_notebooks/ocr_images/school_notebooks_train_0163056.png,word,,0.8115942028985508,,,2208.0,school_notebooks_train_0163056,train,very_short_text;foreground_heavy;probable_horizontal_ruling,7,1,не,2,120,0,0,0,0,0,69,34.5
5120,1.25,,0.0,pupil_text,1,216.0,1e0f0915255b0604,cdae7c413ed7b9b9ac6170a219732a63f3f6e787,0.49296875,39.0,255.0,77.90487474044015,64,0.634310618066561,29,0.9,/home/galetka/Documents/Programming/hi-csg-r/data/processed/school_notebooks/ocr_images/school_notebooks_train_0207141.png,word,,0.8875,,,2560.0,school_notebooks_train_0207141,train,very_short_text;foreground_heavy;probable_horizontal_ruling,7,1,но,2,120,0,0,0,0,0,80,40.0
6144,1.5,,0.0,pupil_text,1,221.0,0123133b4b4f3a21,a94b6346a35bd529a26af45b88252884b1a241cc,0.4329427083333333,34.0,255.0,85.03166016736732,64,0.6323308270676692,32,0.7708333333333334,/home/galetka/Documents/Programming/hi-csg-r/data/processed/school_notebooks/ocr_images/school_notebooks_train_0178948.png,word,,0.7916666666666666,,,3072.0,school_notebooks_train_0178948,train,very_short_text;foreground_heavy;probable_horizontal_ruling,7,1,на,2,120,0,0,0,0,0,96,48.0
4800,1.171875,,0.0,pupil_text,1,196.0,1d0b131717330f08,293f81237f7da1ccdddd7b080177e45c1868ba5b,0.4508333333333333,59.0,255.0,78.60288552245775,64,0.6321626617375231,34,0.8133333333333334,/home/galetka/Documents/Programming/hi-csg-r/data/processed/school_notebooks/ocr_images/school_notebooks_train_0019456.png,word,,0.76,,,2400.0,school_notebooks_train_0019456,train,very_short_text;foreground_heavy;probable_horizontal_ruling,7,1,at,2,120,0,0,0,0,0,75,37.5
4160,1.015625,,0.02858481724461106,pupil_text,2,212.0,0117160e1b131f1c,29a0327da8d30338971352ea47ab250f2a5c814f,0.5129807692307692,43.0,255.0,78.52644416905967,64,0.6302717900656045,31,0.8769230769230769,/home/galetka/Documents/Programming/hi-csg-r/data/processed/school_notebooks/ocr_images/school_notebooks_train_0229447.png,word,,0.8461538461538461,,,2080.0,school_notebooks_train_0229447,train,very_short_text;foreground_heavy;probable_horizontal_ruling,7,1,за,2,120,0,0,1,0,1,65,32.5
7040,1.71875,,0.0,pupil_text,3,196.0,26332b4f6b5b1f1c,898502f2a0601b3acf32d698a76ffebe16d4163f,0.5284090909090909,59.0,255.0,75.5976997715129,64,0.6301075268817204,32,0.8909090909090909,/home/galetka/Documents/Programming/hi-csg-r/data/processed/school_notebooks/ocr_images/school_notebooks_train_0029249.png,word,,0.8818181818181818,,,3520.0,school_notebooks_train_0029249,train,very_short_text;foreground_heavy;probable_horizontal_ruling,7,1,он,2,120,0,0,0,0,0,110,55.0
9088,2.21875,,0.0,pupil_text,1,198.0,703f011337070321,d84bf7703d59b89af88b9724134cd150ba6c52e9,0.5074823943661971,57.0,255.0,79.51612930554086,64,0.6272766695576756,32,0.8802816901408451,/home/galetka/Documents/Programming/hi-csg-r/data/processed/school_notebooks/ocr_images/school_notebooks_train_0010682.png,word,,0.8802816901408451,,,4544.0,school_notebooks_train_0010682,train,very_short_text;foreground_heavy;probable_horizontal_ruling,7,1,мы,2,120,0,0,0,0,0,142,71.0
7168,1.75,,0.0,pupil_text,8,185.0,303f172f2f5d4901,8d758fd2d8ae6a49e06fd7d6c42028ae937c7d6e,0.47488839285714285,69.0,254.0,73.79772466518467,64,0.6272032902467685,28,0.9017857142857143,/home/galetka/Documents/Programming/hi-csg-r/data/processed/school_notebooks/ocr_images/school_notebooks_train_0217720.png,word,,0.9017857142857143,,,3584.0,school_notebooks_train_0217720,train,very_short_text;foreground_heavy;probable_horizontal_ruling,7,1,на,2,120,0,0,0,0,0,112,56.0
6528,1.59375,,0.0,pupil_text,1,205.0,0073332527273f00,4ecb4da517ec9d35634c39985bb07ab139e2c8e4,0.39047181372549017,50.0,255.0,81.95648610234073,64,0.6265202040015693,28,0.8235294117647058,/home/galetka/Documents/Programming/hi-csg-r/data/processed/school_notebooks/ocr_images/school_notebooks_train_0127276.png,word,,0.7549019607843137,,,3264.0,school_notebooks_train_0127276,train,very_short_text;foreground_heavy;probable_horizontal_ruling,7,1,то,2,120,0,0,0,0,0,102,51.0
8576,2.09375,,0.0,teacher_comment,1,167.0,119911377e317668,1a2e662e2a122aaaef22190d1fde9c9e54269f32,0.42269123134328357,88.0,255.0,73.71493477173803,64,0.6253793103448276,29,0.9104477611940298,/home/galetka/Documents/Programming/hi-csg-r/data/processed/school_notebooks/ocr_images/school_notebooks_train_0154010.png,word,,0.7761194029850746,,,4288.0,school_notebooks_train_0154010,train,very_short_text;foreground_heavy;probable_horizontal_ruling,7,1,3-,2,120,0,0,0,0,0,134,67.0
4544,1.109375,,0.0,pupil_text,1,213.0,010313272f2f7e60,9a7c3ab723fe6a1f1ee8401af494934ce000c529,0.43375880281690143,42.0,255.0,84.02895774553448,64,0.6245560629122273,29,0.7746478873239436,/home/galetka/Documents/Programming/hi-csg-r/data/processed/school_notebooks/ocr_images/school_notebooks_train_0228901.png,word,,0.6901408450704225,,,2272.0,school_notebooks_train_0228901,train,very_short_text;foreground_heavy;probable_horizontal_ruling,7,1,не,2,120,0,0,0,0,0,71,35.5
4672,1.140625,,0.0,pupil_comment,1,216.0,203e3f0f0f3f3f00,c93b3677ef50ed5b90710c26dcece6d8edb84c93,0.3717893835616438,39.0,255.0,83.456704541561,64,0.6171560161197467,28,0.7534246575342466,/home/galetka/Documents/Programming/hi-csg-r/data/processed/school_notebooks/ocr_images/school_notebooks_train_0156592.png,word,,0.726027397260274,,,2336.0,school_notebooks_train_0156592,train,very_short_text;foreground_heavy;probable_horizontal_ruling,7,1,ж.,2,120,0,0,0,0,0,73,36.5
5248,1.28125,,0.0,pupil_text,1,213.0,232f691337636b6f,9008694e6c6bdb2bff42ca84c03ced9680c72370,0.6472942073170732,42.0,255.0,74.63521915043606,64,0.6120105975861054,42,0.8902439024390244,/home/galetka/Documents/Programming/hi-csg-r/data/processed/school_notebooks/ocr_images/school_notebooks_train_0226890.png,word,,0.8780487804878049,,,2624.0,school_notebooks_train_0226890,train,very_short_text;foreground_heavy;probable_horizontal_ruling,7,1,на,2,120,0,0,0,0,0,82,41.0
4096,1.0,,0.0,pupil_text,1,211.0,392d0d1e366f2706,6adacb72ba9d9dfd2adaef33ad39249ea72616ac,0.3583984375,44.0,255.0,81.28420747577859,64,0.6096730245231607,31,0.75,/home/galetka/Documents/Programming/hi-csg-r/data/processed/school_notebooks/ocr_images/school_notebooks_train_0240914.png,word,,0.734375,,,2048.0,school_notebooks_train_0240914,train,very_short_text;foreground_heavy;probable_horizontal_ruling,7,1,не,2,120,0,0,0,0,0,64,32.0
5632,1.375,,0.0,pupil_text,1,207.0,032353372b2f3e01,7028d2d9f83e24e99853e176b411929982d2ad3f,0.4442471590909091,48.0,255.0,82.2666643638036,64,0.6075139888089528,30,0.7840909090909091,/home/galetka/Documents/Programming/hi-csg-r/data/processed/school_notebooks/ocr_images/school_notebooks_train_0179930.png,word,,0.7840909090909091,,,2816.0,school_notebooks_train_0179930,train,very_short_text;foreground_heavy;probable_horizontal_ruling,7,1,по,2,120,0,0,0,0,0,88,44.0
4928,1.203125,,0.0,pupil_text,1,209.0,9e33175d1d358347,2364fcca0b7486649a8de128af9328d0746404a5,0.546672077922078,45.0,254.0,78.08403169977751,64,0.607275426874536,36,0.8571428571428571,/home/galetka/Documents/Programming/hi-csg-r/data/processed/school_notebooks/ocr_images/school_notebooks_train_0177567.png,word,,0.8441558441558441,,,2464.0,school_notebooks_train_0177567,train,very_short_text;foreground_heavy;probable_horizontal_ruling,7,1,ж.,2,120,0,0,0,0,0,77,38.5
7424,1.8125,,0.0,pupil_text,9,211.0,203f1d5f177f7f80,d6b1d638f0b7cf91d6e8d4db192640d61ea35e61,0.36920797413793105,44.0,255.0,81.56975442392815,64,0.6070777088653776,23,0.8189655172413793,/home/galetka/Documents/Programming/hi-csg-r/data/processed/school_notebooks/ocr_images/school_notebooks_train_0158284.png,word,,0.8189655172413793,,,3712.0,school_notebooks_train_0158284,train,very_short_text;foreground_heavy;probable_horizontal_ruling,7,1,от,2,120,0,0,0,0,0,116,58.0
6272,1.53125,,0.0,pupil_text,1,213.45,05112b272f470706,f9e5fc9ad1cd055ce4fe964e6d933b053681ee3e,0.5138711734693877,41.55000000000001,255.0,81.84976416767671,64,0.6006825938566553,32,0.8571428571428571,/home/galetka/Documents/Programming/hi-csg-r/data/processed/school_notebooks/ocr_images/school_notebooks_train_0208019.png,word,,0.7857142857142857,,,3136.0,school_notebooks_train_0208019,train,very_short_text;foreground_heavy;probable_horizontal_ruling,7,1,но,2,120,0,0,0,0,0,98,49.0
10048,2.453125,,0.0,pupil_text,4,216.0,1f2b373555630303,89e677f2ddcf7f4d4b155eb4d78463f588ef51d9,0.5121417197452229,39.0,255.0,77.51219369087076,64,0.5934706568208317,31,0.8726114649681529,/home/galetka/Documents/Programming/hi-csg-r/data/processed/school_notebooks/ocr_images/school_notebooks_train_0161441.png,word,,0.8471337579617835,,,5024.0,school_notebooks_train_0161441,train,very_short_text;foreground_heavy;probable_horizontal_ruling,7,1,на,2,120,0,0,0,0,0,157,78.5
7296,1.78125,,0.0,teacher_comment,1,191.0,393e377333393717,a3398e2b8c09accbde10ab006df575fa5fe26b92,0.5158991228070176,64.0,255.0,75.43865496330844,64,0.59192348565356,36,0.8508771929824561,/home/galetka/Documents/Programming/hi-csg-r/data/processed/school_notebooks/ocr_images/school_notebooks_train_0142900.png,word,,0.8508771929824561,,,3648.0,school_notebooks_train_0142900,train,very_short_text;foreground_heavy;probable_horizontal_ruling,7,1,0-,2,120,0,0,0,0,0,114,57.0
5888,1.4375,,0.0,pupil_text,3,206.0,189f931b3b270306,b129073f42d15cb240b369beaf8f76340321b0b8,0.359375,48.0,254.0,79.98962018580738,64,0.5916824196597353,23,0.8260869565217391,/home/galetka/Documents/Programming/hi-csg-r/data/processed/school_notebooks/ocr_images/school_notebooks_train_0208113.png,word,,0.7608695652173914,,,2944.0,school_notebooks_train_0208113,train,very_short_text;foreground_heavy;probable_horizontal_ruling,7,1,не,2,120,0,0,0,0,0,92,46.0
4672,1.140625,,0.0,teacher_comment,1,205.0,3d0e8e9c1f2b390f,a80cec1f36177a411912ee7599b58b7ce291bb66,0.4372859589041096,50.0,255.0,78.72410625535633,64,0.5863925599608419,28,0.8767123287671232,/home/galetka/Documents/Programming/hi-csg-r/data/processed/school_notebooks/ocr_images/school_notebooks_train_0235948.png,word,,0.863013698630137,,,2336.0,school_notebooks_train_0235948,train,very_short_text;foreground_heavy;probable_horizontal_ruling,7,1,3.,2,120,0,0,0,0,0,73,36.5
5952,1.453125,,0.0,pupil_text,1,218.0,080f13332b6b6545,a86b9999f2f39724edc4db506b5d0b1fefb700e3,0.5277217741935484,37.0,255.0,82.19141024425343,64,0.5835721107927412,34,0.8602150537634409,/home/galetka/Documents/Programming/hi-csg-r/data/processed/school_notebooks/ocr_images/school_notebooks_train_0207827.png,word,,0.8602150537634409,,,2976.0,school_notebooks_train_0207827,train,very_short_text;foreground_heavy;probable_horizontal_ruling,7,1,на,2,120,0,0,0,0,0,93,46.5
4800,1.171875,,0.0,pupil_text,1,202.0,8d939b9b17363d30,38d21fed9376e76926c0630df8d8acb0cbf80204,0.4025,53.0,255.0,79.44214004254877,64,0.5833333333333334,31,0.8133333333333334,/home/galetka/Documents/Programming/hi-csg-r/data/processed/school_notebooks/ocr_images/school_notebooks_train_0019000.png,word,,0.6266666666666667,,,2400.0,school_notebooks_train_0019000,train,very_short_text;foreground_heavy;probable_horizontal_ruling,7,1,23,2,120,0,0,0,0,0,75,37.5
4800,1.171875,,0.0,pupil_text,1,202.0,040f133b1b1f1e39,14a178446ba6e349113601d21502cf699346ae20,0.35770833333333335,53.0,255.0,80.42144078850032,64,0.5818287711124054,26,0.8,/home/galetka/Documents/Programming/hi-csg-r/data/processed/school_notebooks/ocr_images/school_notebooks_train_0018807.png,word,,0.72,,,2400.0,school_notebooks_train_0018807,train,very_short_text;foreground_heavy;probable_horizontal_ruling,7,1,16,2,120,0,0,0,0,0,75,37.5
4224,1.03125,,0.0,pupil_text,4,202.0,41870f1f336f1e0f,6800706ce933173af1192766c0bdb80bec569e43,0.3944128787878788,53.0,255.0,77.83786285292203,64,0.581032412965186,25,0.7575757575757576,/home/galetka/Documents/Programming/hi-csg-r/data/processed/school_notebooks/ocr_images/school_notebooks_train_0011691.png,word,,0.7424242424242424,,,2112.0,school_notebooks_train_0011691,train,very_short_text;foreground_heavy;probable_horizontal_ruling,7,1,то,2,120,0,0,0,0,0,66,33.0
4480,1.09375,,0.0,pupil_text,1,213.04999999999998,2e2f553b038f0706,a80c08c6f950651d9a796e03b86bacb1fe269a09,0.38236607142857143,41.95000000000002,255.0,84.20682171381685,64,0.5796847635726795,27,0.8142857142857143,/home/galetka/Documents/Programming/hi-csg-r/data/processed/school_notebooks/ocr_images/school_notebooks_train_0127260.png,word,,0.7857142857142857,,,2240.0,school_notebooks_train_0127260,train,very_short_text;foreground_heavy;probable_horizontal_ruling,7,1,из,2,120,0,0,0,0,0,70,35.0
7936,1.9375,,0.0,pupil_text,1,204.0,333b2b0f1b333e00,73ca19559498c9b3f7338e925ac10136d07b3eb1,0.3933971774193548,51.0,255.0,81.99717137415114,64,0.5775144138372837,23,0.8306451612903226,/home/galetka/Documents/Programming/hi-csg-r/data/processed/school_notebooks/ocr_images/school_notebooks_val_0277487.png,word,,0.8225806451612904,,,3968.0,school_notebooks_val_0277487,val,very_short_text;foreground_heavy;probable_horizontal_ruling,7,1,он,2,120,0,0,0,0,0,124,62.0
5248,1.28125,,0.0,pupil_comment,1,209.0,109f870333070323,51f8abcf22353c3e33596b9d33a09a1013574e86,0.36070884146341464,46.0,255.0,83.40731209604,64,0.5763338615953513,25,0.7926829268292683,/home/galetka/Documents/Programming/hi-csg-r/data/processed/school_notebooks/ocr_images/school_notebooks_train_0121921.png,word,,0.6829268292682927,,,2624.0,school_notebooks_train_0121921,train,very_short_text;foreground_heavy;probable_horizontal_ruling,7,1,в.,2,120,0,0,0,0,0,82,41.0
5376,1.3125,,0.0,pupil_text,1,200.0,400d062627231b00,9a19ccc07cf99dee7bfd9ad453fb40c2b03ad1dd,0.36514136904761907,55.0,255.0,84.95234174134879,64,0.5731023942944473,25,0.7142857142857143,/home/galetka/Documents/Programming/hi-csg-r/data/processed/school_notebooks/ocr_images/school_notebooks_train_0169838.png,word,,0.6547619047619048,,,2688.0,school_notebooks_train_0169838,train,very_short_text;foreground_heavy;probable_horizontal_ruling,7,1,на,2,120,0,0,0,0,0,84,42.0
4096,1.0,,0.001265022137887413,pupil_text,1,220.0,0d1e666e4e467e3e,9f7f49cfb2a7bf111bb05b29d3b6f5f0d6b69208,0.385986328125,35.0,255.0,82.78357630730275,64,0.5692599620493358,28,0.65625,/home/galetka/Documents/Programming/hi-csg-r/data/processed/school_notebooks/ocr_images/school_notebooks_train_0236406.png,word,,0.640625,,,2048.0,school_notebooks_train_0236406,train,very_short_text;foreground_heavy;probable_horizontal_ruling,7,1,(и,2,120,0,0,0,0,0,64,32.0
6336,1.546875,,0.0,pupil_text,1,213.0,203f2b1325079f30,fece8362964aba36d2fdc172784cb98115e0bce1,0.46085858585858586,41.0,254.0,83.46963594455309,64,0.5667808219178082,29,0.797979797979798,/home/galetka/Documents/Programming/hi-csg-r/data/processed/school_notebooks/ocr_images/school_notebooks_train_0222596.png,word,,0.8181818181818182,,,3168.0,school_notebooks_train_0222596,train,very_short_text;foreground_heavy;probable_horizontal_ruling,7,1,на,2,120,0,0,0,0,0,99,49.5
4800,1.171875,,0.0,pupil_text,1,197.0,707f13071f370602,f3eadd2415995a22bc2279910a9acc2c122751e6,0.41375,58.0,255.0,79.15925625377642,64,0.5654582074521651,31,0.7733333333333333,/home/galetka/Documents/Programming/hi-csg-r/data/processed/school_notebooks/ocr_images/school_notebooks_train_0019513.png,word,,0.7333333333333333,,,2400.0,school_notebooks_train_0019513,train,very_short_text;foreground_heavy;probable_horizontal_ruling,7,1,at,2,120,0,0,0,0,0,75,37.5
5248,1.28125,,0.0,pupil_text,1,206.0,478b93133f387360,b2ca2b73e4d0653a73e2abd4a6b149e1e086d4bf,0.3856707317073171,48.0,254.0,80.79784215952641,64,0.5627470355731226,25,0.7926829268292683,/home/galetka/Documents/Programming/hi-csg-r/data/processed/school_notebooks/ocr_images/school_notebooks_train_0011882.png,word,,0.6463414634146342,,,2624.0,school_notebooks_train_0011882,train,very_short_text;foreground_heavy;probable_horizontal_ruling,7,1,за,2,120,0,0,0,0,0,82,41.0
5440,1.328125,,0.0,pupil_text,1,198.0,01595327336b4303,c96369e526b7b67e77393119d5d7fc946036c072,0.5409926470588236,57.0,255.0,76.20387466635293,64,0.5616717635066258,36,0.8352941176470589,/home/galetka/Documents/Programming/hi-csg-r/data/processed/school_notebooks/ocr_images/school_notebooks_train_0019095.png,word,,0.8235294117647058,,,2720.0,school_notebooks_train_0019095,train,very_short_text;foreground_heavy;probable_horizontal_ruling,7,1,is,2,120,0,0,0,0,0,85,42.5
5632,1.375,,0.0,pupil_text,3,210.0,383f131525474f0c,e0e056994f1eec4bdedfa8758352c90b011ab6d7,0.4513494318181818,45.0,255.0,81.06356797052338,64,0.5594020456333596,28,0.8636363636363636,/home/galetka/Documents/Programming/hi-csg-r/data/processed/school_notebooks/ocr_images/school_notebooks_train_0229590.png,word,,0.7954545454545454,,,2816.0,school_notebooks_train_0229590,train,very_short_text;foreground_heavy;probable_horizontal_ruling,7,1,не,2,120,0,0,0,0,0,88,44.0
7168,1.75,,0.0,pupil_comment,1,211.0,05635313574d4d86,5be0793f1df62aa9f17670952e78cfa33cc79694,0.5454799107142857,44.0,255.0,79.89317467003563,64,0.5567774936061382,36,0.8571428571428571,/home/galetka/Documents/Programming/hi-csg-r/data/processed/school_notebooks/ocr_images/school_notebooks_train_0176836.png,word,,0.8482142857142857,,,3584.0,school_notebooks_train_0176836,train,very_short_text;foreground_heavy;probable_horizontal_ruling,7,1,ым,2,120,0,0,0,0,0,112,56.0
6208,1.515625,,0.0,pupil_text,1,204.0,0043733507233f80,262d2fbf57dd7cab7e0e21ed306b1bba0d847377,0.3799935567010309,50.0,254.0,81.76102310727062,64,0.5565917761763459,22,0.7938144329896907,/home/galetka/Documents/Programming/hi-csg-r/data/processed/school_notebooks/ocr_images/school_notebooks_train_0146522.png,word,,0.7628865979381443,,,3104.0,school_notebooks_train_0146522,train,very_short_text;foreground_heavy;probable_horizontal_ruling,7,1,по,2,120,0,0,0,0,0,97,48.5
5568,1.359375,,0.05377358490566038,pupil_text,1,195.0,20408a1515513f38,09a5f34fb0c4b52011eb5b773ff0e1862fd49f00,0.3807471264367816,59.0,254.0,77.80095664977864,64,0.5556603773584906,17,0.8620689655172413,/home/galetka/Documents/Programming/hi-csg-r/data/processed/school_notebooks/ocr_images/school_notebooks_test_0322925.png,word,,0.8735632183908046,,,2784.0,school_notebooks_test_0322925,test,very_short_text;foreground_heavy;probable_horizontal_ruling,7,1,ли,2,120,0,0,1,0,1,87,43.5
4480,1.09375,,0.0,pupil_comment,1,192.04999999999998,080f1f278f0b4723,206c632151a84f34309398904cde36a19f2dce7b,0.3892857142857143,62.95000000000002,255.0,76.83327546960207,64,0.5556192660550459,28,0.7857142857142857,/home/galetka/Documents/Programming/hi-csg-r/data/processed/school_notebooks/ocr_images/school_notebooks_train_0221191.png,word,,0.7285714285714285,,,2240.0,school_notebooks_train_0221191,train,very_short_text;foreground_heavy;probable_horizontal_ruling,7,1,ч.,2,120,0,0,0,0,0,70,35.0
6208,1.515625,,0.0,pupil_comment,1,226.0,023d0e5f1b373601,3450b37de231fe8f855b1d68540c57e688957254,0.3856314432989691,29.0,255.0,86.16172216024727,64,0.5555555555555556,28,0.7731958762886598,/home/galetka/Documents/Programming/hi-csg-r/data/processed/school_notebooks/ocr_images/school_notebooks_train_0225549.png,word,,0.7216494845360825,,,3104.0,school_notebooks_train_0225549,train,very_short_text;foreground_heavy;probable_horizontal_ruling,7,1,п.,2,120,0,0,0,0,0,97,48.5
4096,1.0,,0.0,pupil_text,2,199.0,69703f1913272d3f,84d3d382b647b3ceed0d8f77d0d67bffb9096aa4,0.4462890625,56.0,255.0,75.95653935118911,64,0.5481400437636762,22,0.875,/home/galetka/Documents/Programming/hi-csg-r/data/processed/school_notebooks/ocr_images/school_notebooks_train_0177342.png,word,,0.875,,,2048.0,school_notebooks_train_0177342,train,very_short_text;foreground_heavy;probable_horizontal_ruling,7,1,уж,2,120,0,0,0,0,0,64,32.0
5888,1.4375,,0.0,pupil_text,1,183.0,213e2f3b07034121,f8f11702bfb000a03ba6643f841547fc3f3bd79f,0.4116847826086957,72.0,255.0,78.1219599597558,64,0.5466171617161716,28,0.8260869565217391,/home/galetka/Documents/Programming/hi-csg-r/data/processed/school_notebooks/ocr_images/school_notebooks_train_0261539.png,word,,0.8043478260869565,,,2944.0,school_notebooks_train_0261539,train,very_short_text;foreground_heavy;probable_horizontal_ruling,7,1,на,2,120,0,0,0,0,0,92,46.0
4864,1.1875,,0.0,pupil_text,1,190.0,2746970911334f6c,553bb8a3b143119ca6c0fac90f3cf27ae54970e3,0.45086348684210525,65.0,255.0,78.54506142995004,64,0.5426356589147286,25,0.8552631578947368,/home/galetka/Documents/Programming/hi-csg-r/data/processed/school_notebooks/ocr_images/school_notebooks_train_0163057.png,word,,0.7631578947368421,,,2432.0,school_notebooks_train_0163057,train,very_short_text;foreground_heavy;probable_horizontal_ruling,7,1,но,2,120,0,0,0,0,0,76,38.0
6400,1.5625,,0.0,pupil_text,1,219.0,2303336755292d3f,aacd5fae33e621bea5c3b670ed8b1ec7a6570758,0.62109375,36.0,255.0,76.34925586726025,64,0.5408805031446541,34,0.88,/home/galetka/Documents/Programming/hi-csg-r/data/processed/school_notebooks/ocr_images/school_notebooks_train_0226714.png,word,,0.86,,,3200.0,school_notebooks_train_0226714,train,very_short_text;foreground_heavy;probable_horizontal_ruling,7,1,гл,2,120,0,0,0,0,0,100,50.0
6208,1.515625,,0.0,pupil_text,1,210.0,603f2b13276b7f60,8ac506036a6fc83d5b55830dd605ea9c2ff0928d,0.5056378865979382,45.0,255.0,80.41107659810707,64,0.5393437400446002,30,0.8556701030927835,/home/galetka/Documents/Programming/hi-csg-r/data/processed/school_notebooks/ocr_images/school_notebooks_train_0207850.png,word,,0.8556701030927835,,,3104.0,school_notebooks_train_0207850,train,very_short_text;foreground_heavy;probable_horizontal_ruling,7,1,по,2,120,0,0,0,0,0,97,48.5
6528,1.59375,,0.0,pupil_text,2,196.0,292e272723274b5b,f777785da1b513afd18ac41d2b776c3f46117784,0.3825061274509804,59.0,255.0,77.94769816464402,64,0.5382458950740889,21,0.803921568627451,/home/galetka/Documents/Programming/hi-csg-r/data/processed/school_notebooks/ocr_images/school_notebooks_train_0086690.png,word,,0.7941176470588235,,,3264.0,school_notebooks_train_0086690,train,very_short_text;foreground_heavy;probable_horizontal_ruling,7,1,на,2,120,0,0,0,0,0,102,51.0
6912,1.6875,,0.0,pupil_text,1,237.0,271b1b2b6f473b7f,2a81062fad5e294d0c5f075e14992eb5cfcac04e,0.6804108796296297,17.0,254.0,80.59092407626457,64,0.5364660854773549,36,0.9074074074074074,/home/galetka/Documents/Programming/hi-csg-r/data/processed/school_notebooks/ocr_images/school_notebooks_train_0225159.png,word,,0.8981481481481481,,,3456.0,school_notebooks_train_0225159,train,very_short_text;foreground_heavy;probable_horizontal_ruling,7,1,ел,2,120,0,0,0,0,0,108,54.0
8064,1.96875,,0.0,pupil_text,1,216.0,807e5743272d1f00,64de63260c8cacc246d57cb49863b70c3aaaee72,0.4341517857142857,39.0,255.0,82.40311809310533,64,0.5344187375035704,25,0.8650793650793651,/home/galetka/Documents/Programming/hi-csg-r/data/processed/school_notebooks/ocr_images/school_notebooks_train_0147892.png,word,,0.7777777777777778,,,4032.0,school_notebooks_train_0147892,train,very_short_text;foreground_heavy;probable_horizontal_ruling,7,1,на,2,120,0,0,0,0,0,126,63.0
4096,1.0,,0.0,pupil_text,1,199.0,109f0f1717370e09,9c2b1941cd9265d79e592719aed09587b9b5a664,0.411376953125,55.0,254.0,78.68558768894555,64,0.5270029673590505,26,0.796875,/home/galetka/Documents/Programming/hi-csg-r/data/processed/school_notebooks/ocr_images/school_notebooks_train_0019581.png,word,,0.703125,,,2048.0,school_notebooks_train_0019581,train,very_short_text;foreground_heavy;probable_horizontal_ruling,7,1,is,2,120,0,0,0,0,0,64,32.0
4864,1.1875,,0.0,pupil_text,2,201.0,010113073b337f70,1ac2e857096cef511d64b1f797af6f40138da50a,0.35176809210526316,54.0,255.0,78.84193835208315,64,0.5265926358854471,21,0.7236842105263158,/home/galetka/Documents/Programming/hi-csg-r/data/processed/school_notebooks/ocr_images/school_notebooks_train_0127169.png,word,,0.7105263157894737,,,2432.0,school_notebooks_train_0127169,train,very_short_text;foreground_heavy;probable_horizontal_ruling,7,1,от,2,120,0,0,0,0,0,76,38.0
4096,1.0,,0.0,pupil_text,3,217.0,1f961e0e16362e37,dba526ebca794cde13f76c82d5efdce49fa4dbcd,0.353271484375,38.0,255.0,83.2489689023513,64,0.5259156876295784,22,0.640625,/home/galetka/Documents/Programming/hi-csg-r/data/processed/school_notebooks/ocr_images/school_notebooks_train_0179970.png,word,,0.625,,,2048.0,school_notebooks_train_0179970,train,very_short_text;foreground_heavy;probable_horizontal_ruling,7,1,не,2,120,0,0,0,0,0,64,32.0
5824,1.421875,,0.0,pupil_comment,1,204.0,00030b3b3b5f1c01,3d73d676ab23aadc448b9899db7bf8d973a5699a,0.41225961538461536,51.0,255.0,79.00840845143429,64,0.5256143273635985,28,0.7802197802197802,/home/galetka/Documents/Programming/hi-csg-r/data/processed/school_notebooks/ocr_images/school_notebooks_train_0222396.png,word,,0.7472527472527473,,,2912.0,school_notebooks_train_0222396,train,very_short_text;foreground_heavy;probable_horizontal_ruling,7,1,п.,2,120,0,0,0,0,0,91,45.5
6208,1.515625,,0.0,teacher_comment,3,192.0,011e3b272d271706,5507c5909748dfb0b3ad180ad618966e09d433c2,0.39223582474226804,63.0,255.0,79.18720361052384,64,0.5252566735112937,28,0.7422680412371134,/home/galetka/Documents/Programming/hi-csg-r/data/processed/school_notebooks/ocr_images/school_notebooks_train_0223647.png,word,,0.7319587628865979,,,3104.0,school_notebooks_train_0223647,train,very_short_text;foreground_heavy;probable_horizontal_ruling,7,1,го,2,120,0,0,0,0,0,97,48.5
4096,1.0,,0.0,pupil_text,1,204.0,613f2f3b3b6e1e19,d0608f3e40da59dbf48a06400ed31c9c146c4a91,0.41943359375,51.0,255.0,79.40924147961377,64,0.5250291036088475,27,0.734375,/home/galetka/Documents/Programming/hi-csg-r/data/processed/school_notebooks/ocr_images/school_notebooks_train_0019585.png,word,,0.703125,,,2048.0,school_notebooks_train_0019585,train,very_short_text;foreground_heavy;probable_horizontal_ruling,7,1,is,2,120,0,0,0,0,0,64,32.0
6976,1.703125,,0.0,pupil_comment,1,210.0,003b2b2b2b2f4b00,db0e467dae08164a2e5778012ccda2561893fa84,0.4331995412844037,45.0,255.0,80.26447915595675,64,0.5205162144275315,28,0.7798165137614679,/home/galetka/Documents/Programming/hi-csg-r/data/processed/school_notebooks/ocr_images/school_notebooks_train_0222622.png,word,,0.7981651376146789,,,3488.0,school_notebooks_train_0222622,train,very_short_text;foreground_heavy;probable_horizontal_ruling,7,1,п.,2,120,0,0,0,0,0,109,54.5
6016,1.46875,,0.0,pupil_text,1,196.0,0a1d1e171b333f90,76cfca170840c3774ca0be09b8debbce4c3ca8cc,0.42569813829787234,58.0,254.0,79.07691237822573,64,0.5185474424053105,26,0.8297872340425532,/home/galetka/Documents/Programming/hi-csg-r/data/processed/school_notebooks/ocr_images/school_notebooks_train_0223072.png,word,,0.7659574468085106,,,3008.0,school_notebooks_train_0223072,train,very_short_text;foreground_heavy;probable_horizontal_ruling,7,1,7.,2,120,0,0,0,0,0,94,47.0
4608,1.125,,0.0,pupil_text,1,207.0,7471348713372f37,8417f03981b7109922fc7e0550cb49dc0c006c2e,0.3567708333333333,48.0,255.0,80.3169911046344,64,0.5182481751824818,19,0.8055555555555556,/home/galetka/Documents/Programming/hi-csg-r/data/processed/school_notebooks/ocr_images/school_notebooks_train_0240880.png,word,,0.8055555555555556,,,2304.0,school_notebooks_train_0240880,train,very_short_text;foreground_heavy;probable_horizontal_ruling,7,1,уж,2,120,0,0,0,0,0,72,36.0
4736,1.15625,,0.0,pupil_text,4,223.0,080f2f092565071f,700e073d4d880ca3fe53f6973fbbe6620672e497,0.49155405405405406,32.0,255.0,81.07702944088466,64,0.5171821305841925,30,0.7837837837837838,/home/galetka/Documents/Programming/hi-csg-r/data/processed/school_notebooks/ocr_images/school_notebooks_train_0225341.png,word,,0.7702702702702703,,,2368.0,school_notebooks_train_0225341,train,very_short_text;foreground_heavy;probable_horizontal_ruling,7,1,ли,2,120,0,0,0,0,0,74,37.0
6848,1.671875,,0.0,pupil_text,1,228.0,262f6727676b7f00,f14465edafc86677687e8926a07e34378296f93d,0.49196845794392524,27.0,255.0,85.34257418677821,64,0.5155832591273375,26,0.8504672897196262,/home/galetka/Documents/Programming/hi-csg-r/data/processed/school_notebooks/ocr_images/school_notebooks_train_0225032.png,word,,0.8504672897196262,,,3424.0,school_notebooks_train_0225032,train,very_short_text;foreground_heavy;probable_horizontal_ruling,7,1,на,2,120,0,0,0,0,0,107,53.5
4096,1.0,,0.0,pupil_comment,1,188.0,001f1e3733939f00,50d9aa193e3a92b42422f6a564c6c017e2cc1b28,0.35693359375,67.0,255.0,77.18984192256838,64,0.512311901504788,26,0.734375,/home/galetka/Documents/Programming/hi-csg-r/data/processed/school_notebooks/ocr_images/school_notebooks_train_0221694.png,word,,0.59375,,,2048.0,school_notebooks_train_0221694,train,very_short_text;foreground_heavy;probable_horizontal_ruling,7,1,с.,2,120,0,0,0,0,0,64,32.0
6400,1.5625,,0.0,pupil_text,1,204.0,989f2b2b33374f7e,56d2166c46427b1924cb016892ab26c1bccb1e50,0.481875,51.0,255.0,80.49733643691262,64,0.5119974059662775,30,0.85,/home/galetka/Documents/Programming/hi-csg-r/data/processed/school_notebooks/ocr_images/school_notebooks_train_0163049.png,word,,0.79,,,3200.0,school_notebooks_train_0163049,train,very_short_text;foreground_heavy;probable_horizontal_ruling,7,1,не,2,120,0,0,0,0,0,100,50.0
5632,1.375,,0.0,pupil_text,2,217.0,9e0f2b5313256151,bbfe77c3cd70563e2ebb76cac549063eba01fcf0,0.5726207386363636,38.0,255.0,77.89207830021047,64,0.5116279069767442,32,0.8863636363636364,/home/galetka/Documents/Programming/hi-csg-r/data/processed/school_notebooks/ocr_images/school_notebooks_train_0225817.png,word,,0.875,,,2816.0,school_notebooks_train_0225817,train,very_short_text;foreground_heavy;probable_horizontal_ruling,7,1,на,2,120,0,0,0,0,0,88,44.0
4480,1.09375,,0.0,pupil_text,1,189.0,7d752d2d2f032363,9953a4cac8a393f074a73b733f6a32b063107dca,0.6116071428571429,66.0,255.0,71.83246547558437,64,0.5113138686131387,36,0.8571428571428571,/home/galetka/Documents/Programming/hi-csg-r/data/processed/school_notebooks/ocr_images/school_notebooks_train_0216745.png,word,,0.8285714285714286,,,2240.0,school_notebooks_train_0216745,train,very_short_text;foreground_heavy;probable_horizontal_ruling,7,1,п.,2,120,0,0,0,0,0,70,35.0
4416,1.078125,,0.0,pupil_text,1,191.25,1c1b272d2b0b1b47,5df44215de87020f72d43b14fd20344a38b95b61,0.4003623188405797,62.75,254.0,76.82759313140302,64,0.5107466063348416,24,0.8115942028985508,/home/galetka/Documents/Programming/hi-csg-r/data/processed/school_notebooks/ocr_images/school_notebooks_train_0222781.png,word,,0.782608695652174,,,2208.0,school_notebooks_train_0222781,train,very_short_text;foreground_heavy;probable_horizontal_ruling,7,1,1.,2,120,0,0,0,0,0,69,34.5
4736,1.15625,,0.0,pupil_text,2,210.0,022b336b4b132f1e,ff158f1fd2b4171bf4ac3da73f66060c7089461e,0.5316722972972973,45.0,255.0,77.09245907419371,64,0.5063542494042891,32,0.8378378378378378,/home/galetka/Documents/Programming/hi-csg-r/data/processed/school_notebooks/ocr_images/school_notebooks_train_0175684.png,word,,0.8108108108108109,,,2368.0,school_notebooks_train_0175684,train,very_short_text;foreground_heavy;probable_horizontal_ruling,7,1,со,2,120,0,0,0,0,0,74,37.0
5760,1.40625,,0.0,pupil_text,1,215.0,901f1f1b374b1f1c,419bb4578fcae0785a59f03f323fa26690309f78,0.5133680555555555,40.0,255.0,81.88161682735725,64,0.5038890767669936,30,0.8555555555555555,/home/galetka/Documents/Programming/hi-csg-r/data/processed/school_notebooks/ocr_images/school_notebooks_train_0131025.png,word,,0.8333333333333334,,,2880.0,school_notebooks_train_0131025,train,very_short_text;foreground_heavy;probable_horizontal_ruling,7,1,на,2,120,0,0,0,0,0,90,45.0
6656,1.625,,0.0,pupil_comment,1,217.0,4b981f332335276c,50a91090a03891b28dfa6570f6640d7c17a1b5bc,0.4378004807692308,38.0,255.0,88.03583262065878,64,0.5020590253946465,23,0.7980769230769231,/home/galetka/Documents/Programming/hi-csg-r/data/processed/school_notebooks/ocr_images/school_notebooks_val_0289259.png,word,,0.8269230769230769,,,3328.0,school_notebooks_val_0289259,val,very_short_text;foreground_heavy;probable_horizontal_ruling,7,1,вр,2,120,0,0,0,0,0,104,52.0
5632,1.375,,0.0,pupil_text,1,211.0,8826171727233d80,c2859cd154bb68d523b4abdc8f00a4b1b03e5f61,0.41264204545454547,43.0,254.0,81.05755962512431,64,0.5017211703958692,23,0.7727272727272727,/home/galetka/Documents/Programming/hi-csg-r/data/processed/school_notebooks/ocr_images/school_notebooks_train_0179332.png,word,,0.75,,,2816.0,school_notebooks_train_0179332,train,very_short_text;foreground_heavy;probable_horizontal_ruling,7,1,не,2,120,0,0,0,0,0,88,44.0
6080,1.484375,,0.0,pupil_text,1,229.0,213e1f3747570101,df506e31c51928e4f7b56ef36840481eb002e950,0.46282894736842106,25.0,254.0,85.81493474026698,64,0.5010660980810234,28,0.8631578947368421,/home/galetka/Documents/Programming/hi-csg-r/data/processed/school_notebooks/ocr_images/school_notebooks_train_0224188.png,word,,0.8421052631578947,,,3040.0,school_notebooks_train_0224188,train,very_short_text;foreground_heavy;probable_horizontal_ruling,7,1,на,2,120,0,0,0,0,0,95,47.5
4608,1.125,,0.0,teacher_comment,4,171.0,9c1f0b5913138746,7930b0ae21c45213f9288c0865bb573dfefc70d1,0.4184027777777778,83.0,254.0,73.271413592772,64,0.5005186721991701,29,0.8194444444444444,/home/galetka/Documents/Programming/hi-csg-r/data/processed/school_notebooks/ocr_images/school_notebooks_train_0036642.png,word,,0.8055555555555556,,,2304.0,school_notebooks_train_0036642,train,very_short_text;foreground_heavy;probable_horizontal_ruling,7,1,1-,2,120,0,0,0,0,0,72,36.0
6144,1.5,,0.0,pupil_comment,1,214.0,5c961f1f3b6b7f60,203693880aa1f7678b6a67c82a2fec29d1f6d20b,0.4161783854166667,41.0,255.0,85.2232883848768,64,0.5001955416503715,25,0.8020833333333334,/home/galetka/Documents/Programming/hi-csg-r/data/processed/school_notebooks/ocr_images/school_notebooks_train_0133023.png,word,,0.7916666666666666,,,3072.0,school_notebooks_train_0133023,train,very_short_text;foreground_heavy;probable_horizontal_ruling,7,1,м.,2,120,0,0,0,0,0,96,48.0
6976,1.703125,,0.0,pupil_text,4,195.0,004b772723273d00,7aeb152c8a7404237c54525af0b97d633e7b745d,0.36840596330275227,60.0,255.0,79.98370468152939,64,0.5,19,0.7889908256880734,/home/galetka/Documents/Programming/hi-csg-r/data/processed/school_notebooks/ocr_images/school_notebooks_val_0271035.png,word,,0.7706422018348624,,,3488.0,school_notebooks_val_0271035,val,very_short_text;foreground_heavy;probable_horizontal_ruling,7,1,на,2,120,0,0,0,0,0,109,54.5
6336,1.546875,,0.0,pupil_comment,1,209.0,13303b23272b3340,beadbac5427b73bc1987275a2079f479dc2d3f9f,0.4127209595959596,46.0,255.0,85.38909317749973,64,0.4994263862332696,26,0.797979797979798,/home/galetka/Documents/Programming/hi-csg-r/data/processed/school_notebooks/ocr_images/school_notebooks_train_0069000.png,word,,0.7878787878787878,,,3168.0,school_notebooks_train_0069000,train,very_short_text;foreground_heavy;probable_horizontal_ruling,7,1,вр,2,120,0,0,0,0,0,99,49.5
6208,1.515625,,0.0,pupil_text,1,206.0,800f27372f0b0100,136dc02d445c62e1b8983ab94d4d00dc5c4f389d,0.3642074742268041,49.0,255.0,84.50604497879799,64,0.4984520123839009,21,0.7628865979381443,/home/galetka/Documents/Programming/hi-csg-r/data/processed/school_notebooks/ocr_images/school_notebooks_train_0169662.png,word,,0.6597938144329897,,,3104.0,school_notebooks_train_0169662,train,very_short_text;foreground_heavy;probable_horizontal_ruling,7,1,на,2,120,0,0,0,0,0,97,48.5
4480,1.09375,,0.0,pupil_text,3,214.0,989f33236b2f3737,5515af3dd99f9f0cc9cbd91302c867b023a332b3,0.4212053571428571,40.0,254.0,78.97825561313618,64,0.4923158452570217,23,0.7714285714285715,/home/galetka/Documents/Programming/hi-csg-r/data/processed/school_notebooks/ocr_images/school_notebooks_train_0230037.png,word,,0.7428571428571429,,,2240.0,school_notebooks_train_0230037,train,very_short_text;foreground_heavy;probable_horizontal_ruling,7,1,со,2,120,0,0,0,0,0,70,35.0
4096,1.0,,0.0,pupil_text,1,179.0,383f232727230706,61199b0327cf8711a9550e09b9693bf4d0afe355,0.467529296875,76.0,255.0,74.42578419716541,64,0.4919060052219321,29,0.78125,/home/galetka/Documents/Programming/hi-csg-r/data/processed/school_notebooks/ocr_images/school_notebooks_train_0018997.png,word,,0.75,,,2048.0,school_notebooks_train_0018997,train,very_short_text;foreground_heavy;probable_horizontal_ruling,7,1,is,2,120,0,0,0,0,0,64,32.0
5184,1.265625,,0.0,pupil_comment,1,214.0,181f333919313181,b8fe9ba5fa9b6a290c897d0e5561e753056dd60b,0.5131172839506173,41.0,255.0,82.44356888739954,64,0.48909774436090225,31,0.8271604938271605,/home/galetka/Documents/Programming/hi-csg-r/data/processed/school_notebooks/ocr_images/school_notebooks_train_0241062.png,word,,0.8024691358024691,,,2592.0,school_notebooks_train_0241062,train,very_short_text;foreground_heavy;probable_horizontal_ruling,7,1,3л,2,120,0,0,0,0,0,81,40.5
4160,1.015625,,0.0,pupil_text,1,197.0,061b133333233f38,b0cbf994e9bc68532184589d09daf0f334cd360e,0.49567307692307694,58.0,255.0,77.5932269950703,64,0.488360814742968,32,0.8,/home/galetka/Documents/Programming/hi-csg-r/data/processed/school_notebooks/ocr_images/school_notebooks_train_0019147.png,word,,0.7384615384615385,,,2080.0,school_notebooks_train_0019147,train,very_short_text;foreground_heavy;probable_horizontal_ruling,7,1,is,2,120,0,0,0,0,0,65,32.5
5376,1.3125,,0.0,pupil_text,1,214.0,01031f0f2b2f3f20,9bb579207742fbaf8e087b7b5c76cdb2087d0ee1,0.43005952380952384,41.0,255.0,79.97693728918104,64,0.48313148788927335,25,0.8333333333333334,/home/galetka/Documents/Programming/hi-csg-r/data/processed/school_notebooks/ocr_images/school_notebooks_train_0220580.png,word,,0.7261904761904762,,,2688.0,school_notebooks_train_0220580,train,very_short_text;foreground_heavy;probable_horizontal_ruling,7,1,ii,2,120,0,0,0,0,0,84,42.0
5184,1.265625,,0.0,pupil_comment,1,202.0,090e1e1b3b5b0301,ff1b58388d8912c9466295bf0923703be7116311,0.41570216049382713,52.0,254.0,77.0387988923626,64,0.4816705336426914,29,0.7901234567901234,/home/galetka/Documents/Programming/hi-csg-r/data/processed/school_notebooks/ocr_images/school_notebooks_train_0222619.png,word,,0.7654320987654321,,,2592.0,school_notebooks_train_0222619,train,very_short_text;foreground_heavy;probable_horizontal_ruling,7,1,п.,2,120,0,0,0,0,0,81,40.5
6272,1.53125,,0.0,pupil_text,3,195.0,203f1b1327270602,f24728f6c54ddfb168761cf32733db97ef06437e,0.389827806122449,59.0,254.0,79.04511606505177,64,0.4801635991820041,21,0.7857142857142857,/home/galetka/Documents/Programming/hi-csg-r/data/processed/school_notebooks/ocr_images/school_notebooks_train_0208094.png,word,,0.7244897959183674,,,3136.0,school_notebooks_train_0208094,train,very_short_text;foreground_heavy;probable_horizontal_ruling,7,1,не,2,120,0,0,0,0,0,98,49.0
6336,1.546875,,0.0,pupil_text,4,200.0,2d1d1b1727031d61,55ecc26c0f4e279536f8dd897852fcd9dfdb62e2,0.36426767676767674,55.0,255.0,76.37521293426101,64,0.4761698440207972,17,0.8484848484848485,/home/galetka/Documents/Programming/hi-csg-r/data/processed/school_notebooks/ocr_images/school_notebooks_test_0321596.png,word,,0.8484848484848485,,,3168.0,school_notebooks_test_0321596,test,very_short_text;foreground_heavy;probable_horizontal_ruling,7,1,на,2,120,0,0,0,0,0,99,49.5
6080,1.484375,,0.0,pupil_text,2,197.05,1341011331350b1b,dc57ea919a9811d8f29fbfe5d9abe52127b409e5,0.4473684210526316,57.94999999999999,255.0,75.21211203267146,64,0.4724264705882353,20,0.8947368421052632,/home/galetka/Documents/Programming/hi-csg-r/data/processed/school_notebooks/ocr_images/school_notebooks_train_0176540.png,word,,0.8842105263157894,,,3040.0,school_notebooks_train_0176540,train,very_short_text;foreground_heavy;probable_horizontal_ruling,7,1,-а,2,120,0,0,0,0,0,95,47.5
4928,1.203125,,0.0,pupil_text,1,187.0,3e3f2317372f0303,eb4b9386944ba3eba7bc84b13443c4084113a115,0.367086038961039,68.0,255.0,74.28778455872323,64,0.4709784411276949,19,0.8441558441558441,/home/galetka/Documents/Programming/hi-csg-r/data/processed/school_notebooks/ocr_images/school_notebooks_train_0206737.png,word,,0.7922077922077922,,,2464.0,school_notebooks_train_0206737,train,very_short_text;foreground_heavy;probable_horizontal_ruling,7,1,от,2,120,0,0,0,0,0,77,38.5
4096,1.0,,0.0,pupil_text,1,185.25,3f2337374e060666,e50053a348532d17418be93a90594979408f0dd6,0.365478515625,69.75,255.0,76.34341255976912,64,0.4696058784235137,21,0.703125,/home/galetka/Documents/Programming/hi-csg-r/data/processed/school_notebooks/ocr_images/school_notebooks_val_0269962.png,word,,0.65625,,,2048.0,school_notebooks_val_0269962,val,very_short_text;foreground_heavy;probable_horizontal_ruling,7,1,из,2,120,0,0,0,0,0,64,32.0
4608,1.125,,0.0,pupil_text,3,205.64999999999998,0111191b1b1b2714,a767cb25ccdd20efc018881e275e8525dc71c341,0.4368489583333333,49.35000000000002,255.0,77.45387578060377,64,0.4689518132141083,25,0.75,/home/galetka/Documents/Programming/hi-csg-r/data/processed/school_notebooks/ocr_images/school_notebooks_train_0019131.png,word,,0.7361111111111112,,,2304.0,school_notebooks_train_0019131,train,very_short_text;foreground_heavy;probable_horizontal_ruling,7,1,ч),2,120,0,0,0,0,0,72,36.0
6272,1.53125,,0.0,pupil_text,1,236.0,332b331737671b3e,5dddf4b9488765557926db9f5aa58ec1a98d7034,0.5639349489795918,19.0,255.0,84.80180955436572,64,0.46366977664687586,32,0.8571428571428571,/home/galetka/Documents/Programming/hi-csg-r/data/processed/school_notebooks/ocr_images/school_notebooks_train_0227149.png,word,,0.8367346938775511,,,3136.0,school_notebooks_train_0227149,train,very_short_text;foreground_heavy;probable_horizontal_ruling,7,1,на,2,120,0,0,0,0,0,98,49.0
9600,2.34375,,0.0,pupil_text,4,203.0,383f293955c70352,b02a325fc0677c64859814f05f52936d70657712,0.3697916666666667,51.0,254.0,79.53999228201008,64,0.4630985915492958,21,0.8,/home/galetka/Documents/Programming/hi-csg-r/data/processed/school_notebooks/ocr_images/school_notebooks_train_0010071.png,word,,0.8,,,4800.0,school_notebooks_train_0010071,train,very_short_text;foreground_heavy;probable_horizontal_ruling,7,1,то,2,120,0,0,0,0,0,150,75.0
7040,1.71875,,0.0,pupil_text,2,227.0,00073355472f0e09,0e5ac93f2ffac8ddc46a7a8466ba26b2a1d347a7,0.3700284090909091,28.0,255.0,85.95384776139849,64,0.45911708253358924,19,0.7909090909090909,/home/galetka/Documents/Programming/hi-csg-r/data/processed/school_notebooks/ocr_images/school_notebooks_train_0146222.png,word,,0.7545454545454545,,,3520.0,school_notebooks_train_0146222,train,very_short_text;foreground_heavy;probable_horizontal_ruling,7,1,по,2,120,0,0,0,0,0,110,55.0
4672,1.140625,,0.0,pupil_text,5,202.0,1c1f2735270f078e,b00dd6a1044db75a2632c1cbdf0e3293be62993c,0.3846318493150685,52.0,254.0,76.31580378972572,64,0.45798553144129106,21,0.7397260273972602,/home/galetka/Documents/Programming/hi-csg-r/data/processed/school_notebooks/ocr_images/school_notebooks_train_0176320.png,word,,0.6986301369863014,,,2336.0,school_notebooks_train_0176320,train,very_short_text;foreground_heavy;probable_horizontal_ruling,7,1,её,2,120,0,0,0,0,0,73,36.5
6912,1.6875,,0.0,pupil_text,3,219.0,3e3f3317274f5626,ef9cfd945a2004809ccc6922f2874d3b74bc9e6a,0.46296296296296297,35.0,254.0,80.24569529570249,64,0.45375,28,0.8055555555555556,/home/galetka/Documents/Programming/hi-csg-r/data/processed/school_notebooks/ocr_images/school_notebooks_train_0218310.png,word,,0.6851851851851852,,,3456.0,school_notebooks_train_0218310,train,very_short_text;foreground_heavy;probable_horizontal_ruling,7,1,не,2,120,0,0,0,0,0,108,54.0
7552,1.84375,,0.0,pupil_text,1,220.0,0015274779697f00,8e493ec2c55f50fbfb430af999d3bcfe70a22cb4,0.405323093220339,35.0,255.0,83.07381500073029,64,0.45344658608297944,19,0.847457627118644,/home/galetka/Documents/Programming/hi-csg-r/data/processed/school_notebooks/ocr_images/school_notebooks_train_0032999.png,word,,0.847457627118644,,,3776.0,school_notebooks_train_0032999,train,very_short_text;foreground_heavy;probable_horizontal_ruling,7,1,от,2,120,0,0,0,0,0,118,59.0
6400,1.5625,,0.0,pupil_text,1,211.0,3a3b181f276b3f38,20027459bd095cc4c754520988635e4da4183460,0.4446875,44.0,255.0,80.02034736952626,64,0.4532677442023893,22,0.88,/home/galetka/Documents/Programming/hi-csg-r/data/processed/school_notebooks/ocr_images/school_notebooks_train_0222977.png,word,,0.87,,,3200.0,school_notebooks_train_0222977,train,very_short_text;foreground_heavy;probable_horizontal_ruling,7,1,за,2,120,0,0,0,0,0,100,50.0
5632,1.375,,0.0,pupil_text,1,207.0,1c9f951b37074373,aa97351304a1d617d4a4c8810c463e96942dff62,0.48774857954545453,48.0,255.0,81.97111740979841,64,0.4524936294139061,23,0.8636363636363636,/home/galetka/Documents/Programming/hi-csg-r/data/processed/school_notebooks/ocr_images/school_notebooks_train_0163097.png,word,,0.7840909090909091,,,2816.0,school_notebooks_train_0163097,train,very_short_text;foreground_heavy;probable_horizontal_ruling,7,1,не,2,120,0,0,0,0,0,88,44.0
5248,1.28125,,0.0,pupil_comment,1,223.0,003f2f2f2f2f3801,afda615c6872995e41e3867ff61bc9ed170de4d7,0.35003810975609756,32.0,255.0,84.91251516437377,64,0.4512792596624932,17,0.7560975609756098,/home/galetka/Documents/Programming/hi-csg-r/data/processed/school_notebooks/ocr_images/school_notebooks_train_0222258.png,word,,0.7560975609756098,,,2624.0,school_notebooks_train_0222258,train,very_short_text;foreground_heavy;probable_horizontal_ruling,7,1,п.,2,120,0,0,0,0,0,82,41.0
4096,1.0,,0.0,pupil_text,1,196.0,313e27272f2b6706,dc20663e8b200bcc1075b97c4b02b582356e98b0,0.4541015625,59.0,255.0,77.539479317878,64,0.44946236559139785,25,0.734375,/home/galetka/Documents/Programming/hi-csg-r/data/processed/school_notebooks/ocr_images/school_notebooks_train_0019148.png,word,,0.6875,,,2048.0,school_notebooks_train_0019148,train,very_short_text;foreground_heavy;probable_horizontal_ruling,7,1,it,2,120,0,0,0,0,0,64,32.0
8384,2.046875,,0.0,pupil_text,3,210.0,400f336315332380,43ccc06d2d23f40db97e694257b917d1f735b34c,0.399212786259542,44.0,254.0,80.51243545268326,64,0.4493576337018225,20,0.8015267175572519,/home/galetka/Documents/Programming/hi-csg-r/data/processed/school_notebooks/ocr_images/school_notebooks_train_0013293.png,word,,0.7862595419847328,,,4192.0,school_notebooks_train_0013293,train,very_short_text;foreground_heavy;probable_horizontal_ruling,7,1,но,2,120,0,0,0,0,0,131,65.5
5184,1.265625,,0.0,pupil_text,1,211.0,383f1f2b73130646,af2fb7a58032ecdbc832ca81cba74a4c9961deba,0.46084104938271603,44.0,255.0,81.11201691607998,64,0.4487233151946421,22,0.8395061728395061,/home/galetka/Documents/Programming/hi-csg-r/data/processed/school_notebooks/ocr_images/school_notebooks_train_0019579.png,word,,0.7777777777777778,,,2592.0,school_notebooks_train_0019579,train,very_short_text;foreground_heavy;probable_horizontal_ruling,7,1,my,2,120,0,0,0,0,0,81,40.5
4992,1.21875,,0.0,pupil_text,3,200.0,0626061727231f9c,0c5888fc184c641e47f3b158ca868f080ba57561,0.4046474358974359,54.0,254.0,78.93920858347367,64,0.44752475247524753,24,0.7307692307692307,/home/galetka/Documents/Programming/hi-csg-r/data/processed/school_notebooks/ocr_images/school_notebooks_train_0179951.png,word,,0.7307692307692307,,,2496.0,school_notebooks_train_0179951,train,very_short_text;foreground_heavy;probable_horizontal_ruling,7,1,не,2,120,0,0,0,0,0,78,39.0
6272,1.53125,,0.0,pupil_comment,1,196.0,001b37252d350300,0c62d7033c972dbb2da7a4747f87dd981425ebd1,0.4491390306122449,59.0,255.0,80.21751381027893,64,0.43734469293574724,22,0.7653061224489796,/home/galetka/Documents/Programming/hi-csg-r/data/processed/school_notebooks/ocr_images/school_notebooks_train_0237366.png,word,,0.7653061224489796,,,3136.0,school_notebooks_train_0237366,train,very_short_text;foreground_heavy;probable_horizontal_ruling,7,1,и.,2,120,0,0,0,0,0,98,49.0
5760,1.40625,,0.0,pupil_text,1,203.0,9c9f193b1333374c,3a78d00b1edfa2c2aec9f6622b029788a0f9dc08,0.4774305555555556,51.0,254.0,78.05629435672967,64,0.436,25,0.7777777777777778,/home/galetka/Documents/Programming/hi-csg-r/data/processed/school_notebooks/ocr_images/school_notebooks_train_0019038.png,word,,0.7444444444444445,,,2880.0,school_notebooks_train_0019038,train,very_short_text;foreground_heavy;probable_horizontal_ruling,7,1,99,2,120,0,0,0,0,0,90,45.0
5888,1.4375,,0.0,pupil_text,1,219.0,b03e361e3f2d2183,23d0d3dc4cad3cf154ac2798faec2a64b797c0a5,0.4132133152173913,35.0,254.0,83.06567649080267,64,0.4356761200164406,21,0.8369565217391305,/home/galetka/Documents/Programming/hi-csg-r/data/processed/school_notebooks/ocr_images/school_notebooks_train_0241156.png,word,,0.7608695652173914,,,2944.0,school_notebooks_train_0241156,train,very_short_text;foreground_heavy;probable_horizontal_ruling,7,1,ж.,2,120,0,0,0,0,0,92,46.0
5376,1.3125,,0.0,pupil_comment,1,210.0,801b0f1f2f2f2f80,5268e0ff6a14665ca8d6b40807a06d936bdda5ff,0.42020089285714285,44.0,254.0,81.6181021494281,64,0.4355909694555113,26,0.75,/home/galetka/Documents/Programming/hi-csg-r/data/processed/school_notebooks/ocr_images/school_notebooks_train_0222376.png,word,,0.6904761904761905,,,2688.0,school_notebooks_train_0222376,train,very_short_text;foreground_heavy;probable_horizontal_ruling,7,1,п.,2,120,0,0,0,0,0,84,42.0
4864,1.1875,,0.0,pupil_text,2,197.85,430705356d6f2f1e,dbd0b378220d99fc9bdb7981d2b987a6dd9e52b8,0.4200246710526316,57.150000000000006,255.0,74.8968162207045,64,0.434654919236417,19,0.881578947368421,/home/galetka/Documents/Programming/hi-csg-r/data/processed/school_notebooks/ocr_images/school_notebooks_train_0126719.png,word,,0.8421052631578947,,,2432.0,school_notebooks_train_0126719,train,very_short_text;foreground_heavy;probable_horizontal_ruling,7,1,её,2,120,0,0,0,0,0,76,38.0
4096,1.0,,0.0,pupil_text,1,223.0,4c9f2b17273f706f,c1415555693aee6cdbd2c9a84a4fa6d10fb02146,0.35791015625,32.0,255.0,84.28064073498699,64,0.42360163710777626,19,0.84375,/home/galetka/Documents/Programming/hi-csg-r/data/processed/school_notebooks/ocr_images/school_notebooks_train_0236191.png,word,,0.765625,,,2048.0,school_notebooks_train_0236191,train,very_short_text;foreground_heavy;probable_horizontal_ruling,7,1,на,2,120,0,0,0,0,0,64,32.0
4544,1.109375,,0.0,pupil_text,1,198.85,383f672b47351181,b11c262df94234acfdb1c2787d9471a3cac4474e,0.444762323943662,56.150000000000006,255.0,77.12636755095514,64,0.4210786739238001,20,0.8309859154929577,/home/galetka/Documents/Programming/hi-csg-r/data/processed/school_notebooks/ocr_images/school_notebooks_train_0101826.png,word,,0.7887323943661971,,,2272.0,school_notebooks_train_0101826,train,very_short_text;foreground_heavy;probable_horizontal_ruling,7,1,и.,2,120,0,0,0,0,0,71,35.5
9088,2.21875,,0.0,pupil_comment,5,206.0,12151913132b1b14,3d55ba38549d380a48b57247408a4cb5c6f5aa12,0.441131161971831,49.0,255.0,84.49029899299852,64,0.41681217261162384,20,0.8309859154929577,/home/galetka/Documents/Programming/hi-csg-r/data/processed/school_notebooks/ocr_images/school_notebooks_train_0163185.png,word,,0.7464788732394366,,,4544.0,school_notebooks_train_0163185,train,very_short_text;foreground_heavy;probable_horizontal_ruling,7,1,мн,2,120,0,0,0,0,0,142,71.0
5504,1.34375,,0.0,pupil_text,2,188.0,01959d1d2b096d01,2480739b511b12a1c3eabbf7d45ea8137466ccad,0.47038517441860467,67.0,255.0,73.28381966046896,64,0.4167632290459637,21,0.872093023255814,/home/galetka/Documents/Programming/hi-csg-r/data/processed/school_notebooks/ocr_images/school_notebooks_train_0217785.png,word,,0.8488372093023255,,,2752.0,school_notebooks_train_0217785,train,very_short_text;foreground_heavy;probable_horizontal_ruling,7,1,п.,2,120,0,0,0,0,0,86,43.0
4608,1.125,,0.0,pupil_text,7,181.0,01071b131b3b2303,fedd624bf1bc2fa8c0a9d96ceaa6a44241d5c881,0.3912760416666667,74.0,255.0,74.8619980617393,64,0.41652800887409874,20,0.8055555555555556,/home/galetka/Documents/Programming/hi-csg-r/data/processed/school_notebooks/ocr_images/school_notebooks_train_0223055.png,word,,0.7361111111111112,,,2304.0,school_notebooks_train_0223055,train,very_short_text;foreground_heavy;probable_horizontal_ruling,7,1,5.,2,120,0,0,0,0,0,72,36.0
6784,1.65625,,0.0,pupil_text,4,221.0,0103372d272b0704,c9e79ea48cfc4965e101fb12b896c89faf5b373b,0.38060141509433965,34.0,255.0,81.89506481560758,64,0.4159566227730441,19,0.7641509433962265,/home/galetka/Documents/Programming/hi-csg-r/data/processed/school_notebooks/ocr_images/school_notebooks_train_0148065.png,word,,0.7452830188679245,,,3392.0,school_notebooks_train_0148065,train,very_short_text;foreground_heavy;probable_horizontal_ruling,7,1,по,2,120,0,0,0,0,0,106,53.0
7232,1.765625,,0.0,pupil_text,2,203.0,5899293b33570300,008fc8073f46c71812ec5c445f14b5957b20be37,0.3620022123893805,52.0,255.0,82.77345911838786,64,0.4144385026737968,15,0.8230088495575221,/home/galetka/Documents/Programming/hi-csg-r/data/processed/school_notebooks/ocr_images/school_notebooks_test_0302205.png,word,,0.8230088495575221,,,3616.0,school_notebooks_test_0302205,test,very_short_text;foreground_heavy;probable_horizontal_ruling,7,1,не,2,120,0,0,0,0,0,113,56.5
6272,1.53125,,0.0,pupil_text,3,188.0,607f173727233b1c,4b2b41719d4ca9de21c76d0253aa440a13978d9f,0.3840880102040816,67.0,255.0,77.42984395890137,64,0.41303445413034456,17,0.7755102040816326,/home/galetka/Documents/Programming/hi-csg-r/data/processed/school_notebooks/ocr_images/school_notebooks_val_0271070.png,word,,0.7551020408163265,,,3136.0,school_notebooks_val_0271070,val,very_short_text;foreground_heavy;probable_horizontal_ruling,7,1,не,2,120,0,0,0,0,0,98,49.0
6784,1.65625,,0.0,pupil_text,1,222.0,383f2313352f5773,ef195482f8567fdc6498a7b15ea8029ffec036f7,0.5757665094339622,33.0,255.0,80.1094002503034,64,0.4078341013824885,25,0.8679245283018868,/home/galetka/Documents/Programming/hi-csg-r/data/processed/school_notebooks/ocr_images/school_notebooks_train_0226510.png,word,,0.8490566037735849,,,3392.0,school_notebooks_train_0226510,train,very_short_text;foreground_heavy;probable_horizontal_ruling,7,1,по,2,120,0,0,0,0,0,106,53.0
6144,1.5,,0.0,pupil_text,1,212.0,233b132b3b3f0101,8594a902e720babb449e1db3cf77989f18d9259d,0.4928385416666667,43.0,255.0,80.78760670308559,64,0.40290620871862615,22,0.8333333333333334,/home/galetka/Documents/Programming/hi-csg-r/data/processed/school_notebooks/ocr_images/school_notebooks_train_0019180.png,word,,0.8125,,,3072.0,school_notebooks_train_0019180,train,very_short_text;foreground_heavy;probable_horizontal_ruling,7,1,om,2,120,0,0,0,0,0,96,48.0
8320,2.03125,,0.0,pupil_text,4,190.0,203f291b33494129,39315c39d2c81dbce7755c44e5f17019f42cd4bd,0.42199519230769234,64.0,254.0,75.6267230230631,64,0.4015949871831387,17,0.8692307692307693,/home/galetka/Documents/Programming/hi-csg-r/data/processed/school_notebooks/ocr_images/school_notebooks_train_0150628.png,word,,0.8692307692307693,,,4160.0,school_notebooks_train_0150628,train,very_short_text;foreground_heavy;probable_horizontal_ruling,7,1,на,2,120,0,0,0,0,0,130,65.0
5248,1.28125,,0.0,pupil_comment,1,190.0,3303071b5b3f2303,1e3f91594157d8f4617323b1d9c13a1cb27c3cc2,0.35384908536585363,65.0,255.0,78.8308777376544,64,0.40064620355411956,18,0.8048780487804879,/home/galetka/Documents/Programming/hi-csg-r/data/processed/school_notebooks/ocr_images/school_notebooks_train_0080406.png,word,,0.7073170731707317,,,2624.0,school_notebooks_train_0080406,train,very_short_text;foreground_heavy;probable_horizontal_ruling,7,1,т.,2,120,0,0,0,0,0,82,41.0
4864,1.1875,,0.0,pupil_text,1,206.0,0e0f371f19256b3f,601668ea1e2810ec089177d567285046bc977df3,0.5659950657894737,49.0,255.0,74.8395378273326,64,0.4002905920813658,25,0.8947368421052632,/home/galetka/Documents/Programming/hi-csg-r/data/processed/school_notebooks/ocr_images/school_notebooks_train_0175717.png,word,,0.8947368421052632,,,2432.0,school_notebooks_train_0175717,train,very_short_text;foreground_heavy;probable_horizontal_ruling,7,1,по,2,120,0,0,0,0,0,76,38.0
4096,1.0,,0.0,pupil_text,1,243.0,8f8f0f13172f637f,d451b20b8375df7c9aebaeb52d1c40608c610d0d,0.4990234375,12.0,255.0,80.12663240599852,64,0.39628180039138944,22,0.84375,/home/galetka/Documents/Programming/hi-csg-r/data/processed/school_notebooks/ocr_images/school_notebooks_train_0118844.png,word,,0.84375,,,2048.0,school_notebooks_train_0118844,train,very_short_text;foreground_heavy;probable_horizontal_ruling,7,1,на,2,120,0,0,0,0,0,64,32.0
4672,1.140625,,0.0,teacher_comment,1,194.0,4f8f0f0f091d7f70,ac4f969d870c08bd1ad2125dd60d7d56e320aa3b,0.4548373287671233,61.0,255.0,74.17615198240642,64,0.39294117647058824,23,0.8904109589041096,/home/galetka/Documents/Programming/hi-csg-r/data/processed/school_notebooks/ocr_images/school_notebooks_train_0160615.png,word,,0.8493150684931506,,,2336.0,school_notebooks_train_0160615,train,very_short_text;foreground_heavy;probable_horizontal_ruling,7,1,2.,2,120,0,0,0,0,0,73,36.5
4288,1.046875,,0.0,pupil_text,1,191.0,33270f2b0b171f10,a6283eaa4158195764ed143ddfe8090c69efe629,0.4312033582089552,64.0,255.0,76.2179071743683,64,0.38561384532179555,22,0.7910447761194029,/home/galetka/Documents/Programming/hi-csg-r/data/processed/school_notebooks/ocr_images/school_notebooks_train_0222330.png,word,,0.7014925373134329,,,2144.0,school_notebooks_train_0222330,train,very_short_text;foreground_heavy;probable_horizontal_ruling,7,1,1.,2,120,0,0,0,0,0,67,33.5
6208,1.515625,,0.0,pupil_text,3,195.0,7c6f45276f6f5746,068e362bd39574d75cf1c58178e9d134ba93f786,0.48727448453608246,60.0,255.0,72.41857804721883,64,0.3844628099173554,24,0.8041237113402062,/home/galetka/Documents/Programming/hi-csg-r/data/processed/school_notebooks/ocr_images/school_notebooks_train_0217738.png,word,,0.7422680412371134,,,3104.0,school_notebooks_train_0217738,train,very_short_text;foreground_heavy;probable_horizontal_ruling,7,1,на,2,120,0,0,0,0,0,97,48.5
7552,1.84375,,0.0,pupil_text,3,233.0,1b1b370f6b5b7f30,67ce375fa66dee6de2ef4f2ca955375a5a421265,0.4736493644067797,22.0,255.0,83.34420011076087,64,0.3824433883142298,22,0.8135593220338984,/home/galetka/Documents/Programming/hi-csg-r/data/processed/school_notebooks/ocr_images/school_notebooks_train_0132808.png,word,,0.8389830508474576,,,3776.0,school_notebooks_train_0132808,train,very_short_text;foreground_heavy;probable_horizontal_ruling,7,1,он,2,120,0,0,0,0,0,118,59.0
4096,1.0,,0.0,pupil_text,1,214.0,584e8e961e2b2b1e,4e13e94b6b32104bd027c30fb61be3c8de74f18a,0.354248046875,41.0,255.0,82.16047060054882,64,0.3804272915230875,17,0.765625,/home/galetka/Documents/Programming/hi-csg-r/data/processed/school_notebooks/ocr_images/school_notebooks_train_0019701.png,word,,0.75,,,2048.0,school_notebooks_train_0019701,train,very_short_text;foreground_heavy;probable_horizontal_ruling,7,1,b.,2,120,0,0,0,0,0,64,32.0
4928,1.203125,,0.0,teacher_comment,1,213.64999999999998,4c0e9e0e1b1d6d1f,0bb1dc37c462662aa34ff367d0a9da9aa114c680,0.43648538961038963,41.35000000000002,255.0,77.6591024572876,64,0.3793584379358438,22,0.8311688311688312,/home/galetka/Documents/Programming/hi-csg-r/data/processed/school_notebooks/ocr_images/school_notebooks_train_0027927.png,word,,0.7792207792207793,,,2464.0,school_notebooks_train_0027927,train,very_short_text;foreground_heavy;probable_horizontal_ruling,7,1,2.,2,120,0,0,0,0,0,77,38.5
4480,1.09375,,0.0,teacher_comment,2,195.0,018d9b3b2f162606,3963da87973b8b7c83290d92202b5d771e0a4d5c,0.3921875,60.0,255.0,76.29884847453165,64,0.3773477518497439,19,0.7857142857142857,/home/galetka/Documents/Programming/hi-csg-r/data/processed/school_notebooks/ocr_images/school_notebooks_train_0221220.png,word,,0.6,,,2240.0,school_notebooks_train_0221220,train,very_short_text;foreground_heavy;probable_horizontal_ruling,7,1,5.,2,120,0,0,0,0,0,70,35.0
4160,1.015625,,0.0,pupil_comment,1,209.0,0101236b2b0e0d1a,f57b9f9176a5c3676c72da6c35d3cc549db0fe1b,0.3858173076923077,46.0,255.0,80.67585235746479,64,0.3744548286604361,20,0.7846153846153846,/home/galetka/Documents/Programming/hi-csg-r/data/processed/school_notebooks/ocr_images/school_notebooks_train_0175382.png,word,,0.7384615384615385,,,2080.0,school_notebooks_train_0175382,train,very_short_text;foreground_heavy;probable_horizontal_ruling,7,1,ср,2,120,0,0,0,0,0,65,32.5
4352,1.0625,,0.0,pupil_text,5,216.0,1c0653172d316069,17f4eb99892dcb607dc6189b8a4c1f2363777bf9,0.3825827205882353,39.0,255.0,81.68859536690344,64,0.3741741741741742,15,0.8823529411764706,/home/galetka/Documents/Programming/hi-csg-r/data/processed/school_notebooks/ocr_images/school_notebooks_train_0228079.png,word,,0.8529411764705882,,,2176.0,school_notebooks_train_0228079,train,very_short_text;foreground_heavy;probable_horizontal_ruling,7,1,ф.,2,120,0,0,0,0,0,68,34.0
6592,1.609375,,0.0,pupil_text,4,197.45,01491b272b635b7f,63ef71f331ae3b11e602d5aad93bcf9b1818a355,0.5497572815533981,56.55000000000001,254.0,72.12134105288045,64,0.36837748344370863,24,0.8640776699029126,/home/galetka/Documents/Programming/hi-csg-r/data/processed/school_notebooks/ocr_images/school_notebooks_train_0217726.png,word,,0.8155339805825242,,,3296.0,school_notebooks_train_0217726,train,very_short_text;foreground_heavy;probable_horizontal_ruling,7,1,по,2,120,0,0,0,0,0,103,51.5
6080,1.484375,,0.0,pupil_text,1,207.0,1c95991f370b4783,ff6917d63360b7fef3e152360324e3d5ade95bad,0.45049342105263157,48.0,255.0,82.24477113337852,64,0.3643665571376415,19,0.8210526315789474,/home/galetka/Documents/Programming/hi-csg-r/data/processed/school_notebooks/ocr_images/school_notebooks_train_0163107.png,word,,0.7368421052631579,,,3040.0,school_notebooks_train_0163107,train,very_short_text;foreground_heavy;probable_horizontal_ruling,7,1,не,2,120,0,0,0,0,0,95,47.5
5376,1.3125,,0.0,pupil_text,8,207.25,012117372f570303,8caf81e756c14ae12ef59837267a96aece888502,0.46447172619047616,47.75,255.0,72.61425228322126,64,0.3604325190228274,21,0.8571428571428571,/home/galetka/Documents/Programming/hi-csg-r/data/processed/school_notebooks/ocr_images/school_notebooks_train_0218185.png,word,,0.8095238095238095,,,2688.0,school_notebooks_train_0218185,train,very_short_text;foreground_heavy;probable_horizontal_ruling,7,1,не,2,120,0,0,0,0,0,84,42.0
6656,1.625,,0.0,pupil_comment,2,194.0,003f191959593580,a02a6edbbad73eb3f6c1cc375e5861331c8b8008,0.4391526442307692,61.0,255.0,75.46430727239432,64,0.35853575094081425,22,0.7980769230769231,/home/galetka/Documents/Programming/hi-csg-r/data/processed/school_notebooks/ocr_images/school_notebooks_train_0221813.png,word,,0.7884615384615384,,,3328.0,school_notebooks_train_0221813,train,very_short_text;foreground_heavy;probable_horizontal_ruling,7,1,п.,2,120,0,0,0,0,0,104,52.0
6272,1.53125,,0.0,pupil_text,2,190.0,050e3f35274d7333,700582128d69a78d3a94b235242b042c2e8ad217,0.3745216836734694,65.0,255.0,77.3649993618026,64,0.35291613452532994,14,0.826530612244898,/home/galetka/Documents/Programming/hi-csg-r/data/processed/school_notebooks/ocr_images/school_notebooks_train_0009362.png,word,,0.8061224489795918,,,3136.0,school_notebooks_train_0009362,train,very_short_text;foreground_heavy;probable_horizontal_ruling,7,1,бы,2,120,0,0,0,0,0,98,49.0
5760,1.40625,,0.0,pupil_text,2,214.0,303f2b2737375b65,14393c4a7fde030b32e5792c0920539b676307bb,0.4203125,41.0,255.0,80.25247172308733,64,0.34779016935150764,14,0.8222222222222222,/home/galetka/Documents/Programming/hi-csg-r/data/processed/school_notebooks/ocr_images/school_notebooks_train_0040458.png,word,,0.8222222222222222,,,2880.0,school_notebooks_train_0040458,train,very_short_text;foreground_heavy;probable_horizontal_ruling,7,1,ся,2,120,0,0,0,0,0,90,45.0
5504,1.34375,,0.0,pupil_text,1,207.0,084e16145f1f6968,7b3d02fb1c3935a9fe3f0a49d7fcc06d59155b5e,0.3773619186046512,48.0,255.0,81.5634087967007,64,0.34569090033702454,13,0.8372093023255814,/home/galetka/Documents/Programming/hi-csg-r/data/processed/school_notebooks/ocr_images/school_notebooks_train_0241766.png,word,,0.8372093023255814,,,2752.0,school_notebooks_train_0241766,train,very_short_text;foreground_heavy;probable_horizontal_ruling,7,1,м.,2,120,0,0,0,0,0,86,43.0
6592,1.609375,,0.0,pupil_text,1,216.0,003f73752967451b,2e310f9feaeea9d87e8550753bee4cf9236f6af9,0.41459344660194175,39.0,255.0,83.34900439832349,64,0.34321258690084155,17,0.8252427184466019,/home/galetka/Documents/Programming/hi-csg-r/data/processed/school_notebooks/ocr_images/school_notebooks_train_0172030.png,word,,0.8252427184466019,,,3296.0,school_notebooks_train_0172030,train,very_short_text;foreground_heavy;probable_horizontal_ruling,7,1,на,2,120,0,0,0,0,0,103,51.5
7488,1.828125,,0.0,pupil_comment,3,204.0,0003233317335780,57bc780853e2380b4d8ebcd37824a78c7c3b0947,0.4050480769230769,51.0,255.0,81.08706617963135,64,0.34091658424002635,19,0.717948717948718,/home/galetka/Documents/Programming/hi-csg-r/data/processed/school_notebooks/ocr_images/school_notebooks_train_0163167.png,word,,0.717948717948718,,,3744.0,school_notebooks_train_0163167,train,very_short_text;foreground_heavy;probable_horizontal_ruling,7,1,гл,2,120,0,0,0,0,0,117,58.5
8128,1.984375,,0.0,pupil_text,1,188.0,101e5717272b1f18,9538a495ff9510fa2a6e31336d7480f6f2ce0e1b,0.3857037401574803,67.0,255.0,76.15894867128009,64,0.3393939393939394,16,0.8188976377952756,/home/galetka/Documents/Programming/hi-csg-r/data/processed/school_notebooks/ocr_images/school_notebooks_train_0044877.png,word,,0.7716535433070866,,,4064.0,school_notebooks_train_0044877,train,very_short_text;foreground_heavy;probable_horizontal_ruling,7,1,от,2,120,0,0,0,0,0,127,63.5
4096,1.0,,0.0,pupil_text,1,190.25,0c0e2e2e0e2e0d0a,4f16c94397d757e11fc9d9b1d890d98a45641ba1,0.360107421875,64.75,255.0,76.89575370105605,64,0.3389830508474576,18,0.5625,/home/galetka/Documents/Programming/hi-csg-r/data/processed/school_notebooks/ocr_images/school_notebooks_train_0019146.png,word,,0.5625,,,2048.0,school_notebooks_train_0019146,train,very_short_text;foreground_heavy;probable_horizontal_ruling,7,1,3),2,120,0,0,0,0,0,64,32.0
9344,2.28125,,0.0,pupil_text,10,190.0,0107494f53232b03,8b695c47cfbe2b6a105fb8ed92957233f75e7aa1,0.4316138698630137,65.0,255.0,68.15628098023112,64,0.3384577237788247,15,0.8424657534246576,/home/galetka/Documents/Programming/hi-csg-r/data/processed/school_notebooks/ocr_images/school_notebooks_train_0217723.png,word,,0.8287671232876712,,,4672.0,school_notebooks_train_0217723,train,very_short_text;foreground_heavy;probable_horizontal_ruling,7,1,то,2,120,0,0,0,0,0,146,73.0
7872,1.921875,,0.0,pupil_text,2,230.0,901b2b3b2775753f,1c5f8bb99e3f8c87c076466134b9d1f788a903f4,0.436864837398374,25.0,255.0,78.80163616348355,64,0.3370165745856354,17,0.926829268292683,/home/galetka/Documents/Programming/hi-csg-r/data/processed/school_notebooks/ocr_images/school_notebooks_train_0131616.png,word,,0.926829268292683,,,3936.0,school_notebooks_train_0131616,train,very_short_text;foreground_heavy;probable_horizontal_ruling,7,1,мы,2,120,0,0,0,0,0,123,61.5
8128,1.984375,,0.0,pupil_comment,2,211.0,803f33332b032580,802385a96e1dcdff4fdd7a050fa4c2bb2bb86bbd,0.39111712598425197,43.0,254.0,79.81895491007322,64,0.3274614658697704,18,0.7637795275590551,/home/galetka/Documents/Programming/hi-csg-r/data/processed/school_notebooks/ocr_images/school_notebooks_train_0038971.png,word,,0.7086614173228346,,,4064.0,school_notebooks_train_0038971,train,very_short_text;foreground_heavy;probable_horizontal_ruling,7,1,гл,2,120,0,0,0,0,0,127,63.5
4480,1.09375,,0.0,pupil_text,3,215.0,0b27353527272f3f,f678555bf4dbb3a9017d22f3e269a90ecccd0945,0.5055803571428571,40.0,255.0,74.55000882975041,64,0.3271523178807947,23,0.8142857142857143,/home/galetka/Documents/Programming/hi-csg-r/data/processed/school_notebooks/ocr_images/school_notebooks_train_0226724.png,word,,0.7714285714285715,,,2240.0,school_notebooks_train_0226724,train,very_short_text;foreground_heavy;probable_horizontal_ruling,7,1,ii,2,120,0,0,0,0,0,70,35.0
7360,1.796875,,0.0,pupil_text,4,206.0,303f1b334b0d0587,6184e1801d824b1da8f513fbc2e2a8f1ec6668b8,0.4169836956521739,48.0,254.0,80.868329387394,64,0.32616487455197135,16,0.8173913043478261,/home/galetka/Documents/Programming/hi-csg-r/data/processed/school_notebooks/ocr_images/school_notebooks_train_0222548.png,word,,0.7913043478260869,,,3680.0,school_notebooks_train_0222548,train,very_short_text;foreground_heavy;probable_horizontal_ruling,7,1,на,2,120,0,0,0,0,0,115,57.5
4416,1.078125,,0.0,pupil_text,4,209.25,070b1b13032b5101,3f2af492ff6edf65774b29b62b508c0c5c63002e,0.3754528985507246,44.75,254.0,77.3564624520859,64,0.3226779252110977,14,0.8115942028985508,/home/galetka/Documents/Programming/hi-csg-r/data/processed/school_notebooks/ocr_images/school_notebooks_train_0193052.png,word,,0.8115942028985508,,,2208.0,school_notebooks_train_0193052,train,very_short_text;foreground_heavy;probable_horizontal_ruling,7,1,на,2,120,0,0,0,0,0,69,34.5
5376,1.3125,,0.0,pupil_text,4,215.0,713e17272b432121,1da7409a6ad00d89e8af2f6b7639e5088c82d791,0.44308035714285715,39.0,254.0,77.24815199318475,64,0.3224181360201511,16,0.8452380952380952,/home/galetka/Documents/Programming/hi-csg-r/data/processed/school_notebooks/ocr_images/school_notebooks_train_0225863.png,word,,0.8452380952380952,,,2688.0,school_notebooks_train_0225863,train,very_short_text;foreground_heavy;probable_horizontal_ruling,7,1,па,2,120,0,0,0,0,0,84,42.0
4352,1.0625,,0.0,pupil_text,1,197.0,180e939313332f5c,41e21ab32a2cc51bd442910e5ac89569844ee44b,0.37637867647058826,57.0,254.0,77.23042679133702,64,0.32234432234432236,18,0.7205882352941176,/home/galetka/Documents/Programming/hi-csg-r/data/processed/school_notebooks/ocr_images/school_notebooks_train_0019144.png,word,,0.6617647058823529,,,2176.0,school_notebooks_train_0019144,train,very_short_text;foreground_heavy;probable_horizontal_ruling,7,1,is,2,120,0,0,0,0,0,68,34.0
4928,1.203125,,0.0,pupil_text,1,198.0,1f1f17564f6f273f,68301f65c64ff15f2dd8a7c0a41aefbfaeda715c,0.35247564935064934,57.0,255.0,77.04007290226055,64,0.3183649971214738,14,0.8181818181818182,/home/galetka/Documents/Programming/hi-csg-r/data/processed/school_notebooks/ocr_images/school_notebooks_train_0086572.png,word,,0.7922077922077922,,,2464.0,school_notebooks_train_0086572,train,very_short_text;foreground_heavy;probable_horizontal_ruling,7,1,м.,2,120,0,0,0,0,0,77,38.5
4096,1.0,,0.0,pupil_comment,1,189.0,1c173363030f4e2d,200123296ca786d4b5c63ce5c90082de4ede787a,0.39208984375,66.0,255.0,77.98456183510322,64,0.3181818181818182,19,0.78125,/home/galetka/Documents/Programming/hi-csg-r/data/processed/school_notebooks/ocr_images/school_notebooks_train_0225225.png,word,,0.75,,,2048.0,school_notebooks_train_0225225,train,very_short_text;foreground_heavy;probable_horizontal_ruling,7,1,ед,2,120,0,0,0,0,0,64,32.0
7104,1.734375,,0.0,pupil_text,1,185.0,46032b13335b5e79,0f13ada285585434c7e0e6e93b79db9a05602a50,0.36599099099099097,69.0,254.0,74.29891573380043,64,0.3173076923076923,12,0.8468468468468469,/home/galetka/Documents/Programming/hi-csg-r/data/processed/school_notebooks/ocr_images/school_notebooks_val_0273171.png,word,,0.7927927927927928,,,3552.0,school_notebooks_val_0273171,val,very_short_text;foreground_heavy;probable_horizontal_ruling,7,1,не,2,120,0,0,0,0,0,111,55.5
6144,1.5,,0.0,pupil_text,3,208.0,2627272f6f5b373c,3e4d4c4e9f6509e21cf3eafb417a6c0f2134e779,0.3621419270833333,47.0,255.0,78.52969034291256,64,0.3155056179775281,14,0.7083333333333334,/home/galetka/Documents/Programming/hi-csg-r/data/processed/school_notebooks/ocr_images/school_notebooks_train_0009217.png,word,,0.7083333333333334,,,3072.0,school_notebooks_train_0009217,train,very_short_text;foreground_heavy;probable_horizontal_ruling,7,1,на,2,120,0,0,0,0,0,96,48.0
4096,1.0,,0.0,pupil_text,4,181.0,303f272b3f365606,002152340c09ef9b8f79e81a79a72b3cb615b756,0.3818359375,74.0,255.0,75.45184509462047,64,0.3145780051150895,17,0.734375,/home/galetka/Documents/Programming/hi-csg-r/data/processed/school_notebooks/ocr_images/school_notebooks_train_0216743.png,word,,0.640625,,,2048.0,school_notebooks_train_0216743,train,very_short_text;foreground_heavy;probable_horizontal_ruling,7,1,п.,2,120,0,0,0,0,0,64,32.0
4672,1.140625,,0.0,pupil_text,3,221.0,130b0b1b3f2f0101,89bdd8468096379fe0f0759d72aad0fbcc2b7d0b,0.3531678082191781,34.0,255.0,80.27962624320949,64,0.31272727272727274,11,0.8082191780821918,/home/galetka/Documents/Programming/hi-csg-r/data/processed/school_notebooks/ocr_images/school_notebooks_train_0230325.png,word,,0.7945205479452054,,,2336.0,school_notebooks_train_0230325,train,very_short_text;foreground_heavy;probable_horizontal_ruling,7,1,но,2,120,0,0,0,0,0,73,36.5
6208,1.515625,,0.0,pupil_text,3,200.0,840713172d575f7c,1094109c3ac6004642da9bf4a8af3eb84494f03a,0.3603414948453608,54.0,254.0,75.80687445859971,64,0.31247206079570855,13,0.8247422680412371,/home/galetka/Documents/Programming/hi-csg-r/data/processed/school_notebooks/ocr_images/school_notebooks_val_0272052.png,word,,0.845360824742268,,,3104.0,school_notebooks_val_0272052,val,very_short_text;foreground_heavy;probable_horizontal_ruling,7,1,на,2,120,0,0,0,0,0,97,48.5
5568,1.359375,,0.0,pupil_comment,1,203.0,00930b0b13377e81,c8bbdbc666ac49902931a3ef627d252585d33f41,0.3579382183908046,52.0,255.0,78.3711830015507,64,0.30958354239839436,16,0.7586206896551724,/home/galetka/Documents/Programming/hi-csg-r/data/processed/school_notebooks/ocr_images/school_notebooks_train_0222610.png,word,,0.7241379310344828,,,2784.0,school_notebooks_train_0222610,train,very_short_text;foreground_heavy;probable_horizontal_ruling,7,1,.п,2,120,0,0,0,0,0,87,43.5
8576,2.09375,,0.0,pupil_text,1,210.0,107b533763494b0a,5cbe0f5dfdf4ed0e71b9b214b4523111b0a5f9a6,0.48122667910447764,45.0,255.0,77.7462157191239,64,0.30845650593651563,16,0.8805970149253731,/home/galetka/Documents/Programming/hi-csg-r/data/processed/school_notebooks/ocr_images/school_notebooks_train_0222663.png,word,,0.753731343283582,,,4288.0,school_notebooks_train_0222663,train,very_short_text;foreground_heavy;probable_horizontal_ruling,7,1,на,2,120,0,0,0,0,0,134,67.0
4736,1.15625,,0.0,pupil_text,1,213.0,39732d694b6b233f,c254f8ab694c998da6c696ddb4b139bbb3f8e324,0.3536739864864865,42.0,255.0,78.2862521290224,64,0.30388059701492537,14,0.8243243243243243,/home/galetka/Documents/Programming/hi-csg-r/data/processed/school_notebooks/ocr_images/school_notebooks_train_0047415.png,word,,0.8243243243243243,,,2368.0,school_notebooks_train_0047415,train,very_short_text;foreground_heavy;probable_horizontal_ruling,7,1,на,2,120,0,0,0,0,0,74,37.0
6144,1.5,,0.0,pupil_text,2,217.0,0347673b2b4f3f20,0f26f197d6d51098b0b006ae508f2807cd475426,0.3873697916666667,38.0,255.0,81.80588413610424,64,0.3029411764705882,16,0.7291666666666666,/home/galetka/Documents/Programming/hi-csg-r/data/processed/school_notebooks/ocr_images/school_notebooks_train_0178985.png,word,,0.75,,,3072.0,school_notebooks_train_0178985,train,very_short_text;foreground_heavy;probable_horizontal_ruling,7,1,на,2,120,0,0,0,0,0,96,48.0
5696,1.390625,,0.0,pupil_text,2,213.0,06031355332b3f10,ebdfe2f4b05e6b3dcdb7e37c4d6cee4dd306de4a,0.41292134831460675,42.0,255.0,81.1196564106487,64,0.30144557823129253,16,0.7865168539325843,/home/galetka/Documents/Programming/hi-csg-r/data/processed/school_notebooks/ocr_images/school_notebooks_train_0178411.png,word,,0.7752808988764045,,,2848.0,school_notebooks_train_0178411,train,very_short_text;foreground_heavy;probable_horizontal_ruling,7,1,по,2,120,0,0,0,0,0,89,44.5
4288,1.046875,,0.0,pupil_text,2,243.0,97050d1b132f6b03,b7b5f8bcb73588c3df1cdb5b2c76a8e03afc009e,0.5160914179104478,11.0,254.0,77.54877930414813,64,0.29959331224582014,18,0.8805970149253731,/home/galetka/Documents/Programming/hi-csg-r/data/processed/school_notebooks/ocr_images/school_notebooks_train_0118804.png,word,,0.8656716417910447,,,2144.0,school_notebooks_train_0118804,train,very_short_text;foreground_heavy;probable_horizontal_ruling,7,1,на,2,120,0,0,0,0,0,67,33.5
7808,1.90625,,0.0,pupil_comment,1,198.0,603f3333431b0100,0c0d9f5b757219228cdd6c675251464fa4d7b023,0.41623975409836067,57.0,255.0,77.93807689260781,64,0.2987692307692308,20,0.7786885245901639,/home/galetka/Documents/Programming/hi-csg-r/data/processed/school_notebooks/ocr_images/school_notebooks_train_0151016.png,word,,0.7786885245901639,,,3904.0,school_notebooks_train_0151016,train,very_short_text;foreground_heavy;probable_horizontal_ruling,7,1,гл,2,120,0,0,0,0,0,122,61.0
7104,1.734375,,0.0,pupil_text,1,202.0,981f332713670b13,7b8f7ce970124eb8a1c5d2b2bff3cf22435c01dd,0.36247184684684686,52.0,254.0,75.53200157535557,64,0.2955339805825243,10,0.8738738738738738,/home/galetka/Documents/Programming/hi-csg-r/data/processed/school_notebooks/ocr_images/school_notebooks_train_0011690.png,word,,0.8648648648648649,,,3552.0,school_notebooks_train_0011690,train,very_short_text;foreground_heavy;probable_horizontal_ruling,7,1,же,2,120,0,0,0,0,0,111,55.5
4928,1.203125,,0.0,pupil_text,1,235.0,1a1727272d1f1301,618c07d6171d050fba249428edf782d1865e8cf2,0.45921266233766234,20.0,255.0,87.28285069961943,64,0.2951833848873177,18,0.7662337662337663,/home/galetka/Documents/Programming/hi-csg-r/data/processed/school_notebooks/ocr_images/school_notebooks_train_0224124.png,word,,0.7402597402597403,,,2464.0,school_notebooks_train_0224124,train,very_short_text;foreground_heavy;probable_horizontal_ruling,7,1,ее,2,120,0,0,0,0,0,77,38.5
5312,1.296875,,0.0,pupil_text,3,220.0,8e0f391b37577f7c,abb0536bdb94e27daf810ba3cc41eb119b48cf88,0.4126506024096386,34.0,254.0,77.21795194291809,64,0.28832116788321166,12,0.8795180722891566,/home/galetka/Documents/Programming/hi-csg-r/data/processed/school_notebooks/ocr_images/school_notebooks_train_0218202.png,word,,0.8795180722891566,,,2656.0,school_notebooks_train_0218202,train,very_short_text;foreground_heavy;probable_horizontal_ruling,7,1,не,2,120,0,0,0,0,0,83,41.5
7808,1.90625,,0.0,pupil_comment,1,204.0,400f0f173d374300,ecea5f490dec42f2e322df6043cca5080c2bbeec,0.3541239754098361,51.0,255.0,79.27977767010186,64,0.28716094032549727,15,0.7950819672131147,/home/galetka/Documents/Programming/hi-csg-r/data/processed/school_notebooks/ocr_images/school_notebooks_train_0038897.png,word,,0.7622950819672131,,,3904.0,school_notebooks_train_0038897,train,very_short_text;foreground_heavy;probable_horizontal_ruling,7,1,м.,2,120,0,0,0,0,0,122,61.0
7104,1.734375,,0.0,pupil_text,3,207.0,4917475b2f657d7c,f5cb053f06536157f08cd76aac460a04fea12c8e,0.3681024774774775,47.0,254.0,72.54310068133292,64,0.28680688336520077,12,0.8918918918918919,/home/galetka/Documents/Programming/hi-csg-r/data/processed/school_notebooks/ocr_images/school_notebooks_train_0030950.png,word,,0.8828828828828829,,,3552.0,school_notebooks_train_0030950,train,very_short_text;foreground_heavy;probable_horizontal_ruling,7,1,на,2,120,0,0,0,0,0,111,55.5
5312,1.296875,,0.0,teacher_comment,1,189.45,9f052b0b0b0b1706,00a117008f7f6adfb91557557a963ad438786988,0.5035768072289156,65.55000000000001,255.0,74.5766447239421,64,0.28074766355140185,18,0.891566265060241,/home/galetka/Documents/Programming/hi-csg-r/data/processed/school_notebooks/ocr_images/school_notebooks_train_0041123.png,word,,0.7108433734939759,,,2656.0,school_notebooks_train_0041123,train,very_short_text;foreground_heavy;probable_horizontal_ruling,7,1,5.,2,120,0,0,0,0,0,83,41.5
5632,1.375,,0.0,pupil_text,1,212.0,162733374f530f00,db11d24241afcea42108c6141e46e4e2d14938a2,0.43128551136363635,43.0,255.0,81.46840775722933,64,0.27953890489913547,12,0.7727272727272727,/home/galetka/Documents/Programming/hi-csg-r/data/processed/school_notebooks/ocr_images/school_notebooks_train_0180062.png,word,,0.7613636363636364,,,2816.0,school_notebooks_train_0180062,train,very_short_text;foreground_heavy;probable_horizontal_ruling,7,1,но,2,120,0,0,0,0,0,88,44.0
6336,1.546875,,0.0,pupil_comment,6,201.0,213c5f5363130704,764ed44f862533a3b76ddfd38f678c81e59ce447,0.37815656565656564,53.0,254.0,79.04934302404739,64,0.27128547579298834,12,0.8282828282828283,/home/galetka/Documents/Programming/hi-csg-r/data/processed/school_notebooks/ocr_images/school_notebooks_val_0270973.png,word,,0.7878787878787878,,,3168.0,school_notebooks_val_0270973,val,very_short_text;foreground_heavy;probable_horizontal_ruling,7,1,вп,2,120,0,0,0,0,0,99,49.5
5696,1.390625,,0.0,pupil_text,3,221.0,1c1f1f1b37433f1c,b185020eb2c814ec382b71c6b0cb8a1ccf36325c,0.45049157303370785,34.0,255.0,80.86301473925981,64,0.26539360872954015,13,0.8426966292134831,/home/galetka/Documents/Programming/hi-csg-r/data/processed/school_notebooks/ocr_images/school_notebooks_train_0130943.png,word,,0.8426966292134831,,,2848.0,school_notebooks_train_0130943,train,very_short_text;foreground_heavy;probable_horizontal_ruling,7,1,на,2,120,0,0,0,0,0,89,44.5
7296,1.78125,,0.0,pupil_comment,1,213.0,0081191b0b1b0300,2773e8aa2588928b6cf5fdc84d84c9fa8cc0f6cd,0.39925986842105265,42.0,255.0,85.79470191544117,64,0.2629591486440096,12,0.6666666666666666,/home/galetka/Documents/Programming/hi-csg-r/data/processed/school_notebooks/ocr_images/school_notebooks_train_0163169.png,word,,0.7719298245614035,,,3648.0,school_notebooks_train_0163169,train,very_short_text;foreground_heavy;probable_horizontal_ruling,7,1,гл,2,120,0,0,0,0,0,114,57.0
6784,1.65625,,0.0,pupil_text,6,212.84999999999997,189f131737277fc0,09f77d31a585fd8ade3cb2851bcfb351d8c98c37,0.35893278301886794,41.150000000000034,254.0,81.23602130166748,64,0.26119096509240247,12,0.8113207547169812,/home/galetka/Documents/Programming/hi-csg-r/data/processed/school_notebooks/ocr_images/school_notebooks_train_0011835.png,word,,0.7547169811320755,,,3392.0,school_notebooks_train_0011835,train,very_short_text;foreground_heavy;probable_horizontal_ruling,7,1,на,2,120,0,0,0,0,0,106,53.0
5056,1.234375,,0.0,pupil_comment,3,214.0,810727376d0d0742,e18e01b24a3338c610fefa97c8af81faa9f8fc18,0.44007120253164556,40.0,254.0,81.28740614719636,64,0.25842696629213485,15,0.8734177215189873,/home/galetka/Documents/Programming/hi-csg-r/data/processed/school_notebooks/ocr_images/school_notebooks_train_0166602.png,word,,0.8227848101265823,,,2528.0,school_notebooks_train_0166602,train,very_short_text;foreground_heavy;probable_horizontal_ruling,7,1,не,2,120,0,0,0,0,0,79,39.5
5504,1.34375,,0.0,pupil_text,3,200.84999999999997,02070b133323774b,dcad4b4a2104f1b78554658de85852c99fa95057,0.4038880813953488,54.150000000000034,255.0,76.68927327109064,64,0.2573099415204678,11,0.8372093023255814,/home/galetka/Documents/Programming/hi-csg-r/data/processed/school_notebooks/ocr_images/school_notebooks_train_0207676.png,word,,0.813953488372093,,,2752.0,school_notebooks_train_0207676,train,very_short_text;foreground_heavy;probable_horizontal_ruling,7,1,на,2,120,0,0,0,0,0,86,43.0
7040,1.71875,,0.0,pupil_text,1,211.0,200103533b1b2303,51bf30500a23c5b90101e1d4f3d2d844f636dffc,0.4186079545454545,44.0,255.0,80.19766662037304,64,0.25212080081438754,13,0.8,/home/galetka/Documents/Programming/hi-csg-r/data/processed/school_notebooks/ocr_images/school_notebooks_train_0207636.png,word,,0.7909090909090909,,,3520.0,school_notebooks_train_0207636,train,very_short_text;foreground_heavy;probable_horizontal_ruling,7,1,их,2,120,0,0,0,0,0,110,55.0
7616,1.859375,,0.0,pupil_text,3,213.0,012113332353492f,90d369828fdef8fe76cdcd2175c2f549166882be,0.5772058823529411,42.0,255.0,74.72398098565198,64,0.25113739763421294,17,0.8991596638655462,/home/galetka/Documents/Programming/hi-csg-r/data/processed/school_notebooks/ocr_images/school_notebooks_train_0176752.png,word,,0.8823529411764706,,,3808.0,school_notebooks_train_0176752,train,very_short_text;foreground_heavy;probable_horizontal_ruling,7,1,ым,2,120,0,0,0,0,0,119,59.5
4672,1.140625,,0.0,pupil_comment,1,217.0,010303494b5b5f78,447ab55dc648a9bd18808f202d9ad915ba22e70d,0.4873715753424658,38.0,255.0,81.2231704558138,64,0.2463768115942029,16,0.821917808219178,/home/galetka/Documents/Programming/hi-csg-r/data/processed/school_notebooks/ocr_images/school_notebooks_train_0117165.png,word,,0.7945205479452054,,,2336.0,school_notebooks_train_0117165,train,very_short_text;foreground_heavy;probable_horizontal_ruling,7,1,.п,2,120,0,0,0,0,0,73,36.5
5440,1.328125,,0.0467047223663726,pupil_text,1,212.0,0c36767524242202,1ecc7a33f0b305a37a3e781b7abbf314fda12a3d,0.3542279411764706,43.0,255.0,72.94178943957004,64,0.24442138038401662,8,0.8823529411764706,/home/galetka/Documents/Programming/hi-csg-r/data/processed/school_notebooks/ocr_images/school_notebooks_train_0235999.png,word,,0.8941176470588236,,,2720.0,school_notebooks_train_0235999,train,very_short_text;foreground_heavy;probable_horizontal_ruling,7,1,чи,2,120,0,0,1,0,1,85,42.5
7808,1.90625,,0.0,pupil_text,1,217.0,0303133323516d4c,180a19bb8bf1fb4a76f21dabb372a955f6be4285,0.5208760245901639,38.0,255.0,81.03856034669606,64,0.2382591590853209,14,0.8934426229508197,/home/galetka/Documents/Programming/hi-csg-r/data/processed/school_notebooks/ocr_images/school_notebooks_train_0240380.png,word,,0.8852459016393442,,,3904.0,school_notebooks_train_0240380,train,very_short_text;foreground_heavy;probable_horizontal_ruling,7,1,ым,2,120,0,0,0,0,0,122,61.0
5440,1.328125,,0.0,pupil_comment,1,216.0,009f1b2f2b173f80,30ed4bbebfb241a9deb622ccdef155ba53bbe632,0.3834558823529412,39.0,255.0,81.06043021830328,64,0.236816874400767,13,0.5882352941176471,/home/galetka/Documents/Programming/hi-csg-r/data/processed/school_notebooks/ocr_images/school_notebooks_train_0040873.png,word,,0.7411764705882353,,,2720.0,school_notebooks_train_0040873,train,very_short_text;foreground_heavy;probable_horizontal_ruling,7,1,и.,2,120,0,0,0,0,0,85,42.5
4864,1.1875,,0.0,pupil_text,2,206.0,371b0b0d0b1f1e9d,6786ab0e973209ed4322fcdde755a8b6b07541fa,0.4504523026315789,49.0,255.0,76.76242249593612,64,0.2350524874486536,12,0.868421052631579,/home/galetka/Documents/Programming/hi-csg-r/data/processed/school_notebooks/ocr_images/school_notebooks_train_0176305.png,word,,0.8026315789473685,,,2432.0,school_notebooks_train_0176305,train,very_short_text;foreground_heavy;probable_horizontal_ruling,7,1,за,2,120,0,0,0,0,0,76,38.0
4480,1.09375,,0.0,pupil_text,5,201.0,5a9d0c1f17274b63,ea283c9f1a2a89b749b73106d2a3283733b7b4c6,0.36294642857142856,54.0,255.0,77.99792965874609,64,0.23493234932349324,9,0.8285714285714286,/home/galetka/Documents/Programming/hi-csg-r/data/processed/school_notebooks/ocr_images/school_notebooks_train_0085271.png,word,,0.8285714285714286,,,2240.0,school_notebooks_train_0085271,train,very_short_text;foreground_heavy;probable_horizontal_ruling,7,1,ни,2,120,0,0,0,0,0,70,35.0
10432,2.546875,,0.0,pupil_text,5,217.0,9f1b17172d6f532b,7d254c2c508ebb6e5751a8489d6c5956272832f2,0.3856403374233129,38.0,255.0,72.80229449788034,64,0.23365647526721353,9,0.8343558282208589,/home/galetka/Documents/Programming/hi-csg-r/data/processed/school_notebooks/ocr_images/school_notebooks_train_0207152.png,word,,0.8220858895705522,,,5216.0,school_notebooks_train_0207152,train,very_short_text;foreground_heavy;probable_horizontal_ruling,7,1,на,2,120,0,0,0,0,0,163,81.5
7424,1.8125,,0.0,pupil_comment,1,204.0,013e3f3b335f7f00,352303a6a8f943a81da85783ea66b46d38c00ad3,0.3805226293103448,51.0,255.0,79.4030368595119,64,0.23008849557522124,11,0.7844827586206896,/home/galetka/Documents/Programming/hi-csg-r/data/processed/school_notebooks/ocr_images/school_notebooks_train_0222394.png,word,,0.7844827586206896,,,3712.0,school_notebooks_train_0222394,train,very_short_text;foreground_heavy;probable_horizontal_ruling,7,1,п.,2,120,0,0,0,0,0,116,58.0
5952,1.453125,,0.0,pupil_text,2,224.0,1a1c2f235b5d0d01,2c48b6a940294962299b9af1e2ca720a4d3da4d7,0.40238575268817206,31.0,255.0,86.54191715659276,64,0.22881002087682673,12,0.8602150537634409,/home/galetka/Documents/Programming/hi-csg-r/data/processed/school_notebooks/ocr_images/school_notebooks_train_0240908.png,word,,0.8494623655913979,,,2976.0,school_notebooks_train_0240908,train,very_short_text;foreground_heavy;probable_horizontal_ruling,7,1,ны,2,120,0,0,0,0,0,93,46.5
4288,1.046875,,0.0,pupil_text,5,199.0,0303733b13372703,27ff833f89f26c12a9459acd452a4750c8928032,0.357509328358209,55.0,254.0,73.5987396142069,64,0.22439660795825178,10,0.7910447761194029,/home/galetka/Documents/Programming/hi-csg-r/data/processed/school_notebooks/ocr_images/school_notebooks_train_0217516.png,word,,0.7313432835820896,,,2144.0,school_notebooks_train_0217516,train,very_short_text;foreground_heavy;probable_horizontal_ruling,7,1,]?,2,120,0,0,0,0,0,67,33.5
5632,1.375,,0.0,pupil_text,7,217.0,052337276f4b7f30,1ab57946bcf6701cd597c12c6b9edddea12a5072,0.4259588068181818,38.0,255.0,79.80698009175947,64,0.22384326802834514,8,0.8295454545454546,/home/galetka/Documents/Programming/hi-csg-r/data/processed/school_notebooks/ocr_images/school_notebooks_train_0225682.png,word,,0.8295454545454546,,,2816.0,school_notebooks_train_0225682,train,very_short_text;foreground_heavy;probable_horizontal_ruling,7,1,на,2,120,0,0,0,0,0,88,44.0
8000,1.953125,,0.0,pupil_text,2,230.04999999999995,a13e372f372d4d31,0af7e12197b28246bddec7a2305cab36dfe9e394,0.35175,23.950000000000045,254.0,84.93531363300839,64,0.2224591329068941,6,0.872,/home/galetka/Documents/Programming/hi-csg-r/data/processed/school_notebooks/ocr_images/school_notebooks_train_0224937.png,word,,0.872,,,4000.0,school_notebooks_train_0224937,train,very_short_text;foreground_heavy;probable_horizontal_ruling,7,1,от,2,120,0,0,0,0,0,125,62.5
4096,1.0,,0.0,pupil_text,1,214.0,4397062f53373b30,4699eea4ea09625a90a488379e12be13f2c0574a,0.36328125,41.0,255.0,83.03305554679118,64,0.2211021505376344,11,0.640625,/home/galetka/Documents/Programming/hi-csg-r/data/processed/school_notebooks/ocr_images/school_notebooks_train_0179291.png,word,,0.65625,,,2048.0,school_notebooks_train_0179291,train,very_short_text;foreground_heavy;probable_horizontal_ruling,7,1,не,2,120,0,0,0,0,0,64,32.0
9216,2.25,,0.0,pupil_text,2,203.0,383f2b352d43732d,cf77a1d14df3d87b8e6313200e2681591958c6b0,0.4790581597222222,52.0,255.0,75.65445295066266,64,0.21517553793884484,9,0.875,/home/galetka/Documents/Programming/hi-csg-r/data/processed/school_notebooks/ocr_images/school_notebooks_train_0028328.png,word,,0.8680555555555556,,,4608.0,school_notebooks_train_0028328,train,very_short_text;foreground_heavy;probable_horizontal_ruling,7,1,на,2,120,0,0,0,0,0,144,72.0
5696,1.390625,,0.0,pupil_text,2,208.0,383d4b1f67437f40,22070448c6d1a0476687e73b4931db098df4e0b7,0.4006320224719101,47.0,255.0,78.94698426853968,64,0.21209465381244522,13,0.7303370786516854,/home/galetka/Documents/Programming/hi-csg-r/data/processed/school_notebooks/ocr_images/school_notebooks_train_0207624.png,word,,0.7640449438202247,,,2848.0,school_notebooks_train_0207624,train,very_short_text;foreground_heavy;probable_horizontal_ruling,7,1,то,2,120,0,0,0,0,0,89,44.5
9920,2.421875,,0.0,pupil_text,3,201.0,603d260f57575181,107ee333f5b62530b2db1a07281c06dae0e1f2ed,0.39858870967741933,54.0,255.0,76.92105199563032,64,0.19954476479514416,13,0.8129032258064516,/home/galetka/Documents/Programming/hi-csg-r/data/processed/school_notebooks/ocr_images/school_notebooks_train_0007128.png,word,,0.7032258064516129,,,4960.0,school_notebooks_train_0007128,train,very_short_text;foreground_heavy;probable_horizontal_ruling,7,1,он,2,120,0,0,0,0,0,155,77.5
5120,1.25,,0.0,pupil_text,2,222.0,23385f6353590d83,b7ee9d25b3983c5f5586383815128aa5232b51fb,0.44140625,33.0,255.0,83.65701683676215,64,0.19911504424778761,11,0.825,/home/galetka/Documents/Programming/hi-csg-r/data/processed/school_notebooks/ocr_images/school_notebooks_train_0177350.png,word,,0.8,,,2560.0,school_notebooks_train_0177350,train,very_short_text;foreground_heavy;probable_horizontal_ruling,7,1,мы,2,120,0,0,0,0,0,80,40.0
5312,1.296875,,0.0,pupil_text,4,241.0,c10113334b5f2b5f,36398b0c7600b1cb5d3116f4d60d3aef40dd3d40,0.41246234939759036,13.0,254.0,81.8492784617403,64,0.19671382930168874,12,0.6867469879518072,/home/galetka/Documents/Programming/hi-csg-r/data/processed/school_notebooks/ocr_images/school_notebooks_train_0217357.png,word,,0.6987951807228916,,,2656.0,school_notebooks_train_0217357,train,very_short_text;foreground_heavy;probable_horizontal_ruling,7,1,со,2,120,0,0,0,0,0,83,41.5
6720,1.640625,,0.022667059169855754,pupil_text,8,221.0,fc7f33b5572b0b6b,02166bdea1a620e1535be396a189bd339184db30,0.5055059523809524,34.0,255.0,70.87844591197717,64,0.19605534294966145,11,0.9238095238095239,/home/galetka/Documents/Programming/hi-csg-r/data/processed/school_notebooks/ocr_images/school_notebooks_train_0218391.png,word,,0.8857142857142857,,,3360.0,school_notebooks_train_0218391,train,very_short_text;foreground_heavy;probable_horizontal_ruling,7,1,ий,2,120,0,1,0,0,1,105,52.5
7744,1.890625,,0.0,pupil_text,3,202.0,303f23272b4b5725,f03e7756e679fc7eb652dba4157e7eaae48561d8,0.446797520661157,53.0,255.0,78.23933690040447,64,0.19104046242774567,9,0.8677685950413223,/home/galetka/Documents/Programming/hi-csg-r/data/processed/school_notebooks/ocr_images/school_notebooks_train_0163018.png,word,,0.859504132231405,,,3872.0,school_notebooks_train_0163018,train,very_short_text;foreground_heavy;probable_horizontal_ruling,7,1,на,2,120,0,0,0,0,0,121,60.5
5376,1.3125,,0.011369509043927648,pupil_comment,1,197.0,3c674f4d09497240,19c0d742c00c4d7c52f77eaa2788c3140a0ae2cf,0.3599330357142857,58.0,255.0,72.73221046225451,64,0.1896640826873385,7,0.8690476190476191,/home/galetka/Documents/Programming/hi-csg-r/data/processed/school_notebooks/ocr_images/school_notebooks_train_0157821.png,word,,0.8690476190476191,,,2688.0,school_notebooks_train_0157821,train,very_short_text;foreground_heavy;probable_horizontal_ruling,7,1,тп,2,120,0,0,1,0,1,84,42.0
6464,1.578125,,0.0,pupil_text,1,211.0,417c2f6b53150303,c0069cf9b21ddda030a816634e17a3c6df1808a7,0.4661200495049505,43.0,254.0,79.76832211962444,64,0.18785263856621306,12,0.8712871287128713,/home/galetka/Documents/Programming/hi-csg-r/data/processed/school_notebooks/ocr_images/school_notebooks_train_0207828.png,word,,0.8613861386138614,,,3232.0,school_notebooks_train_0207828,train,very_short_text;foreground_heavy;probable_horizontal_ruling,7,1,то,2,120,0,0,0,0,0,101,50.5
7744,1.890625,,0.0,pupil_comment,5,194.0,00012b232f37734b,7319f3853943d950193f76d2e2e5ea47dcc762d6,0.38610537190082644,61.0,255.0,78.09268924165204,64,0.18461538461538463,11,0.6859504132231405,/home/galetka/Documents/Programming/hi-csg-r/data/processed/school_notebooks/ocr_images/school_notebooks_train_0156952.png,word,,0.7933884297520661,,,3872.0,school_notebooks_train_0156952,train,very_short_text;foreground_heavy;probable_horizontal_ruling,7,1,мн,2,120,0,0,0,0,0,121,60.5
8320,2.03125,,0.0,pupil_text,4,227.0,061731052765512d,1a411de7d01e13bbbb12b345f8ce5f4b15c16ffd,0.42199519230769234,28.0,255.0,73.8292403444914,64,0.17174594132725718,8,0.9153846153846154,/home/galetka/Documents/Programming/hi-csg-r/data/processed/school_notebooks/ocr_images/school_notebooks_train_0162391.png,word,,0.8769230769230769,,,4160.0,school_notebooks_train_0162391,train,very_short_text;foreground_heavy;probable_horizontal_ruling,7,1,ам,2,120,0,0,0,0,0,130,65.0
4928,1.203125,,0.0,pupil_text,1,212.0,82232b0b23271b8e,85d0699a66a57e5c9696c91dde9242e5e69ae50c,0.3814935064935065,42.0,254.0,79.87764064032027,64,0.17127659574468085,9,0.6753246753246753,/home/galetka/Documents/Programming/hi-csg-r/data/processed/school_notebooks/ocr_images/school_notebooks_train_0179945.png,word,,0.7142857142857143,,,2464.0,school_notebooks_train_0179945,train,very_short_text;foreground_heavy;probable_horizontal_ruling,7,1,не,2,120,0,0,0,0,0,77,38.5
4800,1.171875,,0.0,pupil_comment,2,217.0,011e272733330700,31c670f7eeef389ecd801decfb8e02a24a0938b5,0.35770833333333335,38.0,255.0,82.98324965868069,64,0.16773442050087362,10,0.6266666666666667,/home/galetka/Documents/Programming/hi-csg-r/data/processed/school_notebooks/ocr_images/school_notebooks_train_0039900.png,word,,0.6533333333333333,,,2400.0,school_notebooks_train_0039900,train,very_short_text;foreground_heavy;probable_horizontal_ruling,7,1,в.,2,120,0,0,0,0,0,75,37.5
7296,1.78125,,0.0,pupil_text,4,230.0,03072b33654b070c,82655d0cc2fe3cd8f9d03fd077fa441505ca3549,0.4518914473684211,25.0,255.0,82.23060390767611,64,0.1659084015771914,9,0.7719298245614035,/home/galetka/Documents/Programming/hi-csg-r/data/processed/school_notebooks/ocr_images/school_notebooks_train_0132812.png,word,,0.8157894736842105,,,3648.0,school_notebooks_train_0132812,train,very_short_text;foreground_heavy;probable_horizontal_ruling,7,1,не,2,120,0,0,0,0,0,114,57.0
6272,1.53125,,0.0,teacher_comment,3,223.0,12294d1533435b10,fa1c5f314b59b1f4d6bc34a0e33ec3158a3f50e8,0.44786352040816324,32.0,255.0,87.85449264157877,64,0.16589533641865434,12,0.7755102040816326,/home/galetka/Documents/Programming/hi-csg-r/data/processed/school_notebooks/ocr_images/school_notebooks_train_0180001.png,word,,0.7551020408163265,,,3136.0,school_notebooks_train_0180001,train,very_short_text;foreground_heavy;probable_horizontal_ruling,7,1,ни,2,120,0,0,0,0,0,98,49.0
8384,2.046875,,0.0,pupil_text,4,245.84999999999997,21030777774741c3,1f18126b5bd6b680bba4be1d6aabefa7f4191644,0.40541507633587787,8.150000000000034,254.0,87.03158726645405,64,0.16357752280082377,6,0.8778625954198473,/home/galetka/Documents/Programming/hi-csg-r/data/processed/school_notebooks/ocr_images/school_notebooks_train_0241901.png,word,,0.8778625954198473,,,4192.0,school_notebooks_train_0241901,train,very_short_text;foreground_heavy;probable_horizontal_ruling,7,1,ты,2,120,0,0,0,0,0,131,65.5
5376,1.3125,,0.0,pupil_text,1,234.0,5263635b130d1981,40d1a839e17ce04ef09358b89aa591a4fb5f9514,0.4056919642857143,20.0,254.0,87.15711270934686,64,0.1632278771205869,8,0.8333333333333334,/home/galetka/Documents/Programming/hi-csg-r/data/processed/school_notebooks/ocr_images/school_notebooks_train_0244364.png,word,,0.7619047619047619,,,2688.0,school_notebooks_train_0244364,train,very_short_text;foreground_heavy;probable_horizontal_ruling,7,1,ть,2,120,0,0,0,0,0,84,42.0
6720,1.640625,,0.0,pupil_text,4,234.0,010d291337731e1d,cfd1f8b8f4cfad2eba7e461d9c8d3b8a883fa5f4,0.4336309523809524,21.0,255.0,82.45102452057927,64,0.15888812628689086,9,0.6952380952380952,/home/galetka/Documents/Programming/hi-csg-r/data/processed/school_notebooks/ocr_images/school_notebooks_train_0132696.png,word,,0.7428571428571429,,,3360.0,school_notebooks_train_0132696,train,very_short_text;foreground_heavy;probable_horizontal_ruling,7,1,но,2,120,0,0,0,0,0,105,52.5
8768,2.140625,,0.0,pupil_text,8,225.0,01293b07694b4f36,458f4f706d04f7f10bffff980487ee4e8146002d,0.4865419708029197,30.0,255.0,77.32592204078739,64,0.15002344116268168,7,0.8832116788321168,/home/galetka/Documents/Programming/hi-csg-r/data/processed/school_notebooks/ocr_images/school_notebooks_train_0176525.png,word,,0.8832116788321168,,,4384.0,school_notebooks_train_0176525,train,very_short_text;foreground_heavy;probable_horizontal_ruling,7,1,ты,2,120,0,0,0,0,0,137,68.5
5952,1.453125,,0.0,pupil_text,3,208.0,1915272b33474776,b3647dcf511b0cab84480330babb6f070149a6ae,0.4109543010752688,47.0,255.0,79.89464383067843,64,0.14881439084219134,6,0.8602150537634409,/home/galetka/Documents/Programming/hi-csg-r/data/processed/school_notebooks/ocr_images/school_notebooks_train_0163112.png,word,,0.6989247311827957,,,2976.0,school_notebooks_train_0163112,train,very_short_text;foreground_heavy;probable_horizontal_ruling,7,1,не,2,120,0,0,0,0,0,93,46.5
6400,1.5625,,0.0,pupil_text,4,218.0,9c1b3b1337274729,d92f757f5eae50f287b815ad864128812d11e59d,0.416875,37.0,255.0,77.43006238495164,64,0.14842578710644677,5,0.9,/home/galetka/Documents/Programming/hi-csg-r/data/processed/school_notebooks/ocr_images/school_notebooks_train_0175643.png,word,,0.9,,,3200.0,school_notebooks_train_0175643,train,very_short_text;foreground_heavy;probable_horizontal_ruling,7,1,на,2,120,0,0,0,0,0,100,50.0
4608,1.125,,0.0,pupil_text,7,241.0,990b091b17732549,9d97dd6d8d4115dfd62ccbc99d6fca81b50c102f,0.4220920138888889,14.0,255.0,78.6380834570785,64,0.14447300771208227,6,0.8611111111111112,/home/galetka/Documents/Programming/hi-csg-r/data/processed/school_notebooks/ocr_images/school_notebooks_train_0216759.png,word,,0.8472222222222222,,,2304.0,school_notebooks_train_0216759,train,very_short_text;foreground_heavy;probable_horizontal_ruling,7,1,в.,2,120,0,0,0,0,0,72,36.0
5120,1.25,,0.0,pupil_text,4,207.04999999999998,01051b5d15755301,f517b40ef620aab7a56ea74692736dbc4836a2bd,0.462109375,46.95000000000002,254.0,71.285094799421,64,0.13947590870667795,8,0.8625,/home/galetka/Documents/Programming/hi-csg-r/data/processed/school_notebooks/ocr_images/school_notebooks_train_0216698.png,word,,0.8625,,,2560.0,school_notebooks_train_0216698,train,very_short_text;foreground_heavy;probable_horizontal_ruling,7,1,т.,2,120,0,0,0,0,0,80,40.0
6144,1.5,,0.0,pupil_text,3,213.0,617e5f555d5b5943,127ddb41f2381fa98af88c511cdc04fb26d94586,0.427734375,42.0,255.0,77.45781237386174,64,0.13926940639269406,5,0.84375,/home/galetka/Documents/Programming/hi-csg-r/data/processed/school_notebooks/ocr_images/school_notebooks_train_0019007.png,word,,0.84375,,,3072.0,school_notebooks_train_0019007,train,very_short_text;foreground_heavy;probable_horizontal_ruling,7,1,we,2,120,0,0,0,0,0,96,48.0
5440,1.328125,,0.0,pupil_text,2,211.05,3f0b17172b2f4541,76607e9a94ab82e5ef94646f6496effdb39eba3b,0.4404411764705882,43.94999999999999,255.0,75.86138469986766,64,0.13856427378964942,6,0.8470588235294118,/home/galetka/Documents/Programming/hi-csg-r/data/processed/school_notebooks/ocr_images/school_notebooks_train_0217000.png,word,,0.8470588235294118,,,2720.0,school_notebooks_train_0217000,train,very_short_text;foreground_heavy;probable_horizontal_ruling,7,1,на,2,120,0,0,0,0,0,85,42.5
7424,1.8125,,0.0,pupil_text,5,244.0,032b3377735f0703,60eaf52d1644768cc45cdf3296062a9993c3745f,0.36691810344827586,10.0,254.0,86.49779882006645,64,0.13509544787077826,7,0.6982758620689655,/home/galetka/Documents/Programming/hi-csg-r/data/processed/school_notebooks/ocr_images/school_notebooks_train_0007586.png,word,,0.6982758620689655,,,3712.0,school_notebooks_train_0007586,train,very_short_text;foreground_heavy;probable_horizontal_ruling,7,1,на,2,120,0,0,0,0,0,116,58.0
7168,1.75,,0.0,pupil_text,3,215.0,3f0d0b5f571f2b03,0f344b22908f08e1e525853ebdb9baf24ccb1301,0.4068080357142857,39.0,254.0,72.37064443030276,64,0.1337448559670782,6,0.8125,/home/galetka/Documents/Programming/hi-csg-r/data/processed/school_notebooks/ocr_images/school_notebooks_train_0218164.png,word,,0.8035714285714286,,,3584.0,school_notebooks_train_0218164,train,very_short_text;foreground_heavy;probable_horizontal_ruling,7,1,не,2,120,0,0,0,0,0,112,56.0
5952,1.453125,,0.0,pupil_text,1,206.0,586f656515074f18,7131c85ee5aa87ab469a3ab171acaf2ed46983de,0.39633736559139787,49.0,255.0,78.03203527960608,64,0.13098770665536244,8,0.6559139784946236,/home/galetka/Documents/Programming/hi-csg-r/data/processed/school_notebooks/ocr_images/school_notebooks_train_0243040.png,word,,0.7849462365591398,,,2976.0,school_notebooks_train_0243040,train,very_short_text;foreground_heavy;probable_horizontal_ruling,7,1,их,2,120,0,0,0,0,0,93,46.5
8448,2.0625,,0.0,pupil_text,11,218.0,3f3d1b17274d6343,f0437a9faf4742bedbeef43e790a4c5ab04af2bb,0.3939393939393939,36.0,254.0,71.99834723940607,64,0.1307091346153846,5,0.8636363636363636,/home/galetka/Documents/Programming/hi-csg-r/data/processed/school_notebooks/ocr_images/school_notebooks_train_0216993.png,word,,0.8409090909090909,,,4224.0,school_notebooks_train_0216993,train,very_short_text;foreground_heavy;probable_horizontal_ruling,7,1,на,2,120,0,0,0,0,0,132,66.0
6272,1.53125,,0.0,pupil_text,9,212.0,03474b4f13676d11,f6998fadc3ff471805c305fb900d421235915dc1,0.37850765306122447,42.0,254.0,70.39041629520379,64,0.12805391743892164,4,0.8979591836734694,/home/galetka/Documents/Programming/hi-csg-r/data/processed/school_notebooks/ocr_images/school_notebooks_train_0216744.png,word,,0.8979591836734694,,,3136.0,school_notebooks_train_0216744,train,very_short_text;foreground_heavy;probable_horizontal_ruling,7,1,п.,2,120,0,0,0,0,0,98,49.0
7168,1.75,,0.0,pupil_comment,1,207.0,9616332333735f1c,7a60e53a91048a840ea90f0b1b655ad645adaf88,0.5486886160714286,48.0,255.0,86.28909362222322,64,1.0,50,0.875,/home/galetka/Documents/Programming/hi-csg-r/data/processed/school_notebooks/ocr_images/school_notebooks_train_0239782.png,word,,0.8660714285714286,,,2389.3333333333335,school_notebooks_train_0239782,train,foreground_heavy;probable_horizontal_ruling,6,1,1-е,3,120,0,0,0,0,0,112,37.333333333333336
7232,1.765625,,0.0,pupil_text,1,205.0,0c4f733333396555,1244b85381cf14e1ffa4029e89dc0fe74ed8e6bc,0.6238938053097345,50.0,255.0,80.9226679574132,64,1.0,48,0.8761061946902655,/home/galetka/Documents/Programming/hi-csg-r/data/processed/school_notebooks/ocr_images/school_notebooks_train_0086751.png,word,,0.8495575221238938,,,2410.6666666666665,school_notebooks_train_0086751,train,foreground_heavy;probable_horizontal_ruling,6,1,эта,3,120,0,0,0,0,0,113,37.666666666666664
8896,2.171875,,0.0,pupil_text,1,210.0,1e2f233333315310,734f5e3f71ba1eae415ffc1a461719dfea261a63,0.5768884892086331,45.0,255.0,85.90221134720507,64,0.9998051441932969,47,0.8848920863309353,/home/galetka/Documents/Programming/hi-csg-r/data/processed/school_notebooks/ocr_images/school_notebooks_train_0086885.png,word,,0.8705035971223022,,,2965.3333333333335,school_notebooks_train_0086885,train,foreground_heavy;probable_horizontal_ruling,6,1,она,3,120,0,0,0,0,0,139,46.333333333333336
7296,1.78125,,0.0,pupil_text,1,209.0,0457496b2b4b5925,75b5f183382a2a3981e5ef8e24994543c4e4dcfb,0.6214364035087719,45.0,254.0,82.66745755462644,64,0.9997794441993825,48,0.868421052631579,/home/galetka/Documents/Programming/hi-csg-r/data/processed/school_notebooks/ocr_images/school_notebooks_train_0086645.png,word,,0.868421052631579,,,2432.0,school_notebooks_train_0086645,train,foreground_heavy;probable_horizontal_ruling,6,1,что,3,120,0,0,0,0,0,114,38.0
6272,1.53125,,0.0,pupil_text,1,228.45,2c2f2d2b2b4d5d58,672cde1bfa911ab6c834ebb18fed87bfcb8704ab,0.5776466836734694,26.55000000000001,255.0,95.64049982307776,64,0.9997239856472536,48,0.8571428571428571,/home/galetka/Documents/Programming/hi-csg-r/data/processed/school_notebooks/ocr_images/school_notebooks_train_0086884.png,word,,0.8469387755102041,,,2090.6666666666665,school_notebooks_train_0086884,train,foreground_heavy;probable_horizontal_ruling,6,1,нел,3,120,0,0,0,0,0,98,32.666666666666664
12096,2.953125,,0.0,pupil_text,1,219.0,014e5753532d0500,c13c786869850754a2dc8b7a78b4b523d7130779,0.5514219576719577,36.0,255.0,97.77814465724819,64,0.9997001499250375,46,0.9153439153439153,/home/galetka/Documents/Programming/hi-csg-r/data/processed/school_notebooks/ocr_images/school_notebooks_train_0169906.png,word,,0.8994708994708994,,,2016.0,school_notebooks_train_0169906,train,foreground_heavy;probable_horizontal_ruling,6,1,лапами,6,120,0,0,0,0,0,189,31.5
10496,2.5625,,0.0,pupil_comment,1,199.0,3e3b5317155b2b26,0b7190b963c9f1669e99d6fe7d4404808a7aedfe,0.5759336890243902,56.0,255.0,82.75648085817532,64,0.9995037220843672,46,0.8902439024390244,/home/galetka/Documents/Programming/hi-csg-r/data/processed/school_notebooks/ocr_images/school_notebooks_train_0239099.png,word,,0.8841463414634146,,,3498.6666666666665,school_notebooks_train_0239099,train,foreground_heavy;probable_horizontal_ruling,6,1,скл,3,120,0,0,0,0,0,164,54.666666666666664
6656,1.625,,0.0,pupil_text,1,212.0,2135595525615f7e,1713fec259c11286b509ea91390c6c014822d810,0.6850961538461539,42.0,254.0,79.60199357747726,64,0.9973684210526316,53,0.9134615384615384,/home/galetka/Documents/Programming/hi-csg-r/data/processed/school_notebooks/ocr_images/school_notebooks_train_0229205.png,word,,0.8846153846153846,,,950.8571428571429,school_notebooks_train_0229205,train,foreground_heavy;probable_horizontal_ruling,6,1,поднять,7,120,0,0,0,0,0,104,14.857142857142858
8640,2.109375,,0.0,pupil_comment,1,218.0,012e5b535f091300,76dedaa4502b8c8e366fbf091c1fbe2129669d52,0.49212962962962964,37.0,255.0,90.93219947635149,64,0.9960018814675446,43,0.8518518518518519,/home/galetka/Documents/Programming/hi-csg-r/data/processed/school_notebooks/ocr_images/school_notebooks_train_0240154.png,word,,0.8518518518518519,,,2880.0,school_notebooks_train_0240154,train,foreground_heavy;probable_horizontal_ruling,6,1,скл,3,120,0,0,0,0,0,135,45.0
11392,2.78125,,0.0,pupil_text,1,216.0,7f152569694d4505,4346aec675102b5aa1d01fc24ef1d946e1a25e67,0.7327071629213483,39.0,255.0,73.21829120995417,64,0.9956870731999521,53,0.9550561797752809,/home/galetka/Documents/Programming/hi-csg-r/data/processed/school_notebooks/ocr_images/school_notebooks_train_0228707.png,word,,0.9044943820224719,,,1265.7777777777778,school_notebooks_train_0228707,train,foreground_heavy;probable_horizontal_ruling,6,1,написание,9,120,0,0,0,0,0,178,19.77777777777778
8320,2.03125,,0.0,pupil_text,1,217.0,3f3d5d4d6753474c,26bbd5c2f0f0b5d3dfd0bc16e233b2e4305cdc8d,0.6551682692307692,37.0,254.0,82.63851481824314,64,0.9952302329847734,53,0.9307692307692308,/home/galetka/Documents/Programming/hi-csg-r/data/processed/school_notebooks/ocr_images/school_notebooks_train_0207485.png,word,,0.9230769230769231,,,2080.0,school_notebooks_train_0207485,train,foreground_heavy;probable_horizontal_ruling,6,1,друг,4,120,0,0,0,0,0,130,32.5
8704,2.125,,0.0,pupil_text,1,226.0,4b4b6b3d49490103,f33983d66e19287464375e6f39f6e9fba21e3420,0.6622242647058824,29.0,255.0,87.77774372575895,64,0.9946217904233171,50,0.9117647058823529,/home/galetka/Documents/Programming/hi-csg-r/data/processed/school_notebooks/ocr_images/school_notebooks_train_0207524.png,word,,0.8970588235294118,,,2901.3333333333335,school_notebooks_train_0207524,train,foreground_heavy;probable_horizontal_ruling,6,1,тех,3,120,0,0,0,0,0,136,45.333333333333336
4096,1.0,,0.006215722120658135,teacher_comment,1,193.0,3b1b3b2b43535b4b,e7e72e27532fa215a7445d0f6b65397aef873825,0.667724609375,62.0,255.0,78.07637166964487,64,0.9945155393053017,58,0.8125,/home/galetka/Documents/Programming/hi-csg-r/data/processed/school_notebooks/ocr_images/school_notebooks_train_0197278.png,word,,0.78125,,,1024.0,school_notebooks_train_0197278,train,foreground_heavy;probable_horizontal_ruling,6,1,2/3.,4,120,0,0,0,0,0,64,16.0
8704,2.125,,0.0,pupil_text,1,220.0,090e573d070f1f20,7cd8c349545ded914da528f6c9786b51ce539da7,0.5519301470588235,35.0,255.0,93.49772736346678,64,0.9939633638634471,45,0.8823529411764706,/home/galetka/Documents/Programming/hi-csg-r/data/processed/school_notebooks/ocr_images/school_notebooks_train_0086607.png,word,,0.8602941176470589,,,2901.3333333333335,school_notebooks_train_0086607,train,foreground_heavy;probable_horizontal_ruling,6,1,так,3,120,0,0,0,0,0,136,45.333333333333336
8000,1.953125,,0.0,pupil_text,1,215.0,1f2b23395b475c31,b7d600733df74cd702e18b9cdec3c862c4253870,0.602875,40.0,255.0,84.3091812582562,64,0.9935724652705785,53,0.936,/home/galetka/Documents/Programming/hi-csg-r/data/processed/school_notebooks/ocr_images/school_notebooks_train_0228892.png,word,,0.864,,,1142.857142857143,school_notebooks_train_0228892,train,foreground_heavy;probable_horizontal_ruling,6,1,девочка,7,120,0,0,0,0,0,125,17.857142857142858
11328,2.765625,,0.0,teacher_comment,1,198.0,2d25254d7d455d7f,67c6cb80d301c7115275937100d2785064390e32,0.7490289548022598,57.0,255.0,75.1542233068956,64,0.9934001178550383,56,0.96045197740113,/home/galetka/Documents/Programming/hi-csg-r/data/processed/school_notebooks/ocr_images/school_notebooks_train_0228921.png,word,,0.9548022598870056,,,3776.0,school_notebooks_train_0228921,train,foreground_heavy;probable_horizontal_ruling,6,1,3-.,3,120,0,0,0,0,0,177,59.0
6080,1.484375,,0.0,pupil_comment,1,226.0,0626272f2f5f7958,245e5a47a967427686e3b7b2443e6c00b751b53d,0.5444078947368421,29.0,255.0,90.00820121705738,64,0.9933534743202417,47,0.8315789473684211,/home/galetka/Documents/Programming/hi-csg-r/data/processed/school_notebooks/ocr_images/school_notebooks_train_0063190.png,word,,0.8315789473684211,,,2026.6666666666667,school_notebooks_train_0063190,train,foreground_heavy;probable_horizontal_ruling,6,1,гл.,3,120,0,0,0,0,0,95,31.666666666666668
8064,1.96875,,0.0,pupil_text,1,229.0,392d0d0929535333,f06aadaa11e092e7f078f5dcaead28b111b44713,0.6624503968253969,26.0,255.0,84.67053849788192,64,0.9932609509546986,50,0.9047619047619048,/home/galetka/Documents/Programming/hi-csg-r/data/processed/school_notebooks/ocr_images/school_notebooks_train_0230863.png,word,,0.8968253968253969,,,2688.0,school_notebooks_train_0230863,train,foreground_heavy;probable_horizontal_ruling,6,1,мая,3,120,0,0,0,0,0,126,42.0
14080,3.4375,,0.0,pupil_text,1,235.0,516d5155456f6c59,17ad1745936e7b99c5c14b7adbfad89facf34e98,0.662784090909091,20.0,255.0,88.7654139115114,64,0.9932490355765109,51,0.9545454545454546,/home/galetka/Documents/Programming/hi-csg-r/data/processed/school_notebooks/ocr_images/school_notebooks_train_0237077.png,word,,0.9363636363636364,,,2816.0,school_notebooks_train_0237077,train,foreground_heavy;probable_horizontal_ruling,6,1,имеют,5,120,0,0,0,0,0,220,44.0
8064,1.96875,,0.0,pupil_text,1,218.0,2525252d292d0b13,35a714808a234534fe60211be0d28ea75c16896c,0.6160714285714286,37.0,255.0,84.42256036722321,64,0.9929549114331723,47,0.8888888888888888,/home/galetka/Documents/Programming/hi-csg-r/data/processed/school_notebooks/ocr_images/school_notebooks_train_0007049.png,word,,0.873015873015873,,,2688.0,school_notebooks_train_0007049,train,foreground_heavy;probable_horizontal_ruling,6,1,604,3,120,0,0,0,0,0,126,42.0
19328,4.71875,,0.0,pupil_text,1,218.0,f87f53570b4b5f16,1c10a9b1c548ea42530ca454d77c9ad87e83e270,0.6779801324503312,37.0,255.0,80.1196339109908,64,0.9928266178266179,50,0.9602649006622517,/home/galetka/Documents/Programming/hi-csg-r/data/processed/school_notebooks/ocr_images/school_notebooks_train_0207531.png,word,,0.9503311258278145,,,2147.5555555555557,school_notebooks_train_0207531,train,foreground_heavy;probable_horizontal_ruling,6,1,кваканье.,9,120,0,0,0,0,0,302,33.55555555555556
7552,1.84375,,0.0,pupil_text,1,213.0,596d292d0b2b2b25,288cedd0966e13962051d06a9b6340c1d48d1ede,0.591896186440678,42.0,255.0,83.61828287705055,64,0.9926174496644296,47,0.864406779661017,/home/galetka/Documents/Programming/hi-csg-r/data/processed/school_notebooks/ocr_images/school_notebooks_train_0019073.png,word,,0.864406779661017,,,2517.3333333333335,school_notebooks_train_0019073,train,foreground_heavy;probable_horizontal_ruling,6,1,the,3,120,0,0,0,0,0,118,39.333333333333336
12608,3.078125,,0.0,pupil_text,1,207.0,185d556d53514102,5c3067433c7632a50401e33dd4a2063b3ddef833,0.6208756345177665,47.0,254.0,80.18690995559676,64,0.9925907000510986,45,0.9187817258883249,/home/galetka/Documents/Programming/hi-csg-r/data/processed/school_notebooks/ocr_images/school_notebooks_train_0019355.png,word,,0.9187817258883249,,,2521.6,school_notebooks_train_0019355,train,foreground_heavy;probable_horizontal_ruling,6,1,worse,5,120,0,0,0,0,0,197,39.4
4096,1.0,,0.0,pupil_text,1,201.0,0e1713031707031f,8baf0d238d7c11320afec6ad72ab47ac571bed29,0.583251953125,54.0,255.0,79.45241941365659,64,0.992465466722478,53,0.78125,/home/galetka/Documents/Programming/hi-csg-r/data/processed/school_notebooks/ocr_images/school_notebooks_train_0177028.png,word,,0.78125,,,1365.3333333333333,school_notebooks_train_0177028,train,foreground_heavy;probable_horizontal_ruling,6,1,iii,3,120,0,0,0,0,0,64,21.333333333333332
11264,2.75,,0.0,pupil_text,1,229.0,03213d3523515f7f,9f1eb3d921ed8e53d340077e156806aefe7f0d12,0.6573153409090909,26.0,255.0,86.27674563067778,64,0.9923014586709886,50,0.9375,/home/galetka/Documents/Programming/hi-csg-r/data/processed/school_notebooks/ocr_images/school_notebooks_train_0230025.png,word,,0.9318181818181818,,,1609.142857142857,school_notebooks_train_0230025,train,foreground_heavy;probable_horizontal_ruling,6,1,составе,7,120,0,0,0,0,0,176,25.142857142857142
8704,2.125,,0.0,pupil_comment,1,215.0,185f515173774303,01239682fc983eadf9fafc9f0f9a807f758712da,0.5812270220588235,40.0,255.0,87.91065480319853,64,0.9920932990709627,47,0.8970588235294118,/home/galetka/Documents/Programming/hi-csg-r/data/processed/school_notebooks/ocr_images/school_notebooks_train_0164410.png,word,,0.8897058823529411,,,2901.3333333333335,school_notebooks_train_0164410,train,foreground_heavy;probable_horizontal_ruling,6,1,и.п,3,120,0,0,0,0,0,136,45.333333333333336
5760,1.40625,,0.0,pupil_comment,1,230.0,002b2b17632b3f80,2f88e07af0f674b9202e1a1405f13d459c8dfc8f,0.4732638888888889,25.0,255.0,94.95169658608708,64,0.991929567131328,41,0.8,/home/galetka/Documents/Programming/hi-csg-r/data/processed/school_notebooks/ocr_images/school_notebooks_train_0178909.png,word,,0.7666666666666667,,,1920.0,school_notebooks_train_0178909,train,foreground_heavy;probable_horizontal_ruling,6,1,гос,3,120,0,0,0,0,0,90,30.0
6592,1.609375,,0.0,pupil_comment,1,221.0,002b2b2b2b070100,77b2b7257b3f65c0b8f87ffc73249a6f5be95bae,0.4174757281553398,34.0,255.0,92.08884193689295,64,0.9916424418604651,37,0.7864077669902912,/home/galetka/Documents/Programming/hi-csg-r/data/processed/school_notebooks/ocr_images/school_notebooks_train_0179000.png,word,,0.7669902912621359,,,1648.0,school_notebooks_train_0179000,train,foreground_heavy;probable_horizontal_ruling,6,1,.скл,4,120,0,0,0,0,0,103,25.75
6336,1.546875,,0.0,pupil_text,1,225.0,430f2723071b3f78,5b4171a9b0e563f86e3f82ba902cc1078a080f8a,0.5620265151515151,29.0,254.0,97.45166718975801,64,0.991575400168492,47,0.8585858585858586,/home/galetka/Documents/Programming/hi-csg-r/data/processed/school_notebooks/ocr_images/school_notebooks_train_0086776.png,word,,0.8383838383838383,,,2112.0,school_notebooks_train_0086776,train,foreground_heavy;probable_horizontal_ruling,6,1,чьё,3,120,0,0,0,0,0,99,33.0
6848,1.671875,,0.0,pupil_text,1,220.0,312d29716d490303,1a90d777887b79b6b08083b30be4cd7d2996d366,0.5876168224299065,35.0,255.0,86.55343537162709,64,0.9910536779324056,48,0.8878504672897196,/home/galetka/Documents/Programming/hi-csg-r/data/processed/school_notebooks/ocr_images/school_notebooks_train_0027566.png,word,,0.8411214953271028,,,2282.6666666666665,school_notebooks_train_0027566,train,foreground_heavy;probable_horizontal_ruling,6,1,509,3,120,0,0,0,0,0,107,35.666666666666664
17856,4.359375,,0.0,pupil_text,1,211.0,8f0b3151536d77cb,6d274fe4621a4fcaaac8e55aaa0b8c05c6fbb8af,0.6605622759856631,44.0,255.0,78.28198941754502,64,0.9902501059771089,49,0.956989247311828,/home/galetka/Documents/Programming/hi-csg-r/data/processed/school_notebooks/ocr_images/school_notebooks_train_0007079.png,word,,0.9390681003584229,,,2550.8571428571427,school_notebooks_train_0007079,train,foreground_heavy;probable_horizontal_ruling,6,1,кашляет,7,120,0,0,0,0,0,279,39.857142857142854
12736,3.109375,,0.0,pupil_text,1,206.0,030161414d575f78,ce4813303dba3188e2f91395eaa23316c697069b,0.6268844221105527,49.0,255.0,81.45953845137454,64,0.9898547094188377,49,0.9396984924623115,/home/galetka/Documents/Programming/hi-csg-r/data/processed/school_notebooks/ocr_images/school_notebooks_train_0027524.png,word,,0.914572864321608,,,2547.2,school_notebooks_train_0027524,train,foreground_heavy;probable_horizontal_ruling,6,1,имеют,5,120,0,0,0,0,0,199,39.8
5888,1.4375,,0.0,pupil_text,1,212.0,981b191b17732f18,c65273698000f8e16eb954ac34baabc3cdfa243b,0.5434782608695652,43.0,255.0,90.36979684567521,64,0.9896875,47,0.8478260869565217,/home/galetka/Documents/Programming/hi-csg-r/data/processed/school_notebooks/ocr_images/school_notebooks_val_0269634.png,word,,0.8260869565217391,,,1962.6666666666667,school_notebooks_val_0269634,val,foreground_heavy;probable_horizontal_ruling,6,1,н.с,3,120,0,0,0,0,0,92,30.666666666666668
8704,2.125,,0.0,pupil_text,1,215.0,000b631333232500,e50b95a35d60510a2098d1b9d9d4a158205abe1c,0.5066636029411765,40.0,255.0,95.61690014022471,64,0.9895691609977324,43,0.875,/home/galetka/Documents/Programming/hi-csg-r/data/processed/school_notebooks/ocr_images/school_notebooks_train_0169905.png,word,,0.7941176470588235,,,2176.0,school_notebooks_train_0169905,train,foreground_heavy;probable_horizontal_ruling,6,1,стал,4,120,0,0,0,0,0,136,34.0
11328,2.765625,,0.0,pupil_text,1,218.0,0d2d272757550101,40880cf6bef179349842b637ac41b269ba14380a,0.677877824858757,36.0,254.0,80.01038764318662,64,0.9891913009506447,50,0.9322033898305084,/home/galetka/Documents/Programming/hi-csg-r/data/processed/school_notebooks/ocr_images/school_notebooks_train_0229241.png,word,,0.9152542372881356,,,2832.0,school_notebooks_train_0229241,train,foreground_heavy;probable_horizontal_ruling,6,1,n278,4,120,0,0,0,0,0,177,44.25
9792,2.390625,,0.0,pupil_text,1,206.0,010139232b434f4c,7e6b7b35a4d0a3d80a31b6f3db1f33ad0448195c,0.5972222222222222,49.0,255.0,84.86038564968675,64,0.9890560875512996,52,0.934640522875817,/home/galetka/Documents/Programming/hi-csg-r/data/processed/school_notebooks/ocr_images/school_notebooks_train_0162767.png,word,,0.7777777777777778,,,3264.0,school_notebooks_train_0162767,train,foreground_heavy;probable_horizontal_ruling,6,1,это,3,120,0,0,0,0,0,153,51.0
5376,1.3125,,0.0,pupil_text,1,235.0,3531252d29250303,621ec63df1b2c2cd0dbe810a21de2fd7bea9cd1f,0.6726190476190477,20.0,255.0,84.94149271598977,64,0.9889380530973452,52,0.9047619047619048,/home/galetka/Documents/Programming/hi-csg-r/data/processed/school_notebooks/ocr_images/school_notebooks_train_0166663.png,word,,0.8690476190476191,,,1792.0,school_notebooks_train_0166663,train,foreground_heavy;probable_horizontal_ruling,6,1,545,3,120,0,0,0,0,0,84,28.0
8832,2.15625,,0.0,pupil_text,1,222.0,7c7f0b17276d472b,87a05c1aa446a4e5d263ddca48c41c238027a92e,0.6370018115942029,33.0,255.0,87.86419043557937,64,0.9888019907571988,48,0.9130434782608695,/home/galetka/Documents/Programming/hi-csg-r/data/processed/school_notebooks/ocr_images/school_notebooks_train_0207503.png,word,,0.8913043478260869,,,2944.0,school_notebooks_train_0207503,train,foreground_heavy;probable_horizontal_ruling,6,1,мн.,3,120,0,0,0,0,0,138,46.0
19328,4.71875,,0.0,pupil_text,1,239.0,2d115951536d7ff8,bb967d2e0ab775c7fff1835fb912326040d85514,0.6892073675496688,16.0,255.0,88.29802788898502,64,0.9887395841153067,48,0.9602649006622517,/home/galetka/Documents/Programming/hi-csg-r/data/processed/school_notebooks/ocr_images/school_notebooks_train_0131516.png,word,,0.9470198675496688,,,3221.3333333333335,school_notebooks_train_0131516,train,foreground_heavy;probable_horizontal_ruling,6,1,летают,6,120,0,0,0,0,0,302,50.333333333333336
14976,3.65625,,0.0,pupil_text,1,223.0,8101254353517ff8,9867a1e810b41d5fb9e0591fd648a320b5f8c59d,0.6374866452991453,32.0,255.0,89.38535374022021,64,0.9883733109877448,48,0.9444444444444444,/home/galetka/Documents/Programming/hi-csg-r/data/processed/school_notebooks/ocr_images/school_notebooks_train_0007098.png,word,,0.9145299145299145,,,2995.2,school_notebooks_train_0007098,train,foreground_heavy;probable_horizontal_ruling,6,1,плохо,5,120,0,0,0,0,0,234,46.8
5952,1.453125,,0.0,pupil_comment,1,190.0,1059373319191f90,e59797a7dbcd330128223b0a99e115a09974add9,0.5472110215053764,65.0,255.0,80.75943611675525,64,0.9880257906048511,44,0.8279569892473119,/home/galetka/Documents/Programming/hi-csg-r/data/processed/school_notebooks/ocr_images/school_notebooks_train_0064230.png,word,,0.8279569892473119,,,1488.0,school_notebooks_train_0064230,train,foreground_heavy;probable_horizontal_ruling,6,1,сущ.,4,120,0,0,0,0,0,93,23.25
6592,1.609375,,0.0,pupil_text,1,224.0,011d37734b4b0706,52df4edec4ff6d9b6ed68f31bab9174e58cb08d0,0.5712985436893204,31.0,255.0,89.01525021697847,64,0.9877854487519915,48,0.8737864077669902,/home/galetka/Documents/Programming/hi-csg-r/data/processed/school_notebooks/ocr_images/school_notebooks_train_0229152.png,word,,0.8155339805825242,,,1648.0,school_notebooks_train_0229152,train,foreground_heavy;probable_horizontal_ruling,6,1,есть,4,120,0,0,0,0,0,103,25.75
12352,3.015625,,0.0,pupil_text,1,222.0,9c1f356545697f7e,a790a1505f7dbc2332474a464db7aee6f09c8c4d,0.6461301813471503,33.0,255.0,83.31519099867577,64,0.9877208369878462,48,0.9378238341968912,/home/galetka/Documents/Programming/hi-csg-r/data/processed/school_notebooks/ocr_images/school_notebooks_train_0130967.png,word,,0.9378238341968912,,,2470.4,school_notebooks_train_0130967,train,foreground_heavy;probable_horizontal_ruling,6,1,обеим,5,120,0,0,0,0,0,193,38.6
9088,2.21875,,0.0,pupil_text,1,209.0,040751555353478b,b84233d2b9807e3af6eb480a78e47e79a0df6ae8,0.6060739436619719,45.0,254.0,82.00718201442011,64,0.9876543209876543,46,0.9014084507042254,/home/galetka/Documents/Programming/hi-csg-r/data/processed/school_notebooks/ocr_images/school_notebooks_train_0019435.png,word,,0.8732394366197183,,,2272.0,school_notebooks_train_0019435,train,foreground_heavy;probable_horizontal_ruling,6,1,than,4,120,0,0,0,0,0,142,35.5
12736,3.109375,,0.0,pupil_text,1,230.0,0111290b177b0303,8d810bd817c4e209c786410e34973cb2b85e9e8f,0.6262562814070352,25.0,255.0,84.43440615646239,64,0.9875877632898696,51,0.949748743718593,/home/galetka/Documents/Programming/hi-csg-r/data/processed/school_notebooks/ocr_images/school_notebooks_train_0207131.png,word,,0.8743718592964824,,,2547.2,school_notebooks_train_0207131,train,foreground_heavy;probable_horizontal_ruling,6,1,месяц,5,120,0,0,0,0,0,199,39.8
8832,2.15625,,0.0,pupil_text,1,228.0,0121254513255d19,97bbaf75d0d1d7b5d98c3c6fff615a5dbbec3936,0.6281702898550725,27.0,255.0,86.26834479356188,64,0.9873828406633021,47,0.8985507246376812,/home/galetka/Documents/Programming/hi-csg-r/data/processed/school_notebooks/ocr_images/school_notebooks_train_0208053.png,word,,0.8840579710144928,,,2944.0,school_notebooks_train_0208053,train,foreground_heavy;probable_horizontal_ruling,6,1,они,3,120,0,0,0,0,0,138,46.0
17536,4.28125,,0.0,pupil_text,1,229.0,06074d4d55757d59,6a8a92fbfba71d8debb14f99e9ba50344f25d86d,0.6532276459854015,26.0,255.0,87.91140881472111,64,0.9873417721518988,47,0.948905109489051,/home/galetka/Documents/Programming/hi-csg-r/data/processed/school_notebooks/ocr_images/school_notebooks_train_0208075.png,word,,0.9343065693430657,,,2192.0,school_notebooks_train_0208075,train,foreground_heavy;probable_horizontal_ruling,6,1,помогали,8,120,0,0,0,0,0,274,34.25
9216,2.25,,0.0,pupil_text,1,213.0,0607773307454100,334dd5008e667129bedf147cf3a6974538c7ed19,0.5394965277777778,42.0,255.0,90.39159396921876,64,0.9871279163314561,44,0.8888888888888888,/home/galetka/Documents/Programming/hi-csg-r/data/processed/school_notebooks/ocr_images/school_notebooks_train_0086599.png,word,,0.8819444444444444,,,2304.0,school_notebooks_train_0086599,train,foreground_heavy;probable_horizontal_ruling,6,1,"том,",4,120,0,0,0,0,0,144,36.0
5312,1.296875,,0.0,pupil_text,1,219.0,83271d555555332f,d9d4dcadfb64a917c734f754de7da7a511bcf2f3,0.655308734939759,35.0,254.0,78.01791796161655,64,0.9867854064923872,52,0.9036144578313253,/home/galetka/Documents/Programming/hi-csg-r/data/processed/school_notebooks/ocr_images/school_notebooks_train_0227320.png,word,,0.891566265060241,,,1770.6666666666667,school_notebooks_train_0227320,train,foreground_heavy;probable_horizontal_ruling,6,1,iii,3,120,0,0,0,0,0,83,27.666666666666668
5568,1.359375,,0.0,teacher_comment,1,181.0,37273b3333637f78,8c19d8aa71a7b954ed7a17a164ca7a9b421d2afe,0.6215876436781609,74.0,255.0,75.86469087997312,64,0.9867090436290089,53,0.9080459770114943,/home/galetka/Documents/Programming/hi-csg-r/data/processed/school_notebooks/ocr_images/school_notebooks_train_0114168.png,word,,0.896551724137931,,,1856.0,school_notebooks_train_0114168,train,foreground_heavy;probable_horizontal_ruling,6,1,2-0,3,120,0,0,0,0,0,87,29.0
8448,2.0625,,0.0,pupil_comment,1,201.0,40030323230b0b00,427dcdf4c20eab50825873f8830a8bd9c4a89b87,0.43513257575757575,54.0,255.0,88.72113321599763,64,0.9863982589771491,38,0.8333333333333334,/home/galetka/Documents/Programming/hi-csg-r/data/processed/school_notebooks/ocr_images/school_notebooks_train_0178214.png,word,,0.8106060606060606,,,2816.0,school_notebooks_train_0178214,train,foreground_heavy;probable_horizontal_ruling,6,1,мн.,3,120,0,0,0,0,0,132,44.0
4672,1.140625,,0.0,teacher_comment,1,202.0,860f292327690b2f,780f2770f920942c1a217cf0aa00dd58117379b6,0.692208904109589,53.0,255.0,80.34364758248547,64,0.9860853432282004,55,0.9178082191780822,/home/galetka/Documents/Programming/hi-csg-r/data/processed/school_notebooks/ocr_images/school_notebooks_train_0063263.png,word,,0.9041095890410958,,,1557.3333333333333,school_notebooks_train_0063263,train,foreground_heavy;probable_horizontal_ruling,6,1,5/5,3,120,0,0,0,0,0,73,24.333333333333332
6720,1.640625,,0.0,pupil_text,1,200.0,233b3b3b33331383,32165acf523252eeb497c60c455eab0408fbaf68,0.5520833333333334,54.0,254.0,82.28358809682766,64,0.9859838274932614,47,0.8666666666666667,/home/galetka/Documents/Programming/hi-csg-r/data/processed/school_notebooks/ocr_images/school_notebooks_train_0086863.png,word,,0.8285714285714286,,,2240.0,school_notebooks_train_0086863,train,foreground_heavy;probable_horizontal_ruling,6,1,эти,3,120,0,0,0,0,0,105,35.0
11712,2.859375,,0.0,pupil_text,1,214.0,33334951554b7f78,94fadc1e155c566c0364b19639214a95e2fe336c,0.6392588797814208,41.0,255.0,80.92662630933269,64,0.9859756911980767,48,0.9344262295081968,/home/galetka/Documents/Programming/hi-csg-r/data/processed/school_notebooks/ocr_images/school_notebooks_train_0027500.png,word,,0.9344262295081968,,,2342.4,school_notebooks_train_0027500,train,foreground_heavy;probable_horizontal_ruling,6,1,имеют,5,120,0,0,0,0,0,183,36.6
8640,2.109375,,0.0,teacher_comment,1,194.0,0f3731312d6b0327,2598f8becb3444d2fc9bea90ae5016e0c2ab5180,0.6353009259259259,61.0,255.0,80.21421468929076,64,0.9859719438877755,49,0.9111111111111111,/home/galetka/Documents/Programming/hi-csg-r/data/processed/school_notebooks/ocr_images/school_notebooks_train_0199846.png,word,,0.8666666666666667,,,2880.0,school_notebooks_train_0199846,train,foreground_heavy;probable_horizontal_ruling,6,1,7-0,3,120,0,0,0,0,0,135,45.0
6912,1.6875,,0.0,pupil_text,1,232.0,3e3f35290b5b5303,f3425fdfefa31b49b64cb19bfe636412310b3e7c,0.6417824074074074,23.0,255.0,87.42793494848475,64,0.9857980162308386,52,0.9166666666666666,/home/galetka/Documents/Programming/hi-csg-r/data/processed/school_notebooks/ocr_images/school_notebooks_train_0043688.png,word,,0.8425925925925926,,,2304.0,school_notebooks_train_0043688,train,foreground_heavy;probable_horizontal_ruling,6,1,573,3,120,0,0,0,0,0,108,36.0
16512,4.03125,,0.0,pupil_text,1,238.0,607f45714d4d7f7c,b9ee12822fd96dbc6c9c60def79623c74c23ac35,0.6392320736434108,17.0,255.0,88.92250517471686,64,0.9856939838938892,46,0.9457364341085271,/home/galetka/Documents/Programming/hi-csg-r/data/processed/school_notebooks/ocr_images/school_notebooks_train_0224011.png,word,,0.9457364341085271,,,3302.4,school_notebooks_train_0224011,train,foreground_heavy;probable_horizontal_ruling,6,1,опыта,5,120,0,0,0,0,0,258,51.6
9792,2.390625,,0.0,pupil_text,1,224.0,03033b0747417f70,af6f28ba78855ebc0dbee3cdc78baec743d53931,0.5839460784313726,31.0,255.0,92.31009655818247,64,0.9854844351171739,46,0.9084967320261438,/home/galetka/Documents/Programming/hi-csg-r/data/processed/school_notebooks/ocr_images/school_notebooks_train_0207536.png,word,,0.8888888888888888,,,3264.0,school_notebooks_train_0207536,train,foreground_heavy;probable_horizontal_ruling,6,1,мн.,3,120,0,0,0,0,0,153,51.0
10112,2.46875,,0.0,pupil_text,1,216.0,2105191513630303,c4dc5f423558fc39d1939c63548aff30276c7e81,0.6198575949367089,39.0,255.0,84.35566369139309,64,0.9854818123803446,48,0.9240506329113924,/home/galetka/Documents/Programming/hi-csg-r/data/processed/school_notebooks/ocr_images/school_notebooks_val_0269671.png,word,,0.8607594936708861,,,2022.4,school_notebooks_val_0269671,val,foreground_heavy;probable_horizontal_ruling,6,1,своей,5,120,0,0,0,0,0,158,31.6
7232,1.765625,,0.0,pupil_text,1,227.0,183f354b39612b17,5b2769e3931b00159e0b5cf6704b9bb55cb45536,0.6274889380530974,28.0,255.0,88.80621030346079,64,0.9854561480828559,49,0.8938053097345132,/home/galetka/Documents/Programming/hi-csg-r/data/processed/school_notebooks/ocr_images/school_notebooks_train_0130974.png,word,,0.8938053097345132,,,2410.6666666666665,school_notebooks_train_0130974,train,foreground_heavy;probable_horizontal_ruling,6,1,они,3,120,0,0,0,0,0,113,37.666666666666664
7872,1.921875,,0.0,pupil_text,1,208.0,02034b495b397d59,49ca2ba19c6190785450ee99e56d2b5f2dc8423e,0.5818089430894309,47.0,255.0,85.68587824588057,64,0.9853711790393013,45,0.8861788617886179,/home/galetka/Documents/Programming/hi-csg-r/data/processed/school_notebooks/ocr_images/school_notebooks_train_0086770.png,word,,0.8861788617886179,,,1968.0,school_notebooks_train_0086770,train,foreground_heavy;probable_horizontal_ruling,6,1,кого,4,120,0,0,0,0,0,123,30.75
12096,2.953125,,0.0,pupil_text,1,221.0,03135d454b49151f,0346daa9eda8da85fc3ffcc54a36d3fa6e387281,0.6961805555555556,34.0,255.0,77.6184252338901,64,0.9852749079681749,52,0.9576719576719577,/home/galetka/Documents/Programming/hi-csg-r/data/processed/school_notebooks/ocr_images/school_notebooks_train_0207339.png,word,,0.9470899470899471,,,2419.2,school_notebooks_train_0207339,train,foreground_heavy;probable_horizontal_ruling,6,1,итоге,5,120,0,0,0,0,0,189,37.8
9408,2.296875,,0.0,pupil_comment,1,215.0,803f392979753d10,00af9733f6959f0e4806e290e90d4c559974580b,0.5542091836734694,39.0,254.0,84.2332236431038,64,0.9852320675105485,43,0.891156462585034,/home/galetka/Documents/Programming/hi-csg-r/data/processed/school_notebooks/ocr_images/school_notebooks_train_0178646.png,word,,0.891156462585034,,,2352.0,school_notebooks_train_0178646,train,foreground_heavy;probable_horizontal_ruling,6,1,мн.ч,4,120,0,0,0,0,0,147,36.75
8192,2.0,,0.0,pupil_text,1,219.0,7f7f652d53750103,bf957c52d1ec2fdb7ae8d5d72c6b0db64eddbec3,0.6866455078125,36.0,255.0,80.51142846861596,64,0.9850666666666666,51,0.9375,/home/galetka/Documents/Programming/hi-csg-r/data/processed/school_notebooks/ocr_images/school_notebooks_train_0162396.png,word,,0.921875,,,2730.6666666666665,school_notebooks_train_0162396,train,foreground_heavy;probable_horizontal_ruling,6,1,"гл,",3,120,0,0,0,0,0,128,42.666666666666664
13056,3.1875,,0.0,pupil_text,1,219.0,004b4d4d4d6d7f00,d6978f3050e89bfbf873657ff0b2d60d84b802aa,0.5732996323529411,36.0,255.0,89.3887395048914,64,0.9849031396125585,42,0.9117647058823529,/home/galetka/Documents/Programming/hi-csg-r/data/processed/school_notebooks/ocr_images/school_notebooks_train_0179450.png,word,,0.9117647058823529,,,2611.2,school_notebooks_train_0179450,train,foreground_heavy;probable_horizontal_ruling,6,1,иметь,5,120,0,0,0,0,0,204,40.8
9216,2.25,,0.0,pupil_text,1,225.0,030363375f7d4503,281bea8cae253ab52b837cb5766638c8a79abcdf,0.6032986111111112,30.0,255.0,92.85133483136353,64,0.9848920863309353,47,0.9166666666666666,/home/galetka/Documents/Programming/hi-csg-r/data/processed/school_notebooks/ocr_images/school_notebooks_train_0207561.png,word,,0.8958333333333334,,,3072.0,school_notebooks_train_0207561,train,foreground_heavy;probable_horizontal_ruling,6,1,мн.,3,120,0,0,0,0,0,144,48.0
6016,1.46875,,0.0,pupil_text,1,229.0,3c3f654d1b310b87,25b39f616aec373ff8a99f425d49ea207737dee6,0.6042220744680851,26.0,255.0,89.616242009585,64,0.984869325997249,49,0.8723404255319149,/home/galetka/Documents/Programming/hi-csg-r/data/processed/school_notebooks/ocr_images/school_notebooks_train_0130987.png,word,,0.8723404255319149,,,2005.3333333333333,school_notebooks_train_0130987,train,foreground_heavy;probable_horizontal_ruling,6,1,что,3,120,0,0,0,0,0,94,31.333333333333332
6336,1.546875,,0.0,pupil_comment,1,230.0,00634b554d5f3c01,1ca156e680edee0a3a39dcc21f75e8c0a3eb368f,0.46953914141414144,25.0,255.0,96.575746672548,64,0.9845378151260504,40,0.797979797979798,/home/galetka/Documents/Programming/hi-csg-r/data/processed/school_notebooks/ocr_images/school_notebooks_train_0178908.png,word,,0.797979797979798,,,2112.0,school_notebooks_train_0178908,train,foreground_heavy;probable_horizontal_ruling,6,1,нро,3,120,0,0,0,0,0,99,33.0
5568,1.359375,,0.0,pupil_text,1,207.0,092e2f2535111f1c,cc4c5868b9fbe22033003d861d601a57af6e4409,0.5443606321839081,48.0,255.0,86.1697322362157,64,0.9844935664797096,49,0.8735632183908046,/home/galetka/Documents/Programming/hi-csg-r/data/processed/school_notebooks/ocr_images/school_notebooks_train_0086842.png,word,,0.8160919540229885,,,1856.0,school_notebooks_train_0086842,train,foreground_heavy;probable_horizontal_ruling,6,1,"да,",3,120,0,0,0,0,0,87,29.0
10688,2.609375,,0.0,pupil_text,1,226.64999999999998,81051d5553470e1d,ee95fc75b72b08e49a6e7534e4b731694ac8d96c,0.6096556886227545,28.350000000000023,255.0,87.79852955056406,64,0.9843462246777164,52,0.9520958083832335,/home/galetka/Documents/Programming/hi-csg-r/data/processed/school_notebooks/ocr_images/school_notebooks_train_0161796.png,word,,0.874251497005988,,,2672.0,school_notebooks_train_0161796,train,foreground_heavy;probable_horizontal_ruling,6,1,как-,4,120,0,0,0,0,0,167,41.75
8192,2.0,,0.0,pupil_text,1,200.0,0303614d59594d51,9725b1279b2364310600c746814637732e29b3a5,0.6988525390625,55.0,255.0,71.78498749298754,64,0.9842794759825327,50,0.921875,/home/galetka/Documents/Programming/hi-csg-r/data/processed/school_notebooks/ocr_images/school_notebooks_train_0177012.png,word,,0.9140625,,,2048.0,school_notebooks_train_0177012,train,foreground_heavy;probable_horizontal_ruling,6,1,[н'],4,120,0,0,0,0,0,128,32.0
14656,3.578125,,0.0,pupil_text,1,234.0,4555657575457772,9c60cb090610fd14b5e173297b26a4730eabc651,0.7031932314410481,21.0,255.0,86.63526051887301,64,0.9841839705026199,49,0.9475982532751092,/home/galetka/Documents/Programming/hi-csg-r/data/processed/school_notebooks/ocr_images/school_notebooks_train_0236981.png,word,,0.9432314410480349,,,2442.6666666666665,school_notebooks_train_0236981,train,foreground_heavy;probable_horizontal_ruling,6,1,числам,6,120,0,0,0,0,0,229,38.166666666666664
9856,2.40625,,0.0,pupil_comment,1,205.0,191e5b5b114f2f00,57168914b8d53f430a4baae55f6c40644ce68ee2,0.5100446428571429,50.0,255.0,85.54102224084365,64,0.9840859359458922,44,0.8831168831168831,/home/galetka/Documents/Programming/hi-csg-r/data/processed/school_notebooks/ocr_images/school_notebooks_train_0240155.png,word,,0.8766233766233766,,,3285.3333333333335,school_notebooks_train_0240155,train,foreground_heavy;probable_horizontal_ruling,6,1,скл,3,120,0,0,0,0,0,154,51.333333333333336
17792,4.34375,,0.0,pupil_text,1,225.0,0101656d43654f0e,c8ad4211f22b9fbd66ca67a7ffaf2d02319c8b3b,0.682216726618705,30.0,255.0,81.17880802421082,64,0.9840171362662712,50,0.9676258992805755,/home/galetka/Documents/Programming/hi-csg-r/data/processed/school_notebooks/ocr_images/school_notebooks_train_0207065.png,word,,0.9640287769784173,,,1976.888888888889,school_notebooks_train_0207065,train,foreground_heavy;probable_horizontal_ruling,6,1,категорию,9,120,0,0,0,0,0,278,30.88888888888889
6784,1.65625,,0.0,pupil_text,1,199.0,03132923235b0b0f,06177695df9b3902c4fd2e8a131bc060812a4474,0.5554245283018868,56.0,255.0,78.7384303177155,64,0.9835456475583864,49,0.8867924528301887,/home/galetka/Documents/Programming/hi-csg-r/data/processed/school_notebooks/ocr_images/school_notebooks_train_0027540.png,word,,0.7735849056603774,,,2261.3333333333335,school_notebooks_train_0027540,train,foreground_heavy;probable_horizontal_ruling,6,1,508,3,120,0,0,0,0,0,106,35.333333333333336
10048,2.453125,,0.0,pupil_comment,1,212.0,45011d575b530303,8cf8be3332c49a9a6e8e73ed28343531b7001c65,0.5534434713375797,43.0,255.0,89.54912851590535,64,0.9832763891386441,48,0.9235668789808917,/home/galetka/Documents/Programming/hi-csg-r/data/processed/school_notebooks/ocr_images/school_notebooks_train_0240708.png,word,,0.8407643312101911,,,2009.6,school_notebooks_train_0240708,train,foreground_heavy;probable_horizontal_ruling,6,1,какой,5,120,0,0,0,0,0,157,31.4
8128,1.984375,,0.0,pupil_comment,1,216.0,1c1d796b2b390704,1f656af915bbaa1b9ab0e409d9e91578449618d4,0.5698818897637795,39.0,255.0,87.20178697884181,64,0.9831606217616581,44,0.8740157480314961,/home/galetka/Documents/Programming/hi-csg-r/data/processed/school_notebooks/ocr_images/school_notebooks_train_0239204.png,word,,0.8582677165354331,,,2709.3333333333335,school_notebooks_train_0239204,train,foreground_heavy;probable_horizontal_ruling,6,1,1-е,3,120,0,0,0,0,0,127,42.333333333333336
9344,2.28125,,0.0,pupil_text,1,229.0,603f2f290d2d2513,531dd4967b27b255a70163712a0c2a1e7536463d,0.586472602739726,26.0,255.0,94.57660634688271,64,0.983029197080292,46,0.910958904109589,/home/galetka/Documents/Programming/hi-csg-r/data/processed/school_notebooks/ocr_images/school_notebooks_train_0207532.png,word,,0.8904109589041096,,,2336.0,school_notebooks_train_0207532,train,foreground_heavy;probable_horizontal_ruling,6,1,если,4,120,0,0,0,0,0,146,36.5
7296,1.78125,,0.0,pupil_comment,1,210.0,0c3f337755530303,cdc0e0ea1764b3b315b8a81dbe048415d4a43c93,0.5511239035087719,45.0,255.0,88.44252095416505,64,0.9828400895299677,47,0.8771929824561403,/home/galetka/Documents/Programming/hi-csg-r/data/processed/school_notebooks/ocr_images/school_notebooks_train_0239057.png,word,,0.8508771929824561,,,2432.0,school_notebooks_train_0239057,train,foreground_heavy;probable_horizontal_ruling,6,1,1-е,3,120,0,0,0,0,0,114,38.0
6848,1.671875,,0.0,teacher_comment,1,201.0,3e3b153135392307,7f97b12f5a74f24b446925152e754c40a6ef4764,0.6320093457943925,54.0,255.0,77.58032082483759,64,0.9826709796672828,48,0.8878504672897196,/home/galetka/Documents/Programming/hi-csg-r/data/processed/school_notebooks/ocr_images/school_notebooks_train_0200329.png,word,,0.8878504672897196,,,2282.6666666666665,school_notebooks_train_0200329,train,foreground_heavy;probable_horizontal_ruling,6,1,9-0,3,120,0,0,0,0,0,107,35.666666666666664
4096,1.0,,0.0,pupil_text,1,203.25,3c1f337777370707,d82cc2db2d7d34c50edcea9016c32c3a5a6e2f67,0.547607421875,51.75,255.0,80.55096657477633,64,0.9826125724476148,53,0.734375,/home/galetka/Documents/Programming/hi-csg-r/data/processed/school_notebooks/ocr_images/school_notebooks_train_0178073.png,word,,0.71875,,,1365.3333333333333,school_notebooks_train_0178073,train,foreground_heavy;probable_horizontal_ruling,6,1,iii,3,120,0,0,0,0,0,64,21.333333333333332
9152,2.234375,,0.0,pupil_text,1,222.0,3c3f052d53510101,7188355365b1587e10edc377fc4dd7dfbbb634bb,0.6213942307692307,33.0,255.0,85.54842614019267,64,0.9825918762088974,48,0.9230769230769231,/home/galetka/Documents/Programming/hi-csg-r/data/processed/school_notebooks/ocr_images/school_notebooks_train_0230132.png,word,,0.9230769230769231,,,1307.4285714285713,school_notebooks_train_0230132,train,foreground_heavy;probable_horizontal_ruling,6,1,"метель,",7,120,0,0,0,0,0,143,20.428571428571427
7360,1.796875,,0.0,pupil_text,1,197.0,707f4b4d554d4931,19f34ee54fec94e9bc9d02481bae380021f698f4,0.6735054347826087,58.0,255.0,72.44549959009014,64,0.9824490619326205,50,0.9304347826086956,/home/galetka/Documents/Programming/hi-csg-r/data/processed/school_notebooks/ocr_images/school_notebooks_train_0177016.png,word,,0.9304347826086956,,,2453.3333333333335,school_notebooks_train_0177016,train,foreground_heavy;probable_horizontal_ruling,6,1,[о],3,120,0,0,0,0,0,115,38.333333333333336
13952,3.40625,,0.0,pupil_text,1,229.0,07197965557326cc,50b9df63b692b2f908be0281f402c13da1091b71,0.6670728211009175,26.0,255.0,84.01460995401087,64,0.9823788546255506,51,0.9495412844036697,/home/galetka/Documents/Programming/hi-csg-r/data/processed/school_notebooks/ocr_images/school_notebooks_train_0230023.png,word,,0.9036697247706422,,,1268.3636363636363,school_notebooks_train_0230023,train,foreground_heavy;probable_horizontal_ruling,6,1,предложения,11,120,0,0,0,0,0,218,19.818181818181817
10688,2.609375,,0.0,pupil_text,1,214.0,0101594d4d497f70,cf0e4005fe064187cacead0aa5b9e73c6ccce882,0.6154565868263473,41.0,255.0,83.98117645738233,64,0.9822134387351779,45,0.9101796407185628,/home/galetka/Documents/Programming/hi-csg-r/data/processed/school_notebooks/ocr_images/school_notebooks_train_0019443.png,word,,0.9101796407185628,,,1526.857142857143,school_notebooks_train_0019443,train,foreground_heavy;probable_horizontal_ruling,6,1,book's.,7,120,0,0,0,0,0,167,23.857142857142858
9152,2.234375,,0.0,pupil_comment,1,214.0,032b4f5f13551f18,63718cb3dd87999d87d4e35b275474ca3b1cc55d,0.5885052447552448,40.0,254.0,84.74830730073967,64,0.9821760118826588,47,0.9020979020979021,/home/galetka/Documents/Programming/hi-csg-r/data/processed/school_notebooks/ocr_images/school_notebooks_train_0216716.png,word,,0.8881118881118881,,,3050.6666666666665,school_notebooks_train_0216716,train,foreground_heavy;probable_horizontal_ruling,6,1,ср.,3,120,0,0,0,0,0,143,47.666666666666664
11648,2.84375,,0.0,pupil_text,1,222.0,03617173494d7940,aac225d346ee4b75814c1646cf91969c9c51c0f0,0.6668956043956044,33.0,255.0,80.85112706666456,64,0.9821060762100927,47,0.9340659340659341,/home/galetka/Documents/Programming/hi-csg-r/data/processed/school_notebooks/ocr_images/school_notebooks_train_0230303.png,word,,0.9340659340659341,,,1294.2222222222222,school_notebooks_train_0230303,train,foreground_heavy;probable_horizontal_ruling,6,1,"сражение,",9,120,0,0,0,0,0,182,20.22222222222222
15104,3.6875,,0.0,pupil_text,1,223.0,3f19597953550501,e64fb855f45b14aec96df6980d66226f729dba72,0.7329184322033898,32.0,255.0,74.73158701908513,64,0.9817524841915086,52,0.9576271186440678,/home/galetka/Documents/Programming/hi-csg-r/data/processed/school_notebooks/ocr_images/school_notebooks_train_0206722.png,word,,0.9576271186440678,,,1888.0,school_notebooks_train_0206722,train,foreground_heavy;probable_horizontal_ruling,6,1,отвечать,8,120,0,0,0,0,0,236,29.5
11264,2.75,,0.0,pupil_text,1,211.0,607f61595b590101,9283a166c2ef746c302b97304e7503e9684c8578,0.6015625,44.0,255.0,83.79014373573746,64,0.9817001180637545,45,0.9204545454545454,/home/galetka/Documents/Programming/hi-csg-r/data/processed/school_notebooks/ocr_images/school_notebooks_train_0019394.png,word,,0.9147727272727273,,,1609.142857142857,school_notebooks_train_0019394,train,foreground_heavy;probable_horizontal_ruling,6,1,blousc.,7,120,0,0,0,0,0,176,25.142857142857142
15872,3.875,,0.0,pupil_text,1,230.0,1f5d4d49374d7ff0,908fefb3ee5e56f85568f6b068d22e18e5e6708d,0.6850428427419355,25.0,255.0,83.21040727587113,64,0.9816977835004139,48,0.9516129032258065,/home/galetka/Documents/Programming/hi-csg-r/data/processed/school_notebooks/ocr_images/school_notebooks_train_0166830.png,word,,0.9516129032258065,,,2267.4285714285716,school_notebooks_train_0166830,train,foreground_heavy;probable_horizontal_ruling,6,1,считает,7,120,0,0,0,0,0,248,35.42857142857143
13568,3.3125,,0.0,pupil_text,1,208.0,0b53534d173b0b0e,00f17add352174bf3d63700dc6c3272ff6aef5af,0.5958136792452831,47.0,255.0,83.66423136779665,64,0.9816922315685305,48,0.9245283018867925,/home/galetka/Documents/Programming/hi-csg-r/data/processed/school_notebooks/ocr_images/school_notebooks_train_0146086.png,word,,0.8679245283018868,,,2713.6,school_notebooks_train_0146086,train,foreground_heavy;probable_horizontal_ruling,6,1,поло-,5,120,0,0,0,0,0,212,42.4
8192,2.0,,0.0,pupil_text,1,208.0,01031b2727032b02,cba66094d402487ee8cffa843329f1622dc48cee,0.51708984375,47.0,255.0,86.411141568563,64,0.9815864022662889,44,0.875,/home/galetka/Documents/Programming/hi-csg-r/data/processed/school_notebooks/ocr_images/school_notebooks_train_0086646.png,word,,0.8203125,,,2730.6666666666665,school_notebooks_train_0086646,train,foreground_heavy;probable_horizontal_ruling,6,1,так,3,120,0,0,0,0,0,128,42.666666666666664
10240,2.5,,0.0,pupil_text,1,202.0,01014565594f5e19,6f5dac4e6a27571fd6d17cf1adbc48d2d544b6c1,0.605859375,52.0,254.0,82.88720913098045,64,0.9814635718891038,47,0.91875,/home/galetka/Documents/Programming/hi-csg-r/data/processed/school_notebooks/ocr_images/school_notebooks_train_0086859.png,word,,0.91875,,,1706.6666666666667,school_notebooks_train_0086859,train,foreground_heavy;probable_horizontal_ruling,6,1,оружие,6,120,0,0,0,0,0,160,26.666666666666668
8768,2.140625,,0.0,pupil_text,1,207.0,7c3f314525737e78,73354ad8ed065897dba90cb2ce59b409834ea5c1,0.5964872262773723,47.0,254.0,80.58750792738869,64,0.981453154875717,48,0.9197080291970803,/home/galetka/Documents/Programming/hi-csg-r/data/processed/school_notebooks/ocr_images/school_notebooks_train_0019074.png,word,,0.8540145985401459,,,1753.6,school_notebooks_train_0019074,train,foreground_heavy;probable_horizontal_ruling,6,1,green,5,120,0,0,0,0,0,137,27.4
16704,4.078125,,0.0,pupil_text,1,230.0,20451515597d7d00,3711a793651ba67b80fc0917beeacf9dd36fef43,0.5952466475095786,25.0,255.0,94.88006913725707,64,0.9812933722216635,43,0.9348659003831418,/home/galetka/Documents/Programming/hi-csg-r/data/processed/school_notebooks/ocr_images/school_notebooks_train_0208518.png,word,,0.9042145593869731,,,2784.0,school_notebooks_train_0208518,train,foreground_heavy;probable_horizontal_ruling,6,1,текста,6,120,0,0,0,0,0,261,43.5
4096,1.0,,0.0,pupil_text,1,209.0,1d1e37171f2f0706,861b53517bcf639e04ebf83fbe9fa0c60761a14c,0.534423828125,46.0,255.0,81.47437605218035,64,0.981269986295112,53,0.75,/home/galetka/Documents/Programming/hi-csg-r/data/processed/school_notebooks/ocr_images/school_notebooks_train_0177592.png,word,,0.75,,,1365.3333333333333,school_notebooks_train_0177592,train,foreground_heavy;probable_horizontal_ruling,6,1,iii,3,120,0,0,0,0,0,64,21.333333333333332
8704,2.125,,0.0,pupil_text,1,229.0,010159292b3b7f7e,469bfa63a79dc06fc5d4d1b6f3ce7d36478c6250,0.6418887867647058,25.0,254.0,82.4390678979889,64,0.9812063719348487,49,0.9191176470588235,/home/galetka/Documents/Programming/hi-csg-r/data/processed/school_notebooks/ocr_images/school_notebooks_train_0227175.png,word,,0.9191176470588235,,,2176.0,school_notebooks_train_0227175,train,foreground_heavy;probable_horizontal_ruling,6,1,гать,4,120,0,0,0,0,0,136,34.0
4096,1.0,,0.0,pupil_text,1,192.0,09393f0f4b7b0706,ccaa918a9e1156fa6ceb3860fb0a5195e46bb43c,0.620361328125,62.0,254.0,76.51423257647876,64,0.9811097992916175,52,0.875,/home/galetka/Documents/Programming/hi-csg-r/data/processed/school_notebooks/ocr_images/school_notebooks_train_0230777.png,word,,0.828125,,,819.2,school_notebooks_train_0230777,train,foreground_heavy;probable_horizontal_ruling,6,1,есть-,5,120,0,0,0,0,0,64,12.8
4096,1.0,,0.0,pupil_text,1,201.0,3131210b6b7b6363,3f7bea2887bb488779ea042b68a5eb07c5e859f4,0.575927734375,54.0,255.0,78.50483933151611,64,0.9809241203899958,49,0.8125,/home/galetka/Documents/Programming/hi-csg-r/data/processed/school_notebooks/ocr_images/school_notebooks_train_0163126.png,word,,0.78125,,,1365.3333333333333,school_notebooks_train_0163126,train,foreground_heavy;probable_horizontal_ruling,6,1,[-],3,120,0,0,0,0,0,64,21.333333333333332
11712,2.859375,,0.0,pupil_text,1,220.0,0e0f251959118380,149b062ca11af1ebf836860c95fe956ef0c21c39,0.619535519125683,35.0,255.0,87.37945092098498,64,0.9807056229327453,46,0.9453551912568307,/home/galetka/Documents/Programming/hi-csg-r/data/processed/school_notebooks/ocr_images/school_notebooks_train_0207553.png,word,,0.9398907103825137,,,1952.0,school_notebooks_train_0207553,train,foreground_heavy;probable_horizontal_ruling,6,1,работа,6,120,0,0,0,0,0,183,30.5
4224,1.03125,,0.004901960784313725,teacher_comment,1,203.0,0e0f2923233b2b07,cea0e6a7f08a418d6a8903d8dc021ff127b0d4a6,0.6278409090909091,52.0,255.0,79.54337642395882,64,0.9803921568627451,52,0.9393939393939394,/home/galetka/Documents/Programming/hi-csg-r/data/processed/school_notebooks/ocr_images/school_notebooks_train_0063748.png,word,,0.8939393939393939,,,1408.0,school_notebooks_train_0063748,train,foreground_heavy;probable_horizontal_ruling,6,1,5/5,3,120,0,0,0,0,0,66,22.0
8384,2.046875,,0.0,pupil_text,1,203.0,7c7d494d4d5d5109,129c45c50aee37907f22e26033009976a8e6964a,0.6855916030534351,52.0,255.0,73.33803540151898,64,0.9803409881697982,49,0.9236641221374046,/home/galetka/Documents/Programming/hi-csg-r/data/processed/school_notebooks/ocr_images/school_notebooks_train_0177066.png,word,,0.916030534351145,,,2794.6666666666665,school_notebooks_train_0177066,train,foreground_heavy;probable_horizontal_ruling,6,1,[м],3,120,0,0,0,0,0,131,43.666666666666664
6784,1.65625,,0.0,pupil_text,1,210.0,4b4b5f5b71590302,ea3659e4f99eacb1cf2bca7b815f0b4836531a9d,0.6267688679245284,44.0,254.0,80.17711385625283,64,0.980244590780809,49,0.9056603773584906,/home/galetka/Documents/Programming/hi-csg-r/data/processed/school_notebooks/ocr_images/school_notebooks_train_0229232.png,word,,0.8962264150943396,,,1696.0,school_notebooks_train_0229232,train,foreground_heavy;probable_horizontal_ruling,6,1,"миг,",4,120,0,0,0,0,0,106,26.5
13632,3.328125,,0.0,pupil_text,1,218.0,1f2f554505319386,b6db4555046edb6e8262b576198684714a9d2974,0.6893339201877934,36.0,254.0,78.54205301107834,64,0.9799936149835053,57,0.9671361502347418,/home/galetka/Documents/Programming/hi-csg-r/data/processed/school_notebooks/ocr_images/school_notebooks_train_0161448.png,word,,0.9671361502347418,,,2272.0,school_notebooks_train_0161448,train,foreground_heavy;probable_horizontal_ruling,6,1,хорошо,6,120,0,0,0,0,0,213,35.5
5696,1.390625,,0.0,pupil_text,1,209.0,03031727252d556d,73b2dd9afd2323c9e437b936e0d4b0aa7bcfa0eb,0.6206109550561798,46.0,255.0,81.61706700596238,64,0.9799151343705799,50,0.898876404494382,/home/galetka/Documents/Programming/hi-csg-r/data/processed/school_notebooks/ocr_images/school_notebooks_train_0162658.png,word,,0.8876404494382022,,,1898.6666666666667,school_notebooks_train_0162658,train,foreground_heavy;probable_horizontal_ruling,6,1,он.,3,120,0,0,0,0,0,89,29.666666666666668
15808,3.859375,,0.0,pupil_text,1,218.0,6667534d3d5d5d7f,a87d8b39a708f12f3ca0dd9c60cfdd86a99f8cd2,0.6916118421052632,37.0,255.0,82.0439259212163,64,0.9797859690844233,49,0.9595141700404858,/home/galetka/Documents/Programming/hi-csg-r/data/processed/school_notebooks/ocr_images/school_notebooks_train_0207511.png,word,,0.9473684210526315,,,1976.0,school_notebooks_train_0207511,train,foreground_heavy;probable_horizontal_ruling,6,1,квакают.,8,120,0,0,0,0,0,247,30.875
8640,2.109375,,0.0,pupil_text,1,220.0,9c1b232d1b550107,4077e4d0f5b02d04ae480cb917138aee31ecd499,0.6119212962962963,35.0,255.0,85.11462922450342,64,0.9797616795914508,50,0.9037037037037037,/home/galetka/Documents/Programming/hi-csg-r/data/processed/school_notebooks/ocr_images/school_notebooks_train_0131136.png,word,,0.8962962962962963,,,2160.0,school_notebooks_train_0131136,train,foreground_heavy;probable_horizontal_ruling,6,1,505.,4,120,0,0,0,0,0,135,33.75
5376,1.3125,,0.0,pupil_text,1,198.0,9f9d2d273b5b7706,fca3bd20ecea55bfaeec60fd3e4fe903b388dc02,0.5487351190476191,56.0,254.0,78.93996175773462,64,0.9796610169491525,51,0.9047619047619048,/home/galetka/Documents/Programming/hi-csg-r/data/processed/school_notebooks/ocr_images/school_notebooks_train_0162985.png,word,,0.7023809523809523,,,1792.0,school_notebooks_train_0162985,train,foreground_heavy;probable_horizontal_ruling,6,1,[о],3,120,0,0,0,0,0,84,28.0
7232,1.765625,,0.0,pupil_text,1,211.0,04077777071b7f40,2999f736285c81f50f685f17f433b70a9d56c8cc,0.5340154867256637,44.0,255.0,91.67227623394515,64,0.9795442775763853,43,0.8584070796460177,/home/galetka/Documents/Programming/hi-csg-r/data/processed/school_notebooks/ocr_images/school_notebooks_train_0086775.png,word,,0.831858407079646,,,2410.6666666666665,school_notebooks_train_0086775,train,foreground_heavy;probable_horizontal_ruling,6,1,там,3,120,0,0,0,0,0,113,37.666666666666664
7744,1.890625,,0.0,pupil_text,1,222.0,181f0d6d4b530303,5a7ca8ba3e9e5d01418921dc3e82c9a43ed81262,0.5670196280991735,33.0,255.0,88.70304263766926,64,0.9792757913914826,45,0.8842975206611571,/home/galetka/Documents/Programming/hi-csg-r/data/processed/school_notebooks/ocr_images/school_notebooks_train_0027538.png,word,,0.8760330578512396,,,1936.0,school_notebooks_train_0027538,train,foreground_heavy;probable_horizontal_ruling,6,1,согл,4,120,0,0,0,0,0,121,30.25
16128,3.9375,,0.0,pupil_text,1,227.0,4101015125571501,351852a4520db2ff635a5efdd30d21544d7d8d04,0.6337425595238095,28.0,255.0,89.64765018373959,64,0.9792583895900597,46,0.9523809523809523,/home/galetka/Documents/Programming/hi-csg-r/data/processed/school_notebooks/ocr_images/school_notebooks_train_0166850.png,word,,0.9523809523809523,,,2016.0,school_notebooks_train_0166850,train,foreground_heavy;probable_horizontal_ruling,6,1,стемнеет,8,120,0,0,0,0,0,252,31.5
6272,1.53125,,0.0,pupil_text,1,215.0,787f6b3365610303,e4c08ad1a4b8db9b68810ea93443354f6c352960,0.6643813775510204,40.0,255.0,81.1874201739586,64,0.9791216702663786,52,0.9387755102040817,/home/galetka/Documents/Programming/hi-csg-r/data/processed/school_notebooks/ocr_images/school_notebooks_train_0230841.png,word,,0.9387755102040817,,,784.0,school_notebooks_train_0230841,train,foreground_heavy;probable_horizontal_ruling,6,1,"червяна,",8,120,0,0,0,0,0,98,12.25
6080,1.484375,,0.0,pupil_text,1,209.0,0d0e6b272f1f171f,97af18103dcedf302241826cd4e8e33e8e6c9440,0.5106907894736842,46.0,255.0,86.98445297697091,64,0.9790660225442834,45,0.8526315789473684,/home/galetka/Documents/Programming/hi-csg-r/data/processed/school_notebooks/ocr_images/school_notebooks_train_0086687.png,word,,0.8315789473684211,,,2026.6666666666667,school_notebooks_train_0086687,train,foreground_heavy;probable_horizontal_ruling,6,1,что,3,120,0,0,0,0,0,95,31.666666666666668
9664,2.359375,,0.0,pupil_text,1,220.0,9919655d5d253d9f,f0508d255c4dbc41adc44f7f884f8da0364f5da3,0.6326572847682119,34.0,254.0,87.31381945574648,64,0.9790644422636572,48,0.9271523178807947,/home/galetka/Documents/Programming/hi-csg-r/data/processed/school_notebooks/ocr_images/school_notebooks_train_0027492.png,word,,0.9139072847682119,,,2416.0,school_notebooks_train_0027492,train,foreground_heavy;probable_horizontal_ruling,6,1,что?,4,120,0,0,0,0,0,151,37.75
5440,1.328125,,0.0,pupil_text,1,201.0,1f193333374b0703,6bbdacc2d37f79db166d2fc07bcaeed5a29fd685,0.6371323529411764,53.0,254.0,75.60441953709655,64,0.9789382573571841,52,0.9176470588235294,/home/galetka/Documents/Programming/hi-csg-r/data/processed/school_notebooks/ocr_images/school_notebooks_train_0218568.png,word,,0.8352941176470589,,,1813.3333333333333,school_notebooks_train_0218568,train,foreground_heavy;probable_horizontal_ruling,6,1,всё,3,120,0,0,0,0,0,85,28.333333333333332
7488,1.828125,,0.0,pupil_text,1,217.0,189f093b3b2b7f78,18a32c2c461450a0f458a1e386f22178130f6faa,0.5065438034188035,38.0,255.0,89.1853841460019,64,0.9789085156867915,46,0.8888888888888888,/home/galetka/Documents/Programming/hi-csg-r/data/processed/school_notebooks/ocr_images/school_notebooks_train_0230475.png,word,,0.7692307692307693,,,1872.0,school_notebooks_train_0230475,train,foreground_heavy;probable_horizontal_ruling,6,1,окно,4,120,0,0,0,0,0,117,29.25
13632,3.328125,,0.0,pupil_text,1,222.0,2301494753277fc0,39d3cbc56fb70d60ccd993fe97ce051e5dc94e44,0.6049735915492958,33.0,255.0,89.98676745079487,64,0.9787801624833272,45,0.9295774647887324,/home/galetka/Documents/Programming/hi-csg-r/data/processed/school_notebooks/ocr_images/school_notebooks_train_0027585.png,word,,0.92018779342723,,,2272.0,school_notebooks_train_0027585,train,foreground_heavy;probable_horizontal_ruling,6,1,только,6,120,0,0,0,0,0,213,35.5
15616,3.8125,,0.0,pupil_comment,1,221.0,0001494d19533e31,d8485a4525446ef47ab6d2f7a663f818fff6b389,0.5554559426229508,34.0,255.0,91.45898538613014,64,0.9786718930136039,44,0.9344262295081968,/home/galetka/Documents/Programming/hi-csg-r/data/processed/school_notebooks/ocr_images/school_notebooks_train_0150621.png,word,,0.8975409836065574,,,5205.333333333333,school_notebooks_train_0150621,train,foreground_heavy;probable_horizontal_ruling,6,1,сущ,3,120,0,0,0,0,0,244,81.33333333333333
12800,3.125,,0.0,pupil_comment,1,226.0,884f536b71190945,abe35893e4d1300cc0f7d03d5942d666f438f379,0.620703125,29.0,255.0,94.07062183374521,64,0.9786028949024543,46,0.93,/home/galetka/Documents/Programming/hi-csg-r/data/processed/school_notebooks/ocr_images/school_notebooks_train_0240709.png,word,,0.89,,,2560.0,school_notebooks_train_0240709,train,foreground_heavy;probable_horizontal_ruling,6,1,какой,5,120,0,0,0,0,0,200,40.0
9216,2.25,,0.0,pupil_text,1,205.0,1b1c0d19594d6cc1,3437f2efb457abc306e8e9701f1ae7757cc5c4c5,0.4917534722222222,50.0,255.0,87.64214842206434,64,0.9785966460723742,44,0.8888888888888888,/home/galetka/Documents/Programming/hi-csg-r/data/processed/school_notebooks/ocr_images/school_notebooks_train_0035132.png,word,,0.875,,,3072.0,school_notebooks_train_0035132,train,foreground_heavy;probable_horizontal_ruling,6,1,не-,3,120,0,0,0,0,0,144,48.0
4224,1.03125,,0.0,teacher_comment,1,206.0,038115391913270e,9c5a13f23dcb5d809b495f3bbe02620820d500fc,0.5835700757575758,49.0,255.0,80.6654429680216,64,0.9784989858012171,52,0.8787878787878788,/home/galetka/Documents/Programming/hi-csg-r/data/processed/school_notebooks/ocr_images/school_notebooks_train_0045716.png,word,,0.7575757575757576,,,1408.0,school_notebooks_train_0045716,train,foreground_heavy;probable_horizontal_ruling,6,1,4/3,3,120,0,0,0,0,0,66,22.0
6208,1.515625,,0.0,pupil_text,1,189.0,3f39191b5b4b0706,9af493db0b9d09f7783d6275a1f9c22c879d804f,0.5823131443298969,66.0,255.0,77.78970950851173,64,0.9784232365145228,50,0.9072164948453608,/home/galetka/Documents/Programming/hi-csg-r/data/processed/school_notebooks/ocr_images/school_notebooks_train_0162955.png,word,,0.7835051546391752,,,2069.3333333333335,school_notebooks_train_0162955,train,foreground_heavy;probable_horizontal_ruling,6,1,[к],3,120,0,0,0,0,0,97,32.333333333333336
7232,1.765625,,0.0,pupil_text,1,219.0,3f2d297175670e09,52af923afe9a5f91c770f0f2377bcf3443689ceb,0.6178097345132744,36.0,255.0,87.74958448736804,64,0.9782900626678603,49,0.9292035398230089,/home/galetka/Documents/Programming/hi-csg-r/data/processed/school_notebooks/ocr_images/school_notebooks_train_0230472.png,word,,0.8761061946902655,,,1205.3333333333333,school_notebooks_train_0230472,train,foreground_heavy;probable_horizontal_ruling,6,1,иногда,6,120,0,0,0,0,0,113,18.833333333333332
11584,2.828125,,0.0,pupil_text,1,211.0,191e23694d5d0f01,d048ba351060f16f9929f349c1db0a2746832287,0.6246546961325967,44.0,255.0,83.64607773784498,64,0.9781647318960752,50,0.9558011049723757,/home/galetka/Documents/Programming/hi-csg-r/data/processed/school_notebooks/ocr_images/school_notebooks_train_0027589.png,word,,0.9281767955801105,,,1654.857142857143,school_notebooks_train_0027589,train,foreground_heavy;probable_horizontal_ruling,6,1,девятое,7,120,0,0,0,0,0,181,25.857142857142858
14912,3.640625,,0.0,pupil_text,1,223.0,2d2d4747577f4d45,03927f750b47d49bae348fa57a61480525b1e6e7,0.7461105150214592,32.0,255.0,72.21852812337414,64,0.9781592665827791,52,0.9570815450643777,/home/galetka/Documents/Programming/hi-csg-r/data/processed/school_notebooks/ocr_images/school_notebooks_train_0206726.png,word,,0.944206008583691,,,2485.3333333333335,school_notebooks_train_0206726,train,foreground_heavy;probable_horizontal_ruling,6,1,плани-,6,120,0,0,0,0,0,233,38.833333333333336
7040,1.71875,,0.0,pupil_comment,1,216.0,5c3f2d6d5b3f3f10,d2df815b5743d9f3a64dee166fd43e1dd670db38,0.5549715909090909,39.0,255.0,86.65617239768768,64,0.9779882262605579,46,0.8727272727272727,/home/galetka/Documents/Programming/hi-csg-r/data/processed/school_notebooks/ocr_images/school_notebooks_train_0239205.png,word,,0.8363636363636363,,,2346.6666666666665,school_notebooks_train_0239205,train,foreground_heavy;probable_horizontal_ruling,6,1,скл,3,120,0,0,0,0,0,110,36.666666666666664
10240,2.5,,0.0,pupil_text,1,222.0,4955555b535f7883,965e5d007cff03b2d0864e9ab22ace30a35fb171,0.5494140625,33.0,255.0,89.9696898957395,64,0.9777817276928547,43,0.90625,/home/galetka/Documents/Programming/hi-csg-r/data/processed/school_notebooks/ocr_images/school_notebooks_train_0019439.png,word,,0.9,,,2560.0,school_notebooks_train_0019439,train,foreground_heavy;probable_horizontal_ruling,6,1,know,4,120,0,0,0,0,0,160,40.0
14080,3.4375,,0.0,pupil_text,1,222.0,c07e5f6545430301,15152597138441b63237018d3a1fd7a5ad395b69,0.571590909090909,32.0,254.0,91.1338404383511,64,0.977758449304175,45,0.9318181818181818,/home/galetka/Documents/Programming/hi-csg-r/data/processed/school_notebooks/ocr_images/school_notebooks_train_0207483.png,word,,0.9227272727272727,,,2816.0,school_notebooks_train_0207483,train,foreground_heavy;probable_horizontal_ruling,6,1,плохо,5,120,0,0,0,0,0,220,44.0
16064,3.921875,,0.0,pupil_text,1,209.0,607f51795f4b51a0,91909c9a176d1a46ed38a984a70ca15d7240dc98,0.6016558764940239,46.0,255.0,82.11898448836894,64,0.9777547853078117,45,0.9362549800796812,/home/galetka/Documents/Programming/hi-csg-r/data/processed/school_notebooks/ocr_images/school_notebooks_train_0153695.png,word,,0.9362549800796812,,,2677.3333333333335,school_notebooks_train_0153695,train,foreground_heavy;probable_horizontal_ruling,6,1,тонкий,6,120,0,0,0,0,0,251,41.833333333333336
9216,2.25,,0.0,pupil_text,1,208.0,981d21212d551707,5879054325f0507e5c32e5005ef6451a88b0bbe5,0.6322699652777778,47.0,255.0,79.68730141542245,64,0.9776900634975115,49,0.9305555555555556,/home/galetka/Documents/Programming/hi-csg-r/data/processed/school_notebooks/ocr_images/school_notebooks_train_0027474.png,word,,0.9166666666666666,,,1536.0,school_notebooks_train_0027474,train,foreground_heavy;probable_horizontal_ruling,6,1,апреля,6,120,0,0,0,0,0,144,24.0
12352,3.015625,,0.0,pupil_text,1,208.0,0007476d4d150180,91b4c5a05a5ebd08b592835566b5b638c0f632bc,0.5529468911917098,46.0,254.0,87.71310490568797,64,0.9775988286969254,42,0.9067357512953368,/home/galetka/Documents/Programming/hi-csg-r/data/processed/school_notebooks/ocr_images/school_notebooks_train_0169678.png,word,,0.9067357512953368,,,2058.6666666666665,school_notebooks_train_0169678,train,foreground_heavy;probable_horizontal_ruling,6,1,спиною,6,120,0,0,0,0,0,193,32.166666666666664
6336,1.546875,,0.0,pupil_comment,1,198.0,c07f232b2d098f48,c92cbbed1ffebefb24d6de5446935c7393ac4a49,0.5001578282828283,56.0,254.0,91.72905232434995,64,0.9775954559798044,43,0.8282828282828283,/home/galetka/Documents/Programming/hi-csg-r/data/processed/school_notebooks/ocr_images/school_notebooks_train_0064231.png,word,,0.8181818181818182,,,2112.0,school_notebooks_train_0064231,train,foreground_heavy;probable_horizontal_ruling,6,1,сущ,3,120,0,0,0,0,0,99,33.0
10496,2.5625,,0.0,pupil_text,1,224.0,7f6b734949150302,f26b6ee4249729bf581d5746cb949bc1e0eb458f,0.6632050304878049,31.0,255.0,85.00718802403138,64,0.9775894268064933,49,0.9512195121951219,/home/galetka/Documents/Programming/hi-csg-r/data/processed/school_notebooks/ocr_images/school_notebooks_train_0230848.png,word,,0.9329268292682927,,,1499.4285714285713,school_notebooks_train_0230848,train,foreground_heavy;probable_horizontal_ruling,6,1,"пахота,",7,120,0,0,0,0,0,164,23.428571428571427
21632,5.28125,,0.0,pupil_text,1,216.0,607535691b4d0101,83088737a03457cb592113366141b6deb36694d5,0.668176775147929,38.0,254.0,83.37144831546256,64,0.9775148747751488,45,0.9644970414201184,/home/galetka/Documents/Programming/hi-csg-r/data/processed/school_notebooks/ocr_images/school_notebooks_train_0207571.png,word,,0.9615384615384616,,,3090.285714285714,school_notebooks_train_0207571,train,foreground_heavy;probable_horizontal_ruling,6,1,желтеют,7,120,0,0,0,0,0,338,48.285714285714285
8320,2.03125,,0.0,pupil_text,1,211.0,383f2115354b4b06,0b2a9f1b2ba16f5ec0069da67204d6d7ed4909e8,0.6006009615384615,44.0,255.0,90.41587997494356,64,0.9773864318591154,48,0.9153846153846154,/home/galetka/Documents/Programming/hi-csg-r/data/processed/school_notebooks/ocr_images/school_notebooks_train_0229208.png,word,,0.8692307692307693,,,1664.0,school_notebooks_train_0229208,train,foreground_heavy;probable_horizontal_ruling,6,1,мало-,5,120,0,0,0,0,0,130,26.0
6720,1.640625,,0.0,pupil_text,1,215.0,06036b672b1b9f9c,23ad1235e5f0ea8a08038eace126fc5b10764e4b,0.5258928571428572,40.0,255.0,89.76974361442893,64,0.976796830786644,45,0.8666666666666667,/home/galetka/Documents/Programming/hi-csg-r/data/processed/school_notebooks/ocr_images/school_notebooks_train_0086838.png,word,,0.8666666666666667,,,2240.0,school_notebooks_train_0086838,train,foreground_heavy;probable_horizontal_ruling,6,1,что,3,120,0,0,0,0,0,105,35.0
13568,3.3125,,0.0,pupil_text,1,218.0,0f1b71534b037f78,ba7baa2782473c9f83e28b004bc590e8c105e8b2,0.6705483490566038,37.0,255.0,83.60511945120855,64,0.976588261156298,50,0.9622641509433962,/home/galetka/Documents/Programming/hi-csg-r/data/processed/school_notebooks/ocr_images/school_notebooks_train_0161646.png,word,,0.9198113207547169,,,2713.6,school_notebooks_train_0161646,train,foreground_heavy;probable_horizontal_ruling,6,1,каким,5,120,0,0,0,0,0,212,42.4
15232,3.71875,,0.0,pupil_text,1,210.0,7e7f43651d3f2021,89a89964102992127603bb5dd77590a3947ed05a,0.5240940126050421,44.0,254.0,86.44285876896507,64,0.9764499561568333,39,0.9663865546218487,/home/galetka/Documents/Programming/hi-csg-r/data/processed/school_notebooks/ocr_images/school_notebooks_train_0207551.png,word,,0.9663865546218487,,,1523.2,school_notebooks_train_0207551,train,foreground_heavy;probable_horizontal_ruling,6,1,упражнение,10,120,0,0,0,0,0,238,23.8
14592,3.5625,,0.0,pupil_text,1,212.0,971111676f191800,15ed75992f88fa693b74d366a301fec15e6dc4f5,0.5671600877192983,43.0,255.0,83.94177855322958,64,0.9764378927017883,42,0.9473684210526315,/home/galetka/Documents/Programming/hi-csg-r/data/processed/school_notebooks/ocr_images/school_notebooks_train_0027575.png,word,,0.9429824561403509,,,2432.0,school_notebooks_train_0027575,train,foreground_heavy;probable_horizontal_ruling,6,1,"мечта,",6,120,0,0,0,0,0,228,38.0
11904,2.90625,,0.0,pupil_text,1,223.0,307d657953555d3f,feee513ba8a1adcbb447a3c90344400a0709a5e0,0.6617103494623656,32.0,255.0,85.58717830099563,64,0.9763869493461977,49,0.9408602150537635,/home/galetka/Documents/Programming/hi-csg-r/data/processed/school_notebooks/ocr_images/school_notebooks_train_0027586.png,word,,0.9354838709677419,,,2380.8,school_notebooks_train_0027586,train,foreground_heavy;probable_horizontal_ruling,6,1,имина,5,120,0,0,0,0,0,186,37.2
7296,1.78125,,0.0,pupil_text,1,226.0,383f4b6b5b736303,bc2e0d6c462128ec7d514ce395b9a210883a0757,0.5789473684210527,29.0,255.0,90.92805457939379,64,0.9763257575757576,45,0.8771929824561403,/home/galetka/Documents/Programming/hi-csg-r/data/processed/school_notebooks/ocr_images/school_notebooks_train_0027570.png,word,,0.868421052631579,,,1824.0,school_notebooks_train_0027570,train,foreground_heavy;probable_horizontal_ruling,6,1,согл,4,120,0,0,0,0,0,114,28.5
7552,1.84375,,0.0,pupil_text,1,209.0,9f9b112943737f78,4877f7c4e90a1e36cf4d5d986ed62186fad7effe,0.5981197033898306,46.0,255.0,86.31798359822939,64,0.9763117113128182,50,0.923728813559322,/home/galetka/Documents/Programming/hi-csg-r/data/processed/school_notebooks/ocr_images/school_notebooks_train_0206860.png,word,,0.8728813559322034,,,1888.0,school_notebooks_train_0206860,train,foreground_heavy;probable_horizontal_ruling,6,1,свою,4,120,0,0,0,0,0,118,29.5
6784,1.65625,,0.0,pupil_text,1,231.0,3f3733332d494706,274dfa5fd2a90212bbd192d9025fa8104c9147c6,0.6096698113207547,24.0,255.0,85.69021558822456,64,0.9758220502901354,49,0.9056603773584906,/home/galetka/Documents/Programming/hi-csg-r/data/processed/school_notebooks/ocr_images/school_notebooks_train_0229912.png,word,,0.8301886792452831,,,1356.8,school_notebooks_train_0229912,train,foreground_heavy;probable_horizontal_ruling,6,1,опять,5,120,0,0,0,0,0,106,21.2
5696,1.390625,,0.0,teacher_comment,1,184.0,0e0b392d2d6f5b53,74541adf979598567cadd59d8bdbd3882fa3e25e,0.6004213483146067,71.0,255.0,75.28621911407437,64,0.9757309941520468,51,0.8876404494382022,/home/galetka/Documents/Programming/hi-csg-r/data/processed/school_notebooks/ocr_images/school_notebooks_train_0012584.png,word,,0.797752808988764,,,1898.6666666666667,school_notebooks_train_0012584,train,foreground_heavy;probable_horizontal_ruling,6,1,5/5,3,120,0,0,0,0,0,89,29.666666666666668
9216,2.25,,0.0,pupil_comment,1,217.0,303f296939232303,be7b8cafe0d09bb752c700155c71b76e912c5b66,0.5604383680555556,38.0,255.0,88.13243191150343,64,0.9756050338818973,46,0.9027777777777778,/home/galetka/Documents/Programming/hi-csg-r/data/processed/school_notebooks/ocr_images/school_notebooks_train_0164409.png,word,,0.8888888888888888,,,3072.0,school_notebooks_train_0164409,train,foreground_heavy;probable_horizontal_ruling,6,1,и.п,3,120,0,0,0,0,0,144,48.0
16832,4.109375,,0.0,pupil_text,1,226.0,307f616145490101,3235525b3288281c54ae938c6845bd2dd7855fd8,0.6224453422053232,29.0,255.0,89.19010171425438,64,0.9754700773122077,45,0.9467680608365019,/home/galetka/Documents/Programming/hi-csg-r/data/processed/school_notebooks/ocr_images/school_notebooks_train_0131091.png,word,,0.9467680608365019,,,2104.0,school_notebooks_train_0131091,train,foreground_heavy;probable_horizontal_ruling,6,1,мелькать,8,120,0,0,0,0,0,263,32.875
9024,2.203125,,0.0,pupil_text,1,220.0,3f3b272731437f78,a90cc5cd3f68c7a5178b32e78c0c338a2e240346,0.5821143617021277,35.0,255.0,83.67481408533195,64,0.9754426042261565,50,0.9148936170212766,/home/galetka/Documents/Programming/hi-csg-r/data/processed/school_notebooks/ocr_images/school_notebooks_train_0230031.png,word,,0.8581560283687943,,,1804.8,school_notebooks_train_0230031,train,foreground_heavy;probable_horizontal_ruling,6,1,"речи,",5,120,0,0,0,0,0,141,28.2
8192,2.0,,0.0,pupil_text,1,225.0,0105397b1b156fe0,99bbeb6dd6026e905da8111452bc2a3c14b0951b,0.665771484375,29.0,254.0,85.9084588366518,64,0.9754308764209755,48,0.9296875,/home/galetka/Documents/Programming/hi-csg-r/data/processed/school_notebooks/ocr_images/school_notebooks_train_0228942.png,word,,0.9140625,,,1024.0,school_notebooks_train_0228942,train,foreground_heavy;probable_horizontal_ruling,6,1,февраля.,8,120,0,0,0,0,0,128,16.0
9792,2.390625,,0.0,pupil_text,1,223.0,707f6535116d0f0e,485f341207a4acbec786cd77a553d1c9269ea7b5,0.6426674836601307,31.0,254.0,83.73493348468392,64,0.9752105514063245,48,0.934640522875817,/home/galetka/Documents/Programming/hi-csg-r/data/processed/school_notebooks/ocr_images/school_notebooks_train_0224523.png,word,,0.9281045751633987,,,2448.0,school_notebooks_train_0224523,train,foreground_heavy;probable_horizontal_ruling,6,1,этом,4,120,0,0,0,0,0,153,38.25
9024,2.203125,,0.0,pupil_text,1,215.0,3e3f511725674303,2fca02658cecba5ff735d1441dfacf707a409024,0.6787455673758865,40.0,255.0,76.99445440890311,64,0.9750204081632653,51,0.9432624113475178,/home/galetka/Documents/Programming/hi-csg-r/data/processed/school_notebooks/ocr_images/school_notebooks_train_0206827.png,word,,0.9361702127659575,,,1289.142857142857,school_notebooks_train_0206827,train,foreground_heavy;probable_horizontal_ruling,6,1,(11-13),7,120,0,0,0,0,0,141,20.142857142857142
12608,3.078125,,0.0,pupil_text,1,216.0,707f4f4d63410d07,ca06c813a23ca38e9e3f334860564dbc47673937,0.6599777918781726,39.0,255.0,83.24444808452367,64,0.975003004446581,50,0.9593908629441624,/home/galetka/Documents/Programming/hi-csg-r/data/processed/school_notebooks/ocr_images/school_notebooks_train_0230886.png,word,,0.9187817258883249,,,1576.0,school_notebooks_train_0230886,train,foreground_heavy;probable_horizontal_ruling,6,1,ошибками,8,120,0,0,0,0,0,197,24.625
7872,1.921875,,0.0,pupil_text,1,218.0,783f656565437f78,a14844560fc90389db275bb3746e19a0c8d8fbae,0.6095020325203252,36.0,254.0,85.77053469262003,64,0.9749895789912464,50,0.926829268292683,/home/galetka/Documents/Programming/hi-csg-r/data/processed/school_notebooks/ocr_images/school_notebooks_train_0228820.png,word,,0.8699186991869918,,,984.0,school_notebooks_train_0228820,train,foreground_heavy;probable_horizontal_ruling,6,1,красивая,8,120,0,0,0,0,0,123,15.375
7680,1.875,,0.0,teacher_comment,1,185.0,0627312567571e1d,2b6bec903a79549bf0fcccec616a53e3502dae57,0.5811197916666667,70.0,255.0,78.61084215893547,64,0.9749047725745015,49,0.925,/home/galetka/Documents/Programming/hi-csg-r/data/processed/school_notebooks/ocr_images/school_notebooks_train_0063154.png,word,,0.9,,,2560.0,school_notebooks_train_0063154,train,foreground_heavy;probable_horizontal_ruling,6,1,5/5,3,120,0,0,0,0,0,120,40.0
7104,1.734375,,0.0,pupil_text,1,219.0,1f192b27476b1e9d,10e760c0fb67d497cf7a16511c4e623ba39553da,0.5722128378378378,36.0,255.0,89.72266503728342,64,0.9746617466174662,49,0.9099099099099099,/home/galetka/Documents/Programming/hi-csg-r/data/processed/school_notebooks/ocr_images/school_notebooks_train_0230473.png,word,,0.8108108108108109,,,1420.8,school_notebooks_train_0230473,train,foreground_heavy;probable_horizontal_ruling,6,1,ветер,5,120,0,0,0,0,0,111,22.2
10816,2.640625,,0.0,pupil_text,1,210.0,707f617d6d4d0100,292dd3d1fb5d34ee7b5f4fed9b05597a549c9a81,0.6014238165680473,44.0,254.0,83.76781325045157,64,0.9744811683320522,45,0.9289940828402367,/home/galetka/Documents/Programming/hi-csg-r/data/processed/school_notebooks/ocr_images/school_notebooks_val_0269647.png,word,,0.9289940828402367,,,1802.6666666666667,school_notebooks_val_0269647,val,foreground_heavy;probable_horizontal_ruling,6,1,"есть"",",6,120,0,0,0,0,0,169,28.166666666666668
19456,4.75,,0.0,pupil_text,1,223.0,607f555545510909,e415e3605031f666aa81c1833b32e2a734aaae3a,0.6424753289473685,32.0,255.0,84.74315166568906,64,0.9744,46,0.9539473684210527,/home/galetka/Documents/Programming/hi-csg-r/data/processed/school_notebooks/ocr_images/school_notebooks_train_0131090.png,word,,0.9473684210526315,,,2432.0,school_notebooks_train_0131090,train,foreground_heavy;probable_horizontal_ruling,6,1,начинали,8,120,0,0,0,0,0,304,38.0
11584,2.828125,,0.0,pupil_text,1,218.0,83011d4d2d573726,b9f634ef390fd361d8f101b6effd4163daab64d9,0.5792472375690608,37.0,255.0,88.95601487689036,64,0.9742175856929955,45,0.9226519337016574,/home/galetka/Documents/Programming/hi-csg-r/data/processed/school_notebooks/ocr_images/school_notebooks_train_0147556.png,word,,0.9226519337016574,,,2316.8,school_notebooks_train_0147556,train,foreground_heavy;probable_horizontal_ruling,6,1,снеж-,5,120,0,0,0,0,0,181,36.2
14528,3.546875,,0.0,pupil_text,1,217.0,376b0d2d635dfec0,cb754c157b9bb878c37fffcff2491ec3ef762841,0.6111646475770925,38.0,255.0,86.02012432231714,64,0.973870931411195,42,0.9559471365638766,/home/galetka/Documents/Programming/hi-csg-r/data/processed/school_notebooks/ocr_images/school_notebooks_train_0207567.png,word,,0.9515418502202643,,,1816.0,school_notebooks_train_0207567,train,foreground_heavy;probable_horizontal_ruling,6,1,зеленеет,8,120,0,0,0,0,0,227,28.375
6976,1.703125,,0.0,pupil_text,1,205.0,603f35252b4f7e31,5ce9149cde8ad484661e36b2820f9dc4afa0148b,0.5040137614678899,49.0,254.0,84.090393718778,64,0.9738339021615472,44,0.8715596330275229,/home/galetka/Documents/Programming/hi-csg-r/data/processed/school_notebooks/ocr_images/school_notebooks_train_0019437.png,word,,0.8073394495412844,,,2325.3333333333335,school_notebooks_train_0019437,train,foreground_heavy;probable_horizontal_ruling,6,1,her,3,120,0,0,0,0,0,109,36.333333333333336
11968,2.921875,,0.0,pupil_text,1,214.0,04074f4d45510101,6532d62fe6286f93774517573ad6dc7ff99cd98a,0.5873161764705882,41.0,255.0,87.15611056710661,64,0.9738227343861147,44,0.9251336898395722,/home/galetka/Documents/Programming/hi-csg-r/data/processed/school_notebooks/ocr_images/school_notebooks_train_0085210.png,word,,0.9144385026737968,,,1994.6666666666667,school_notebooks_train_0085210,train,foreground_heavy;probable_horizontal_ruling,6,1,словно,6,120,0,0,0,0,0,187,31.166666666666668
4288,1.046875,,0.0,pupil_comment,1,218.0,091e332f2b330f08,f277762f83447df862120e408ef719f7d7d368bb,0.4542910447761194,37.0,255.0,98.30206723828756,64,0.9738193018480493,43,0.7611940298507462,/home/galetka/Documents/Programming/hi-csg-r/data/processed/school_notebooks/ocr_images/school_notebooks_train_0239763.png,word,,0.7611940298507462,,,1429.3333333333333,school_notebooks_train_0239763,train,foreground_heavy;probable_horizontal_ruling,6,1,скл,3,120,0,0,0,0,0,67,22.333333333333332
8000,1.953125,,0.0,pupil_text,1,202.0,01012b1b574b0706,f58837bee02f808bb27983dd4ab6010c36b03658,0.624625,53.0,255.0,80.09600115944849,64,0.9737842705623374,50,0.92,/home/galetka/Documents/Programming/hi-csg-r/data/processed/school_notebooks/ocr_images/school_notebooks_train_0162768.png,word,,0.896,,,2666.6666666666665,school_notebooks_train_0162768,train,foreground_heavy;probable_horizontal_ruling,6,1,как,3,120,0,0,0,0,0,125,41.666666666666664
6016,1.46875,,0.0,pupil_text,1,212.0,9c1f1b2b33233f30,c6c2e7ea11025d18939c2dfdf98611ad58e78e43,0.4900265957446808,43.0,255.0,91.83703689477748,64,0.9735413839891451,44,0.851063829787234,/home/galetka/Documents/Programming/hi-csg-r/data/processed/school_notebooks/ocr_images/school_notebooks_train_0169160.png,word,,0.7659574468085106,,,2005.3333333333333,school_notebooks_train_0169160,train,foreground_heavy;probable_horizontal_ruling,6,1,нас,3,120,0,0,0,0,0,94,31.333333333333332
9280,2.265625,,0.0,pupil_text,1,187.0,0101690d5d431f18,b74d03b4d9cd671601923ca34b60984f196200c2,0.6314655172413793,68.0,255.0,73.7370622657206,64,0.9733788395904437,49,0.9448275862068966,/home/galetka/Documents/Programming/hi-csg-r/data/processed/school_notebooks/ocr_images/school_notebooks_train_0029331.png,word,,0.9379310344827586,,,1856.0,school_notebooks_train_0029331,train,foreground_heavy;probable_horizontal_ruling,6,1,смот-,5,120,0,0,0,0,0,145,29.0
20416,4.984375,,0.0,pupil_text,1,235.0,7e57414305277f60,6a285437a069d5326912458b124e29651de935d7,0.6564949059561128,20.0,255.0,89.35835736945107,64,0.9733641722002537,46,0.9686520376175548,/home/galetka/Documents/Programming/hi-csg-r/data/processed/school_notebooks/ocr_images/school_notebooks_train_0131533.png,word,,0.9686520376175548,,,3402.6666666666665,school_notebooks_train_0131533,train,foreground_heavy;probable_horizontal_ruling,6,1,комары,6,120,0,0,0,0,0,319,53.166666666666664
8064,1.96875,,0.0,pupil_comment,1,207.0,981e33333b293303,f274be6e8889fdf6121d56b27c5578562302a90a,0.5153769841269841,48.0,255.0,84.65727976343966,64,0.9732916265640038,44,0.8809523809523809,/home/galetka/Documents/Programming/hi-csg-r/data/processed/school_notebooks/ocr_images/school_notebooks_train_0239781.png,word,,0.8412698412698413,,,2688.0,school_notebooks_train_0239781,train,foreground_heavy;probable_horizontal_ruling,6,1,1-е,3,120,0,0,0,0,0,126,42.0
4800,1.171875,,0.0,teacher_comment,1,206.0,3f353327175b0303,1820cb7b0fa312546e6d432f0d9df17cc0c8e0cd,0.5964583333333333,49.0,255.0,82.58506220440569,64,0.9731051344743277,51,0.92,/home/galetka/Documents/Programming/hi-csg-r/data/processed/school_notebooks/ocr_images/school_notebooks_train_0065823.png,word,,0.7733333333333333,,,1600.0,school_notebooks_train_0065823,train,foreground_heavy;probable_horizontal_ruling,6,1,4/4,3,120,0,0,0,0,0,75,25.0
9344,2.28125,,0.0,pupil_text,1,212.0,589f133b3b593511,d1441c0247e4bfef362c13bee3c7602e0fd5128e,0.5420590753424658,43.0,255.0,82.6985235349034,64,0.9729516288252714,45,0.9178082191780822,/home/galetka/Documents/Programming/hi-csg-r/data/processed/school_notebooks/ocr_images/school_notebooks_train_0027522.png,word,,0.8972602739726028,,,3114.6666666666665,school_notebooks_train_0027522,train,foreground_heavy;probable_horizontal_ruling,6,1,м.ч,3,120,0,0,0,0,0,146,48.666666666666664
12480,3.046875,,0.0,pupil_text,1,215.0,303b2d5d65690b03,1cbfba8dbf85d9f54c3573f28419d75dd29762c4,0.6371794871794871,40.0,255.0,83.5987926528033,64,0.9727112676056338,47,0.9384615384615385,/home/galetka/Documents/Programming/hi-csg-r/data/processed/school_notebooks/ocr_images/school_notebooks_train_0011376.png,word,,0.9282051282051282,,,3120.0,school_notebooks_train_0011376,train,foreground_heavy;probable_horizontal_ruling,6,1,юные,4,120,0,0,0,0,0,195,48.75
16320,3.984375,,0.0,pupil_text,1,240.0,407f5551077d4d03,751732ea79858be876bf515212ec9e2112c0dfac,0.6354779411764706,15.0,255.0,89.35299785972319,64,0.9725195256002314,45,0.9372549019607843,/home/galetka/Documents/Programming/hi-csg-r/data/processed/school_notebooks/ocr_images/school_notebooks_train_0224144.png,word,,0.9372549019607843,,,3264.0,school_notebooks_train_0224144,train,foreground_heavy;probable_horizontal_ruling,6,1,много,5,120,0,0,0,0,0,255,51.0
11072,2.703125,,0.0,pupil_text,1,236.0,4e0f5151494d0303,37887fc810c884b81bf9738335370995f535ec68,0.5419978323699421,19.0,255.0,97.373397052294,64,0.9725045825695717,44,0.9190751445086706,/home/galetka/Documents/Programming/hi-csg-r/data/processed/school_notebooks/ocr_images/school_notebooks_train_0027485.png,word,,0.8901734104046243,,,2214.4,school_notebooks_train_0027485,train,foreground_heavy;probable_horizontal_ruling,6,1,столы,5,120,0,0,0,0,0,173,34.6
6272,1.53125,,0.0,pupil_text,1,213.0,417e2f33070b9f08,2868ca64fd97a90044a37dce73cbddc3d0e83ca1,0.4830994897959184,42.0,255.0,89.30139479427294,64,0.9722772277227723,42,0.8367346938775511,/home/galetka/Documents/Programming/hi-csg-r/data/processed/school_notebooks/ocr_images/school_notebooks_train_0086600.png,word,,0.826530612244898,,,2090.6666666666665,school_notebooks_train_0086600,train,foreground_heavy;probable_horizontal_ruling,6,1,что,3,120,0,0,0,0,0,98,32.666666666666664
13312,3.25,,0.0,pupil_text,1,242.0,707f475745670f01,6e7e99f5c2ee125c4fc49b18fc2dbd4bc227d041,0.6844200721153846,13.0,255.0,89.07940620890577,64,0.9722313686752277,49,0.9615384615384616,/home/galetka/Documents/Programming/hi-csg-r/data/processed/school_notebooks/ocr_images/school_notebooks_train_0166577.png,word,,0.9519230769230769,,,2662.4,school_notebooks_train_0166577,train,foreground_heavy;probable_horizontal_ruling,6,1,можем,5,120,0,0,0,0,0,208,41.6
6976,1.703125,,0.0,pupil_text,1,226.0,7c7f5949252b0f8c,b3721dc6e4decd50f796495f338437cbe5abfe16,0.5987672018348624,29.0,255.0,84.62937768532518,64,0.9722288723964568,49,0.9174311926605505,/home/galetka/Documents/Programming/hi-csg-r/data/processed/school_notebooks/ocr_images/school_notebooks_train_0230030.png,word,,0.8807339449541285,,,996.5714285714286,school_notebooks_train_0230030,train,foreground_heavy;probable_horizontal_ruling,6,1,которая,7,120,0,0,0,0,0,109,15.571428571428571
11520,2.8125,,0.0,pupil_text,1,214.0,776f6d4b611d0101,47da0eca3731d6ece94db1e3c2a5251082ef2fc3,0.6682291666666667,40.0,254.0,75.96018001570059,64,0.972200571577033,48,0.9555555555555556,/home/galetka/Documents/Programming/hi-csg-r/data/processed/school_notebooks/ocr_images/school_notebooks_train_0230292.png,word,,0.95,,,1280.0,school_notebooks_train_0230292,train,foreground_heavy;probable_horizontal_ruling,6,1,"комбинат,",9,120,0,0,0,0,0,180,20.0
5376,1.3125,,0.0,pupil_text,1,207.0,01032b23276f5c1a,ebc64304027d55c0560fdd1449d6c547e98f2d77,0.5169270833333334,48.0,255.0,89.90205022507125,64,0.9719323497661029,50,0.8928571428571429,/home/galetka/Documents/Programming/hi-csg-r/data/processed/school_notebooks/ocr_images/school_notebooks_train_0229311.png,word,,0.7261904761904762,,,1792.0,school_notebooks_train_0229311,train,foreground_heavy;probable_horizontal_ruling,6,1,под,3,120,0,0,0,0,0,84,28.0
19136,4.671875,,0.0,pupil_text,1,227.0,414161610d5f7fc0,19d877fc3a9e30fa932a62e004b4176aa20a3423,0.6235890468227425,28.0,255.0,85.06155380580272,64,0.971842788904718,46,0.9464882943143813,/home/galetka/Documents/Programming/hi-csg-r/data/processed/school_notebooks/ocr_images/school_notebooks_train_0012201.png,word,,0.8896321070234113,,,1913.6,school_notebooks_train_0012201,train,foreground_heavy;probable_horizontal_ruling,6,1,наклонение,10,120,0,0,0,0,0,299,29.9
4096,1.0,,0.0,pupil_text,1,210.0,383f233656763607,e8d51a30e8e35384861ed7b10df3680b412a3682,0.474365234375,45.0,255.0,83.5659419611981,64,0.9716932578486875,50,0.71875,/home/galetka/Documents/Programming/hi-csg-r/data/processed/school_notebooks/ocr_images/school_notebooks_train_0241708.png,word,,0.671875,,,1365.3333333333333,school_notebooks_train_0241708,train,foreground_heavy;probable_horizontal_ruling,6,1,iii,3,120,0,0,0,0,0,64,21.333333333333332
7552,1.84375,,0.0,pupil_text,1,232.0,a03f372569332303,928b85cdc47fee90750c2939ae0359317a8b3918,0.551906779661017,22.0,254.0,90.44337210852922,64,0.9716890595009597,44,0.8898305084745762,/home/galetka/Documents/Programming/hi-csg-r/data/processed/school_notebooks/ocr_images/school_notebooks_train_0224349.png,word,,0.8898305084745762,,,2517.3333333333335,school_notebooks_train_0224349,train,foreground_heavy;probable_horizontal_ruling,6,1,его,3,120,0,0,0,0,0,118,39.333333333333336
11200,2.734375,,0.0,pupil_text,1,215.0,022325054d6d4141,3d98ccf9a6e2f5d0fe3551e74023504af0e8aed6,0.62625,40.0,255.0,82.75515871440078,64,0.9716281722269746,46,0.9314285714285714,/home/galetka/Documents/Programming/hi-csg-r/data/processed/school_notebooks/ocr_images/school_notebooks_train_0011353.png,word,,0.92,,,3733.3333333333335,school_notebooks_train_0011353,train,foreground_heavy;probable_horizontal_ruling,6,1,мои,3,120,0,0,0,0,0,175,58.333333333333336
9600,2.34375,,0.0,pupil_comment,1,196.0,0071695951750f0e,fee16d6b9b492ad4aaff4ff64549bb2764afa535,0.5079166666666667,59.0,255.0,84.79947252403008,64,0.97149302707137,39,0.88,/home/galetka/Documents/Programming/hi-csg-r/data/processed/school_notebooks/ocr_images/school_notebooks_train_0239100.png,word,,0.86,,,3200.0,school_notebooks_train_0239100,train,foreground_heavy;probable_horizontal_ruling,6,1,скл,3,120,0,0,0,0,0,150,50.0
8256,2.015625,,0.0,pupil_text,1,218.0,83031b5317477f70,78d2dd0b2a8563775eb53e76bee90035f06d4309,0.5852713178294574,37.0,255.0,85.93159582156535,64,0.9714403973509934,46,0.9147286821705426,/home/galetka/Documents/Programming/hi-csg-r/data/processed/school_notebooks/ocr_images/school_notebooks_train_0027508.png,word,,0.8992248062015504,,,2064.0,school_notebooks_train_0027508,train,foreground_heavy;probable_horizontal_ruling,6,1,имён,4,120,0,0,0,0,0,129,32.25
4672,1.140625,,0.0,pupil_text,1,219.0,1f170507276b0f06,a53691a08e5ac59e0b974d343b4bece0e0644002,0.5622859589041096,36.0,255.0,85.59919709533094,64,0.9710696612105063,50,0.8904109589041096,/home/galetka/Documents/Programming/hi-csg-r/data/processed/school_notebooks/ocr_images/school_notebooks_train_0230887.png,word,,0.7671232876712328,,,1557.3333333333333,school_notebooks_train_0230887,train,foreground_heavy;probable_horizontal_ruling,6,1,над,3,120,0,0,0,0,0,73,24.333333333333332
12928,3.15625,,0.0,pupil_text,1,218.0,0607191355277f60,067d8dd42a67b2a6d95733a32d97b548a5e258dc,0.5508972772277227,37.0,255.0,86.03634801544816,64,0.9709351305812974,44,0.9306930693069307,/home/galetka/Documents/Programming/hi-csg-r/data/processed/school_notebooks/ocr_images/school_notebooks_train_0007073.png,word,,0.9108910891089109,,,3232.0,school_notebooks_train_0007073,train,foreground_heavy;probable_horizontal_ruling,6,1,лаят,4,120,0,0,0,0,0,202,50.5
7488,1.828125,,0.0,pupil_comment,1,216.0,060713332b331396,4cff75abec0f01d6482445e64d08ca0fea52588e,0.5231036324786325,39.0,255.0,83.19081215920374,64,0.9708960939494511,44,0.8632478632478633,/home/galetka/Documents/Programming/hi-csg-r/data/processed/school_notebooks/ocr_images/school_notebooks_train_0239964.png,word,,0.8547008547008547,,,2496.0,school_notebooks_train_0239964,train,foreground_heavy;probable_horizontal_ruling,6,1,1-е,3,120,0,0,0,0,0,117,39.0
5184,1.265625,,0.0,pupil_text,1,199.0,193e37292933232b,7243abff395b27526d414eedd50fbbd302671f05,0.5588348765432098,56.0,255.0,81.42396157159237,64,0.9706593027269589,48,0.8765432098765432,/home/galetka/Documents/Programming/hi-csg-r/data/processed/school_notebooks/ocr_images/school_notebooks_test_0304766.png,word,,0.8641975308641975,,,1728.0,school_notebooks_test_0304766,test,foreground_heavy;probable_horizontal_ruling,6,1,его,3,120,0,0,0,0,0,81,27.0
9536,2.328125,,0.0,pupil_comment,1,215.0,40010565652d5f50,cf883295d71a5cadd7777c96500c0104729de0fe,0.5437290268456376,40.0,255.0,89.53510049783017,64,0.9704918032786886,43,0.9060402684563759,/home/galetka/Documents/Programming/hi-csg-r/data/processed/school_notebooks/ocr_images/school_notebooks_train_0246351.png,word,,0.87248322147651,,,2384.0,school_notebooks_train_0246351,train,foreground_heavy;probable_horizontal_ruling,6,1,3скл,4,120,0,0,0,0,0,149,37.25
10112,2.46875,,0.0,pupil_text,1,201.0,3e1f596d1f2b0784,03435cd20324a0351ea8b437fb2ba3b8c430d466,0.5819818037974683,53.0,254.0,81.13672367143545,64,0.9704333050127443,47,0.9367088607594937,/home/galetka/Documents/Programming/hi-csg-r/data/processed/school_notebooks/ocr_images/school_notebooks_train_0161638.png,word,,0.8860759493670886,,,3370.6666666666665,school_notebooks_train_0161638,train,foreground_heavy;probable_horizontal_ruling,6,1,чи-,3,120,0,0,0,0,0,158,52.666666666666664
8448,2.0625,,0.0,pupil_text,1,215.0,707e67291d37078b,859fc979efcf40e37614c5e73153900dfde8653a,0.5963541666666666,40.0,255.0,83.29384898104799,64,0.9702262802699484,50,0.9393939393939394,/home/galetka/Documents/Programming/hi-csg-r/data/processed/school_notebooks/ocr_images/school_notebooks_train_0131252.png,word,,0.9393939393939394,,,1689.6,school_notebooks_train_0131252,train,foreground_heavy;probable_horizontal_ruling,6,1,чего-,5,120,0,0,0,0,0,132,26.4
7936,1.9375,,0.0,pupil_comment,1,209.0,0d2e6e4b1b190302,656d033288445aea06e2a1a61dc5a16bac1efd12,0.5124747983870968,46.0,255.0,87.16171170329086,64,0.9700024588148513,46,0.9032258064516129,/home/galetka/Documents/Programming/hi-csg-r/data/processed/school_notebooks/ocr_images/school_notebooks_train_0237472.png,word,,0.8306451612903226,,,1587.2,school_notebooks_train_0237472,train,foreground_heavy;probable_horizontal_ruling,6,1,"ч,в.п",5,120,0,0,0,0,0,124,24.8
4992,1.21875,,0.0,pupil_comment,1,209.0,9a1d2c3f5171633e,4f1aa0ae8f9c018f15b8f80039507a0728f3180e,0.539863782051282,46.0,255.0,90.8318944652055,64,0.9699443413729129,49,0.8974358974358975,/home/galetka/Documents/Programming/hi-csg-r/data/processed/school_notebooks/ocr_images/school_notebooks_train_0240656.png,word,,0.8846153846153846,,,1664.0,school_notebooks_train_0240656,train,foreground_heavy;probable_horizontal_ruling,6,1,5.п,3,120,0,0,0,0,0,78,26.0
11520,2.8125,,0.0,pupil_text,1,229.04999999999995,060f494949491706,73b6b251e2444b9c184f73889498a428461cf27e,0.6732638888888889,25.950000000000045,255.0,80.23250500904258,64,0.9697008767405879,50,0.9555555555555556,/home/galetka/Documents/Programming/hi-csg-r/data/processed/school_notebooks/ocr_images/school_notebooks_train_0162397.png,word,,0.9444444444444444,,,2880.0,school_notebooks_train_0162397,train,foreground_heavy;probable_horizontal_ruling,6,1,[а]-,4,120,0,0,0,0,0,180,45.0
6656,1.625,,0.0,pupil_text,1,211.0,383f3359034d1903,2f3e53e005366326402925a242999b2a9ec11f00,0.6278545673076923,43.0,254.0,77.24205168362374,64,0.9696099545345777,49,0.9230769230769231,/home/galetka/Documents/Programming/hi-csg-r/data/processed/school_notebooks/ocr_images/school_notebooks_train_0230229.png,word,,0.9134615384615384,,,950.8571428571429,school_notebooks_train_0230229,train,foreground_heavy;probable_horizontal_ruling,6,1,"бензин,",7,120,0,0,0,0,0,104,14.857142857142858
8960,2.1875,,0.0,pupil_text,1,225.0,415563591b750101,d969b5d20b923ee316c421f7dc8f2efa05c65fa2,0.65,30.0,255.0,84.65823406959801,64,0.9696085164835165,48,0.9,/home/galetka/Documents/Programming/hi-csg-r/data/processed/school_notebooks/ocr_images/school_notebooks_train_0084300.png,word,,0.8928571428571429,,,2986.6666666666665,school_notebooks_train_0084300,train,foreground_heavy;probable_horizontal_ruling,6,1,она,3,120,0,0,0,0,0,140,46.666666666666664
6272,1.53125,,0.0,pupil_text,1,208.0,b81331250d4b0303,1fb3561eeac05441ea7f761240db1dd36cfe1c93,0.5237563775510204,46.0,254.0,84.04192209651089,64,0.969558599695586,45,0.8775510204081632,/home/galetka/Documents/Programming/hi-csg-r/data/processed/school_notebooks/ocr_images/school_notebooks_train_0027531.png,word,,0.7857142857142857,,,2090.6666666666665,school_notebooks_train_0027531,train,foreground_heavy;probable_horizontal_ruling,6,1,[я],3,120,0,0,0,0,0,98,32.666666666666664
8896,2.171875,,0.0,pupil_text,1,229.0,607f0f131b2b4b7b,49229fff0ba10a5ea2f4baed06e23c0dcb96f9d9,0.6035296762589928,25.0,254.0,87.08986607639602,64,0.9694542745390203,46,0.9064748201438849,/home/galetka/Documents/Programming/hi-csg-r/data/processed/school_notebooks/ocr_images/school_notebooks_train_0230021.png,word,,0.8920863309352518,,,1779.2,school_notebooks_train_0230021,train,foreground_heavy;probable_horizontal_ruling,6,1,часть,5,120,0,0,0,0,0,139,27.8
10240,2.5,,0.0,pupil_text,1,211.0,0d0e4b594b4d0183,bc09ce2bae070ea4a199232db96473f1bc6e9e47,0.629296875,44.0,255.0,81.7849940482045,64,0.9694289261328367,50,0.95,/home/galetka/Documents/Programming/hi-csg-r/data/processed/school_notebooks/ocr_images/school_notebooks_train_0131138.png,word,,0.93125,,,1706.6666666666667,school_notebooks_train_0131138,train,foreground_heavy;probable_horizontal_ruling,6,1,"""кто"".",6,120,0,0,0,0,0,160,26.666666666666668
7616,1.859375,,0.0,pupil_text,1,219.0,7e7f551553573c3b,536941cc298214edfd0c249c6560b3249483832e,0.6042542016806722,36.0,255.0,83.10828985519701,64,0.969361147327249,50,0.9411764705882353,/home/galetka/Documents/Programming/hi-csg-r/data/processed/school_notebooks/ocr_images/school_notebooks_train_0230018.png,word,,0.8907563025210085,,,761.6,school_notebooks_train_0230018,train,foreground_heavy;probable_horizontal_ruling,6,1,однородные,10,120,0,0,0,0,0,119,11.9
17728,4.328125,,0.0,pupil_text,1,205.0,c17c1f7145190101,3edd1904766f3c5e14b7b333c2a5206a2ea2a4db,0.5964575812274369,50.0,255.0,82.76010299918659,64,0.9693588046150936,44,0.9566787003610109,/home/galetka/Documents/Programming/hi-csg-r/data/processed/school_notebooks/ocr_images/school_notebooks_train_0085166.png,word,,0.9530685920577617,,,1969.7777777777778,school_notebooks_train_0085166,train,foreground_heavy;probable_horizontal_ruling,6,1,остатками,9,120,0,0,0,0,0,277,30.77777777777778
8896,2.171875,,0.0,pupil_text,1,209.0,7c3f535353550101,7974c0d3a69fbe54fcb80deb5d8043f2fbbcae27,0.6191546762589928,46.0,255.0,87.03555949209562,64,0.9693173565722585,47,0.9280575539568345,/home/galetka/Documents/Programming/hi-csg-r/data/processed/school_notebooks/ocr_images/school_notebooks_train_0207549.png,phrase,,0.9064748201438849,,,1779.2,school_notebooks_train_0207549,train,foreground_heavy;probable_horizontal_ruling,6,1,"(3 л,",5,120,0,0,0,0,0,139,27.8
4928,1.203125,,0.0,pupil_comment,1,230.0,1d3e372b17270f08,f0db8595bf657495697f3bee518ac70128f7c1c8,0.4746347402597403,25.0,255.0,92.60165360262583,64,0.9692176143651133,45,0.8441558441558441,/home/galetka/Documents/Programming/hi-csg-r/data/processed/school_notebooks/ocr_images/school_notebooks_train_0221700.png,word,,0.8441558441558441,,,1232.0,school_notebooks_train_0221700,train,foreground_heavy;probable_horizontal_ruling,6,1,буд.,4,120,0,0,0,0,0,77,19.25
12928,3.15625,,0.0,pupil_text,1,234.0,3e3b736d4d13494d,066474463df4eb1452739584b04294d13064d9b7,0.6777537128712872,21.0,255.0,83.16507801992188,64,0.9691851175530701,49,0.9455445544554455,/home/galetka/Documents/Programming/hi-csg-r/data/processed/school_notebooks/ocr_images/school_notebooks_train_0130898.png,word,,0.9455445544554455,,,4309.333333333333,school_notebooks_train_0130898,train,foreground_heavy;probable_horizontal_ruling,6,1,или,3,120,0,0,0,0,0,202,67.33333333333333
8192,2.0,,0.0,pupil_text,1,215.0,7e2f5b33650d0140,725e18ca97fc003627fa497b901d6c0ffa22288c,0.5966796875,40.0,255.0,85.68985397594295,64,0.9691080196399345,49,0.9296875,/home/galetka/Documents/Programming/hi-csg-r/data/processed/school_notebooks/ocr_images/school_notebooks_train_0230839.png,word,,0.8984375,,,1170.2857142857142,school_notebooks_train_0230839,train,foreground_heavy;probable_horizontal_ruling,6,1,"плотно,",7,120,0,0,0,0,0,128,18.285714285714285
11392,2.78125,,0.0,pupil_text,1,219.0,01057b4f5d477f70,b93d8d2f497b0df72aeb50c367a95ab8b3c1eb21,0.6227176966292135,36.0,255.0,82.00130551918815,64,0.9689878770792218,48,0.9550561797752809,/home/galetka/Documents/Programming/hi-csg-r/data/processed/school_notebooks/ocr_images/school_notebooks_train_0206983.png,word,,0.9213483146067416,,,1265.7777777777778,school_notebooks_train_0206983,train,foreground_heavy;probable_horizontal_ruling,6,1,"професию,",9,120,0,0,0,0,0,178,19.77777777777778
8064,1.96875,,0.0,pupil_text,1,223.84999999999997,7c7f575529673f30,1cef408e9d617e6454e66582c5d7641d0797e46e,0.6032986111111112,31.150000000000034,255.0,87.71482762872132,64,0.9689619732785201,47,0.9206349206349206,/home/galetka/Documents/Programming/hi-csg-r/data/processed/school_notebooks/ocr_images/school_notebooks_train_0228830.png,word,,0.9047619047619048,,,1008.0,school_notebooks_train_0228830,train,foreground_heavy;probable_horizontal_ruling,6,1,хорошень,8,120,0,0,0,0,0,126,15.75
16640,4.0625,,0.0,pupil_text,1,220.0,11334757571f7f60,fb555af9dd241302640d84c98423d75ca28abd1c,0.6052283653846153,35.0,255.0,87.44547850951497,64,0.9689206632906365,45,0.95,/home/galetka/Documents/Programming/hi-csg-r/data/processed/school_notebooks/ocr_images/school_notebooks_train_0027477.png,word,,0.9384615384615385,,,2080.0,school_notebooks_train_0027477,train,foreground_heavy;probable_horizontal_ruling,6,1,сметана-,8,120,0,0,0,0,0,260,32.5
7616,1.859375,,0.0,pupil_text,1,225.0,7c7f2325656b171e,1cf2e1997bf118218b6700f8ee69fca48a6e49d0,0.6626838235294118,30.0,255.0,86.4281612651046,64,0.9688924113334654,50,0.9495798319327731,/home/galetka/Documents/Programming/hi-csg-r/data/processed/school_notebooks/ocr_images/school_notebooks_train_0230840.png,word,,0.9495798319327731,,,952.0,school_notebooks_train_0230840,train,foreground_heavy;probable_horizontal_ruling,6,1,червяна.,8,120,0,0,0,0,0,119,14.875
14976,3.65625,,0.0,pupil_text,1,244.0,4014292915434f5b,b383d9a783fd7df8e1efb7f1fabf2e5d6a70b735,0.5984241452991453,11.0,255.0,93.64676679097988,64,0.9688685561258648,43,0.9572649572649573,/home/galetka/Documents/Programming/hi-csg-r/data/processed/school_notebooks/ocr_images/school_notebooks_train_0043435.png,word,,0.9188034188034188,,,2139.4285714285716,school_notebooks_train_0043435,train,foreground_heavy;probable_horizontal_ruling,6,1,сложной,7,120,0,0,0,0,0,234,33.42857142857143
6080,1.484375,,0.0,pupil_text,1,225.0,b81f113131254141,da41ccd1889326e0439f49627f1a5aee5af0b18c,0.5996710526315789,30.0,255.0,93.17291932067408,64,0.9687328579264948,48,0.8947368421052632,/home/galetka/Documents/Programming/hi-csg-r/data/processed/school_notebooks/ocr_images/school_notebooks_train_0229207.png,word,,0.8947368421052632,,,1216.0,school_notebooks_train_0229207,train,foreground_heavy;probable_horizontal_ruling,6,1,"выше,",5,120,0,0,0,0,0,95,19.0
19328,4.71875,,0.0,pupil_text,1,209.0,08040541455f7fc0,4ae2056b0c079db6e9bdde0acb6af2892e63369b,0.5697951158940397,46.0,255.0,87.24652572758015,64,0.9685825842186507,43,0.9470198675496688,/home/galetka/Documents/Programming/hi-csg-r/data/processed/school_notebooks/ocr_images/school_notebooks_train_0048386.png,word,,0.9139072847682119,,,2416.0,school_notebooks_train_0048386,train,foreground_heavy;probable_horizontal_ruling,6,1,нечаянно,8,120,0,0,0,0,0,302,37.75
7552,1.84375,,0.0,pupil_text,1,204.0,0e0f654d15373f1c,9ad3ff70fa50ddcd659542a7abbdc2335e8e3543,0.6267213983050848,51.0,255.0,76.9822518128341,64,0.968307627297697,49,0.9322033898305084,/home/galetka/Documents/Programming/hi-csg-r/data/processed/school_notebooks/ocr_images/school_notebooks_train_0029021.png,word,,0.923728813559322,,,1888.0,school_notebooks_train_0029021,train,foreground_heavy;probable_horizontal_ruling,6,1,пус-,4,120,0,0,0,0,0,118,29.5
8256,2.015625,,0.0,pupil_text,1,208.0,7f7b535b5b597fe0,99b25cfc623e22e92f08017dd00020024fcf9235,0.607921511627907,47.0,255.0,83.543840148385,64,0.9681211396692568,46,0.9069767441860465,/home/galetka/Documents/Programming/hi-csg-r/data/processed/school_notebooks/ocr_images/school_notebooks_train_0207570.png,word,,0.9069767441860465,,,2064.0,school_notebooks_train_0207570,train,foreground_heavy;probable_horizontal_ruling,6,1,607.,4,120,0,0,0,0,0,129,32.25
8320,2.03125,,0.0,pupil_text,1,222.0,0101434b5b730606,fc116ea847e75b63b14fd69f9c51afce7588208a,0.5884615384615385,33.0,255.0,84.55954833010917,64,0.9679330065359477,46,0.8923076923076924,/home/galetka/Documents/Programming/hi-csg-r/data/processed/school_notebooks/ocr_images/school_notebooks_train_0084204.png,word,,0.8923076923076924,,,2773.3333333333335,school_notebooks_train_0084204,train,foreground_heavy;probable_horizontal_ruling,6,1,них,3,120,0,0,0,0,0,130,43.333333333333336
8256,2.015625,,0.0,pupil_text,1,235.0,417c7f154b510706,b5bcbdcb55a08a5e6a680595fdde60b6bce67cdc,0.5135658914728682,20.0,255.0,96.8981920266546,64,0.9679245283018868,42,0.875968992248062,/home/galetka/Documents/Programming/hi-csg-r/data/processed/school_notebooks/ocr_images/school_notebooks_train_0224790.png,word,,0.875968992248062,,,2752.0,school_notebooks_train_0224790,train,foreground_heavy;probable_horizontal_ruling,6,1,это,3,120,0,0,0,0,0,129,43.0
7936,1.9375,,0.0,pupil_text,1,200.0,410105691b714545,6a170e11a14d1221e496d912f20cf8bd04432556,0.6112651209677419,55.0,255.0,78.28706113206982,64,0.9678416821273964,47,0.9193548387096774,/home/galetka/Documents/Programming/hi-csg-r/data/processed/school_notebooks/ocr_images/school_notebooks_train_0229310.png,word,,0.8951612903225806,,,1133.7142857142858,school_notebooks_train_0229310,train,foreground_heavy;probable_horizontal_ruling,6,1,"глазах,",7,120,0,0,0,0,0,124,17.714285714285715
11264,2.75,,0.0,pupil_text,1,219.0,81012d6911317f70,a3dac283b8dcc1e5661753e7d9de3c995f7bea61,0.6194069602272727,36.0,255.0,81.91435270196892,64,0.9677511824566433,46,0.9431818181818182,/home/galetka/Documents/Programming/hi-csg-r/data/processed/school_notebooks/ocr_images/school_notebooks_train_0206842.png,word,,0.9318181818181818,,,2252.8,school_notebooks_train_0206842,train,foreground_heavy;probable_horizontal_ruling,6,1,любые,5,120,0,0,0,0,0,176,35.2
12544,3.0625,,0.0,pupil_text,1,214.0,002e464d4d2f0c02,b7a7ccc34e943f9e44bb118b4d3d7f02254bd1eb,0.47042410714285715,41.0,255.0,88.5472817759957,64,0.9674631418403661,42,0.9030612244897959,/home/galetka/Documents/Programming/hi-csg-r/data/processed/school_notebooks/ocr_images/school_notebooks_train_0034278.png,word,,0.9030612244897959,,,3136.0,school_notebooks_train_0034278,train,foreground_heavy;probable_horizontal_ruling,6,1,ело-,4,120,0,0,0,0,0,196,49.0
5184,1.265625,,0.0,pupil_text,1,214.0,03634f454d390383,83c3762a63c1fc4e51e8187a5441ee5576f1f198,0.5785108024691358,41.0,255.0,85.28499804877829,64,0.9673224408136045,47,0.8641975308641975,/home/galetka/Documents/Programming/hi-csg-r/data/processed/school_notebooks/ocr_images/school_notebooks_train_0179335.png,word,,0.8641975308641975,,,1296.0,school_notebooks_train_0179335,train,foreground_heavy;probable_horizontal_ruling,6,1,(юю),4,120,0,0,0,0,0,81,20.25
9088,2.21875,,0.0,pupil_text,1,225.0,065763531d2f3eb0,8f30329f9c0b305790f50099db16b1f7a877b1ba,0.5928697183098591,30.0,255.0,89.86623292340934,64,0.9671492204899778,47,0.9295774647887324,/home/galetka/Documents/Programming/hi-csg-r/data/processed/school_notebooks/ocr_images/school_notebooks_train_0207502.png,word,,0.9014084507042254,,,1514.6666666666667,school_notebooks_train_0207502,train,foreground_heavy;probable_horizontal_ruling,6,1,трава.,6,120,0,0,0,0,0,142,23.666666666666668
12480,3.046875,,0.0,pupil_text,1,218.0,7f7535096d070342,e092de4cdc9bee830771835546735c293b495c6d,0.6044070512820513,37.0,255.0,82.12750414097097,64,0.9669892615670158,42,0.958974358974359,/home/galetka/Documents/Programming/hi-csg-r/data/processed/school_notebooks/ocr_images/school_notebooks_train_0225347.png,word,,0.958974358974359,,,1782.857142857143,school_notebooks_train_0225347,train,foreground_heavy;probable_horizontal_ruling,6,1,шахтёры,7,120,0,0,0,0,0,195,27.857142857142858
14528,3.546875,,0.0,pupil_text,1,237.0,0f6f6b4b57272d01,198ca11ae44d247eb9f5dde43db96f8c9e3d8b15,0.7043639867841409,18.0,255.0,81.7049138277969,64,0.966969608130558,52,0.9559471365638766,/home/galetka/Documents/Programming/hi-csg-r/data/processed/school_notebooks/ocr_images/school_notebooks_train_0165985.png,word,,0.9559471365638766,,,1816.0,school_notebooks_train_0165985,train,foreground_heavy;probable_horizontal_ruling,6,1,степени.,8,120,0,0,0,0,0,227,28.375
10688,2.609375,,0.007316023526036436,pupil_text,1,198.0,387f551d5c5b1f1c,be9b0ff9f6035b17bddf7d9a7cc78beaf9014427,0.6522267964071856,57.0,255.0,74.80692268855758,64,0.9668627169703056,49,0.9700598802395209,/home/galetka/Documents/Programming/hi-csg-r/data/processed/school_notebooks/ocr_images/school_notebooks_train_0006657.png,word,,0.9760479041916168,,,1781.3333333333333,school_notebooks_train_0006657,train,foreground_heavy;probable_horizontal_ruling,6,1,шарить,6,120,0,0,1,0,1,167,27.833333333333332
12864,3.140625,,0.0,pupil_text,1,209.0,7c7f4b25571e1c00,c5bb05e48bc6da1af74dc70c17e2166bd8b9ce77,0.5670087064676617,46.0,255.0,86.09092685371877,64,0.9668220455168631,40,0.9502487562189055,/home/galetka/Documents/Programming/hi-csg-r/data/processed/school_notebooks/ocr_images/school_notebooks_train_0207517.png,word,,0.9502487562189055,,,1608.0,school_notebooks_train_0207517,train,foreground_heavy;probable_horizontal_ruling,6,1,"свистят,",8,120,0,0,0,0,0,201,25.125
11200,2.734375,,0.0,pupil_text,1,220.0,783f6133230b1f18,b13695402c92cc6b11f1e68659a970b08e3c5ad9,0.558125,34.0,254.0,89.86657124936406,64,0.9667253239481683,44,0.9314285714285714,/home/galetka/Documents/Programming/hi-csg-r/data/processed/school_notebooks/ocr_images/school_notebooks_val_0269673.png,word,,0.8685714285714285,,,2240.0,school_notebooks_val_0269673,val,foreground_heavy;probable_horizontal_ruling,6,1,жизни,5,120,0,0,0,0,0,175,35.0
8128,1.984375,,0.0,pupil_text,1,222.0,9e1f332967537f3e,feb49531a16269e1058138e80c5b80e38f3d6a5d,0.6149114173228346,33.0,255.0,82.54754611718428,64,0.9665866346538615,50,0.9291338582677166,/home/galetka/Documents/Programming/hi-csg-r/data/processed/school_notebooks/ocr_images/school_notebooks_train_0206959.png,word,,0.9291338582677166,,,2032.0,school_notebooks_train_0206959,train,foreground_heavy;probable_horizontal_ruling,6,1,свою,4,120,0,0,0,0,0,127,31.75
22528,5.5,,0.0,pupil_text,1,222.0,61796d6949454529,62c231fd1354e223b077ddd8b8908beacd5cea6d,0.7126686789772727,33.0,255.0,82.0160460625785,64,0.9665524758642168,48,0.9659090909090909,/home/galetka/Documents/Programming/hi-csg-r/data/processed/school_notebooks/ocr_images/school_notebooks_train_0207512.png,word,,0.9573863636363636,,,2252.8,school_notebooks_train_0207512,train,foreground_heavy;probable_horizontal_ruling,6,1,насмешливо,10,120,0,0,0,0,0,352,35.2
10304,2.515625,,0.0,pupil_text,1,230.0,607f6d5d59450101,188031e8d5cdf7045d1d7e5e94d025422e4170e5,0.6042313664596274,25.0,255.0,93.60956654805302,64,0.9664310954063604,44,0.9254658385093167,/home/galetka/Documents/Programming/hi-csg-r/data/processed/school_notebooks/ocr_images/school_notebooks_train_0207522.png,word,,0.9192546583850931,,,1717.3333333333333,school_notebooks_train_0207522,train,foreground_heavy;probable_horizontal_ruling,6,1,мнение,6,120,0,0,0,0,0,161,26.833333333333332
8640,2.109375,,0.0,pupil_text,1,215.0,3f2f2d2717576763,f466bc69f283f733e12946f0529ffa0572a046fc,0.628125,39.0,254.0,79.19375327845317,64,0.9662797125483693,49,0.9407407407407408,/home/galetka/Documents/Programming/hi-csg-r/data/processed/school_notebooks/ocr_images/school_notebooks_train_0228711.png,word,,0.8444444444444444,,,1234.2857142857142,school_notebooks_train_0228711,train,foreground_heavy;probable_horizontal_ruling,6,1,января.,7,120,0,0,0,0,0,135,19.285714285714285
5824,1.421875,,0.0,pupil_text,1,197.0,9c1f3b5515290307,c67b1767e82df227b4eb1f6d05829cd501ce38d6,0.6198489010989011,58.0,255.0,76.27141152206882,64,0.9662049861495845,51,0.9120879120879121,/home/galetka/Documents/Programming/hi-csg-r/data/processed/school_notebooks/ocr_images/school_notebooks_train_0177065.png,word,,0.9120879120879121,,,1941.3333333333333,school_notebooks_train_0177065,train,foreground_heavy;probable_horizontal_ruling,6,1,нём,3,120,0,0,0,0,0,91,30.333333333333332
9664,2.359375,,0.0,pupil_text,1,207.0,0003097b4b293f80,815f0c335d6b95c854e55ac0df535c7660018a3a,0.5136589403973509,48.0,255.0,86.59698811044903,64,0.9661563255439162,41,0.8807947019867549,/home/galetka/Documents/Programming/hi-csg-r/data/processed/school_notebooks/ocr_images/school_notebooks_val_0289586.png,word,,0.8741721854304636,,,3221.3333333333335,school_notebooks_val_0289586,val,foreground_heavy;probable_horizontal_ruling,6,1,они,3,120,0,0,0,0,0,151,50.333333333333336
4416,1.078125,,0.0,teacher_comment,1,184.0,01353123637b0303,09b81b2b628709255a44dfa1531b70af96a2b7d0,0.6268115942028986,71.0,255.0,74.55161459117298,64,0.9660404624277457,50,0.8840579710144928,/home/galetka/Documents/Programming/hi-csg-r/data/processed/school_notebooks/ocr_images/school_notebooks_train_0114862.png,word,,0.8260869565217391,,,1472.0,school_notebooks_train_0114862,train,foreground_heavy;probable_horizontal_ruling,6,1,1-0,3,120,0,0,0,0,0,69,23.0
9600,2.34375,,0.0,pupil_text,1,205.0,060355470b154b5b,5ac3348e2d5472576d613dc245af155ed1ecd05a,0.6872916666666666,50.0,255.0,72.6562919437603,64,0.9658987571991513,52,0.9466666666666667,/home/galetka/Documents/Programming/hi-csg-r/data/processed/school_notebooks/ocr_images/school_notebooks_train_0218577.png,word,,0.9,,,1920.0,school_notebooks_train_0218577,train,foreground_heavy;probable_horizontal_ruling,6,1,снова,5,120,0,0,0,0,0,150,30.0
16768,4.09375,,0.0,pupil_text,1,214.0,707f537b5b5f0901,7b052f98863a6082e85f5bb5c4e52d067e42ace1,0.6302480916030534,40.0,254.0,80.40401555402957,64,0.9658402725208176,47,0.9618320610687023,/home/galetka/Documents/Programming/hi-csg-r/data/processed/school_notebooks/ocr_images/school_notebooks_train_0225327.png,word,,0.9351145038167938,,,2395.4285714285716,school_notebooks_train_0225327,train,foreground_heavy;probable_horizontal_ruling,6,1,машинь.,7,120,0,0,0,0,0,262,37.42857142857143
9984,2.4375,,0.0,pupil_text,1,231.0,613c2f1109716545,d733039f0d2040d06e2cd8343d3afb43f2bf7491,0.5704126602564102,24.0,255.0,91.77102341019045,64,0.9657594381035997,44,0.9230769230769231,/home/galetka/Documents/Programming/hi-csg-r/data/processed/school_notebooks/ocr_images/school_notebooks_train_0230028.png,word,,0.9230769230769231,,,1248.0,school_notebooks_train_0230028,train,foreground_heavy;probable_horizontal_ruling,6,1,сложного,8,120,0,0,0,0,0,156,19.5
9664,2.359375,,0.0,pupil_text,1,215.0,01412717317f7ec0,e5accc4685774e48878dc979d267d16fa323e9c9,0.5677773178807947,40.0,255.0,94.13054081510738,64,0.9657371970111172,43,0.9139072847682119,/home/galetka/Documents/Programming/hi-csg-r/data/processed/school_notebooks/ocr_images/school_notebooks_train_0086806.png,word,,0.9072847682119205,,,1610.6666666666667,school_notebooks_train_0086806,train,foreground_heavy;probable_horizontal_ruling,6,1,иначе:,6,120,0,0,0,0,0,151,25.166666666666668
7168,1.75,,0.015516078255003373,pupil_text,1,223.0,9f97123a31557f7c,e8f2bffc72c8642ebf13f40e01eb0a09dce3a1e3,0.6203962053571429,32.0,255.0,88.62608619624503,64,0.9653699123004272,50,0.9732142857142857,/home/galetka/Documents/Programming/hi-csg-r/data/processed/school_notebooks/ocr_images/school_notebooks_train_0161773.png,word,,0.8482142857142857,,,1792.0,school_notebooks_train_0161773,train,foreground_heavy;probable_horizontal_ruling,6,1,друз,4,120,0,0,1,0,1,112,28.0
11200,2.734375,,0.0,pupil_text,1,221.0,4101052d21277f7e,65cb252810a6a693160dc2e059195e5527c7671f,0.5890178571428571,34.0,255.0,84.98644306635119,64,0.965135667727755,46,0.9371428571428572,/home/galetka/Documents/Programming/hi-csg-r/data/processed/school_notebooks/ocr_images/school_notebooks_train_0230179.png,word,,0.9314285714285714,,,1120.0,school_notebooks_train_0230179,train,foreground_heavy;probable_horizontal_ruling,6,1,особености,10,120,0,0,0,0,0,175,17.5
12480,3.046875,,0.0,pupil_text,1,205.0,7565494f57530306,fa544d8dbc6c3ce4a43671f37a431792b9b31ce5,0.6974358974358974,50.0,255.0,73.2234593271383,64,0.9650735294117647,53,0.9538461538461539,/home/galetka/Documents/Programming/hi-csg-r/data/processed/school_notebooks/ocr_images/school_notebooks_train_0160966.png,word,,0.8974358974358975,,,2080.0,school_notebooks_train_0160966,train,foreground_heavy;probable_horizontal_ruling,6,1,"степь,",6,120,0,0,0,0,0,195,32.5
4480,1.09375,,0.0,pupil_text,1,214.0,8e372b6d390b8727,8fb8776b233a7f72a62270233acba5ee9c0f6fad,0.5457589285714286,41.0,255.0,85.92016553808399,64,0.9648261758691207,50,0.8857142857142857,/home/galetka/Documents/Programming/hi-csg-r/data/processed/school_notebooks/ocr_images/school_notebooks_train_0131305.png,word,,0.8857142857142857,,,1493.3333333333333,school_notebooks_train_0131305,train,foreground_heavy;probable_horizontal_ruling,6,1,"то,",3,120,0,0,0,0,0,70,23.333333333333332
8128,1.984375,,0.0,pupil_comment,1,211.0,44832b6357712704,4fba6fb4668b94487453ff689f4e068a426e9427,0.5098425196850394,44.0,255.0,87.36181884244643,64,0.9647683397683398,42,0.8740157480314961,/home/galetka/Documents/Programming/hi-csg-r/data/processed/school_notebooks/ocr_images/school_notebooks_train_0240147.png,word,,0.8503937007874016,,,2709.3333333333335,school_notebooks_train_0240147,train,foreground_heavy;probable_horizontal_ruling,6,1,1-е,3,120,0,0,0,0,0,127,42.333333333333336
16512,4.03125,,0.0,pupil_text,1,211.0,703f050d2721c980,60752881d39ff7ee48a6acea7aad88ff66b54b05,0.5165334302325582,44.0,255.0,86.36221302257,64,0.9647086411068121,38,0.9457364341085271,/home/galetka/Documents/Programming/hi-csg-r/data/processed/school_notebooks/ocr_images/school_notebooks_val_0269661.png,word,,0.9457364341085271,,,1651.2,school_notebooks_val_0269661,val,foreground_heavy;probable_horizontal_ruling,6,1,родителях.,10,120,0,0,0,0,0,258,25.8
9408,2.296875,,0.0,pupil_text,1,224.0,603f575149611509,e62c9a3b29d957d8780165d30d1783715972b4c0,0.6408375850340136,30.0,254.0,81.04266152751443,64,0.9646707580029855,47,0.9183673469387755,/home/galetka/Documents/Programming/hi-csg-r/data/processed/school_notebooks/ocr_images/school_notebooks_train_0177604.png,word,,0.9183673469387755,,,1881.6,school_notebooks_train_0177604,train,foreground_heavy;probable_horizontal_ruling,6,1,пение,5,120,0,0,0,0,0,147,29.4
9664,2.359375,,0.0,pupil_text,1,209.0,01010d5755597fc0,12ff1be203f0b45c2161e29c772f0840aef1f47f,0.5562913907284768,46.0,255.0,91.41233366766849,64,0.9646577380952381,42,0.9072847682119205,/home/galetka/Documents/Programming/hi-csg-r/data/processed/school_notebooks/ocr_images/school_notebooks_train_0169283.png,word,,0.8874172185430463,,,1932.8,school_notebooks_train_0169283,train,foreground_heavy;probable_horizontal_ruling,6,1,место,5,120,0,0,0,0,0,151,30.2
6912,1.6875,,0.0,pupil_text,1,213.0,0001213b0b735b7f,a266efcee217b50e944b65cecc9865a2c610de2f,0.5442708333333334,42.0,255.0,83.76335834034583,64,0.9646464646464646,46,0.8703703703703703,/home/galetka/Documents/Programming/hi-csg-r/data/processed/school_notebooks/ocr_images/school_notebooks_train_0019368.png,word,,0.7685185185185185,,,1728.0,school_notebooks_train_0019368,train,foreground_heavy;probable_horizontal_ruling,6,1,doll,4,120,0,0,0,0,0,108,27.0
12032,2.9375,,0.0,pupil_text,1,208.0,9b37374f7d5b1859,5ea96873bf9a01e285cf12aa1aba5f8128fa91f0,0.5265126329787234,46.0,254.0,85.79996132410923,64,0.9644830307813733,39,0.9414893617021277,/home/galetka/Documents/Programming/hi-csg-r/data/processed/school_notebooks/ocr_images/school_notebooks_train_0027562.png,word,,0.9148936170212766,,,1718.857142857143,school_notebooks_train_0027562,train,foreground_heavy;probable_horizontal_ruling,6,1,тварог-,7,120,0,0,0,0,0,188,26.857142857142858
5568,1.359375,,0.0,pupil_text,1,224.0,b83f2b436b6b0303,9f537bb0a423961c218234135c3123343741691b,0.5389727011494253,30.0,254.0,95.05836546927077,64,0.9643452182605798,46,0.8850574712643678,/home/galetka/Documents/Programming/hi-csg-r/data/processed/school_notebooks/ocr_images/school_notebooks_train_0207550.png,word,,0.8045977011494253,,,1856.0,school_notebooks_train_0207550,train,foreground_heavy;probable_horizontal_ruling,6,1,605,3,120,0,0,0,0,0,87,29.0
13696,3.34375,,0.0,pupil_text,1,222.0,06675953535b7770,01398895293f435212438ee19da9dc3304078639,0.5752044392523364,32.0,254.0,95.31568341879465,64,0.9643310484894644,44,0.9252336448598131,/home/galetka/Documents/Programming/hi-csg-r/data/processed/school_notebooks/ocr_images/school_notebooks_train_0048378.png,word,,0.8925233644859814,,,2739.2,school_notebooks_train_0048378,train,foreground_heavy;probable_horizontal_ruling,6,1,толь-,5,120,0,0,0,0,0,214,42.8
11648,2.84375,,0.0,pupil_text,1,237.0,607f43675d510101,a1f3436e30c09e170169407fd1c83dfecd9d0bbd,0.5843921703296703,18.0,255.0,98.0495686355374,64,0.9640076391949464,44,0.9340659340659341,/home/galetka/Documents/Programming/hi-csg-r/data/processed/school_notebooks/ocr_images/school_notebooks_train_0207530.png,word,,0.9230769230769231,,,1941.3333333333333,school_notebooks_train_0207530,train,foreground_heavy;probable_horizontal_ruling,6,1,станет,6,120,0,0,0,0,0,182,30.333333333333332
15104,3.6875,,0.0,pupil_text,1,195.0,313e67736b498303,30d9aa070fe99f07c96e65e9194e83723fb62e44,0.5794491525423728,60.0,255.0,80.89776858850139,64,0.9638939670932358,46,0.940677966101695,/home/galetka/Documents/Programming/hi-csg-r/data/processed/school_notebooks/ocr_images/school_notebooks_train_0159684.png,word,,0.9194915254237288,,,2517.3333333333335,school_notebooks_train_0159684,train,foreground_heavy;probable_horizontal_ruling,6,1,ночлег,6,120,0,0,0,0,0,236,39.333333333333336
5120,1.25,,0.0,pupil_text,1,219.0,9e0b0b372f2f5c32,52e052985716ac158ce860a7061c362c2887a467,0.530078125,35.0,254.0,87.49691546512864,64,0.9638909358879882,50,0.9,/home/galetka/Documents/Programming/hi-csg-r/data/processed/school_notebooks/ocr_images/school_notebooks_train_0027529.png,word,,0.8,,,1706.6666666666667,school_notebooks_train_0027529,train,foreground_heavy;probable_horizontal_ruling,6,1,удр,3,120,0,0,0,0,0,80,26.666666666666668
7488,1.828125,,0.0,pupil_text,1,219.0,381e26371f3f0d0f,2518357c0389dc6b66939cc700366da0a92a7020,0.5096153846153846,36.0,255.0,90.26747835068458,64,0.9638364779874213,47,0.9145299145299145,/home/galetka/Documents/Programming/hi-csg-r/data/processed/school_notebooks/ocr_images/school_notebooks_train_0207538.png,word,,0.8632478632478633,,,2496.0,school_notebooks_train_0207538,train,foreground_heavy;probable_horizontal_ruling,6,1,гл.,3,120,0,0,0,0,0,117,39.0
7424,1.8125,,0.0,pupil_text,1,222.0,190e475543310786,6635542064e0a0003b7d343ca48e8822da0a1e54,0.6031788793103449,32.0,254.0,85.40434606051193,64,0.9635998213488164,48,0.9310344827586207,/home/galetka/Documents/Programming/hi-csg-r/data/processed/school_notebooks/ocr_images/school_notebooks_train_0207569.png,word,,0.9310344827586207,,,1237.3333333333333,school_notebooks_train_0207569,train,foreground_heavy;probable_horizontal_ruling,6,1,сквере,6,120,0,0,0,0,0,116,19.333333333333332
4096,1.0,,0.0,pupil_text,1,219.25,0d2e3656565e2633,2f454d8ca2e47fc055f657a6c0b971074ecf93f5,0.461669921875,35.75,255.0,85.93542007426183,64,0.9635113696456901,50,0.703125,/home/galetka/Documents/Programming/hi-csg-r/data/processed/school_notebooks/ocr_images/school_notebooks_train_0241173.png,word,,0.65625,,,1365.3333333333333,school_notebooks_train_0241173,train,foreground_heavy;probable_horizontal_ruling,6,1,iii,3,120,0,0,0,0,0,64,21.333333333333332
7040,1.71875,,0.0,pupil_text,1,213.0,303f273133554503,6a51cef076bfc33c564d6b3ba05dd4ca1b421632,0.5889204545454545,42.0,255.0,88.9365487903809,64,0.9633381572600096,47,0.9181818181818182,/home/galetka/Documents/Programming/hi-csg-r/data/processed/school_notebooks/ocr_images/school_notebooks_train_0229151.png,word,,0.8636363636363636,,,1408.0,school_notebooks_train_0229151,train,foreground_heavy;probable_horizontal_ruling,6,1,"силу,",5,120,0,0,0,0,0,110,22.0
12480,3.046875,,0.0,pupil_text,1,208.0,786f055515297940,d92700186c745ea85f92a637aab1b89a7c37cfa9,0.6048076923076923,47.0,255.0,80.04766302249035,64,0.9633015368309485,44,0.9282051282051282,/home/galetka/Documents/Programming/hi-csg-r/data/processed/school_notebooks/ocr_images/school_notebooks_train_0019453.png,word,,0.8974358974358975,,,2080.0,school_notebooks_train_0019453,train,foreground_heavy;probable_horizontal_ruling,6,1,cinema,6,120,0,0,0,0,0,195,32.5
7232,1.765625,,0.0,pupil_text,1,222.0,4e0f272919734301,eca5a77e0dca42fefdae65e9ed237e454c850f35,0.5579369469026548,32.0,254.0,88.57507645373292,64,0.9630731102850062,45,0.8938053097345132,/home/galetka/Documents/Programming/hi-csg-r/data/processed/school_notebooks/ocr_images/school_notebooks_train_0027534.png,word,,0.8672566371681416,,,1808.0,school_notebooks_train_0027534,train,foreground_heavy;probable_horizontal_ruling,6,1,мягк,4,120,0,0,0,0,0,113,28.25
11264,2.75,,0.0,pupil_text,1,208.0,303f6f2d4d454589,922ec3d49875e44524189f8270d40e10ac8e99a6,0.5830965909090909,46.0,254.0,83.73203255228493,64,0.9630024360535931,45,0.9090909090909091,/home/galetka/Documents/Programming/hi-csg-r/data/processed/school_notebooks/ocr_images/school_notebooks_train_0086224.png,word,,0.9090909090909091,,,2252.8,school_notebooks_train_0086224,train,foreground_heavy;probable_horizontal_ruling,6,1,таким,5,120,0,0,0,0,0,176,35.2
6144,1.5,,0.0,pupil_text,1,209.0,010337272b1b9f18,b50cb99489c401df8e99e9303c5779677d34d558,0.4993489583333333,46.0,255.0,86.23843435428331,64,0.9628422425032594,42,0.8541666666666666,/home/galetka/Documents/Programming/hi-csg-r/data/processed/school_notebooks/ocr_images/school_notebooks_train_0086869.png,word,,0.8541666666666666,,,2048.0,school_notebooks_train_0086869,train,foreground_heavy;probable_horizontal_ruling,6,1,что,3,120,0,0,0,0,0,96,32.0
9408,2.296875,,0.0,pupil_text,1,216.0,703f573965550101,66fb62ab5316a8dace90713970e38d73f1df6c4b,0.5884353741496599,39.0,255.0,85.99874602061114,64,0.9627890173410405,45,0.9319727891156463,/home/galetka/Documents/Programming/hi-csg-r/data/processed/school_notebooks/ocr_images/school_notebooks_train_0207557.png,word,,0.9115646258503401,,,1568.0,school_notebooks_train_0207557,train,foreground_heavy;probable_horizontal_ruling,6,1,"свист,",6,120,0,0,0,0,0,147,24.5
8768,2.140625,,0.0,pupil_text,1,206.0,0303132f3f597f78,af1826805f392b3fe648fad60988c2adbbd3afa0,0.5564552919708029,49.0,255.0,83.2370407696586,64,0.9626972740315638,45,0.9124087591240876,/home/galetka/Documents/Programming/hi-csg-r/data/processed/school_notebooks/ocr_images/school_notebooks_test_0304759.png,word,,0.8613138686131386,,,2922.6666666666665,school_notebooks_test_0304759,test,foreground_heavy;probable_horizontal_ruling,6,1,мне,3,120,0,0,0,0,0,137,45.666666666666664
5376,1.3125,,0.0,pupil_text,1,214.0,4303133327233f38,84be8fec74e400d3ef93840d0499c1a95573470e,0.46726190476190477,41.0,255.0,93.40198339043708,64,0.9625796178343949,42,0.8333333333333334,/home/galetka/Documents/Programming/hi-csg-r/data/processed/school_notebooks/ocr_images/school_notebooks_train_0169013.png,word,,0.7380952380952381,,,1792.0,school_notebooks_train_0169013,train,foreground_heavy;probable_horizontal_ruling,6,1,его,3,120,0,0,0,0,0,84,28.0
9408,2.296875,,0.0,pupil_text,1,221.0,01257579775e7862,700c7c83c89668f99d4822461679799892b7da7e,0.6273384353741497,34.0,255.0,82.66127418986686,64,0.9625550660792952,48,0.9591836734693877,/home/galetka/Documents/Programming/hi-csg-r/data/processed/school_notebooks/ocr_images/school_notebooks_train_0207116.png,word,,0.9591836734693877,,,1344.0,school_notebooks_train_0207116,train,foreground_heavy;probable_horizontal_ruling,6,1,сдается,7,120,0,0,0,0,0,147,21.0
11968,2.921875,,0.0,pupil_text,1,211.0,3f4d4d494d111190,524f2ba3b9421489b183cc7c507157a351c281ff,0.597927807486631,43.0,254.0,86.16002757342797,64,0.9625489100055897,42,0.946524064171123,/home/galetka/Documents/Programming/hi-csg-r/data/processed/school_notebooks/ocr_images/school_notebooks_train_0011562.png,word,,0.9411764705882353,,,1994.6666666666667,school_notebooks_train_0011562,train,foreground_heavy;probable_horizontal_ruling,6,1,апреля,6,120,0,0,0,0,0,187,31.166666666666668
9024,2.203125,,0.0,pupil_text,1,206.0,01010d0d6d437f60,94cda8f9e525f22beaccc395fcc55bf5fdd69650,0.5116356382978723,49.0,255.0,87.28445329582935,64,0.9625297812432315,41,0.900709219858156,/home/galetka/Documents/Programming/hi-csg-r/data/processed/school_notebooks/ocr_images/school_notebooks_train_0086726.png,word,,0.8794326241134752,,,2256.0,school_notebooks_train_0086726,train,foreground_heavy;probable_horizontal_ruling,6,1,меня,4,120,0,0,0,0,0,141,35.25
7360,1.796875,,0.0,pupil_comment,1,180.0,1b2b712969393f40,9239b91cb8ac41a7e6d61751c4fce405d9eb3584,0.5505434782608696,74.0,254.0,76.79266921428626,64,0.9624876604146101,42,0.8782608695652174,/home/galetka/Documents/Programming/hi-csg-r/data/processed/school_notebooks/ocr_images/school_notebooks_train_0239771.png,word,,0.8782608695652174,,,2453.3333333333335,school_notebooks_train_0239771,train,foreground_heavy;probable_horizontal_ruling,6,1,2-е,3,120,0,0,0,0,0,115,38.333333333333336
8576,2.09375,,0.0,pupil_text,1,186.0,0313575747050140,9dfa7d56e2cd4dc454b5cfbf0f3c307a059ae462,0.5824393656716418,68.0,254.0,77.90910485995556,64,0.9621621621621622,42,0.9253731343283582,/home/galetka/Documents/Programming/hi-csg-r/data/processed/school_notebooks/ocr_images/school_notebooks_train_0207563.png,phrase,,0.9253731343283582,,,1715.2,school_notebooks_train_0207563,train,foreground_heavy;probable_horizontal_ruling,6,1,"(3 л,",5,120,0,0,0,0,0,134,26.8
10432,2.546875,,0.0,pupil_text,1,213.0,6181053555510f0e,74268b615e44bc8898cd1093b62f624ec38a88ce,0.5564608895705522,42.0,255.0,87.56786104212483,64,0.9619293712316969,45,0.9386503067484663,/home/galetka/Documents/Programming/hi-csg-r/data/processed/school_notebooks/ocr_images/school_notebooks_train_0206804.png,word,,0.901840490797546,,,2086.4,school_notebooks_train_0206804,train,foreground_heavy;probable_horizontal_ruling,6,1,силой,5,120,0,0,0,0,0,163,32.6
8256,2.015625,,0.0,pupil_text,1,222.0,787f4d5333456101,f50eb4317557c1e86efe43a9ab399de566f98e5f,0.6349321705426356,33.0,255.0,80.68634412485882,64,0.9618466234261732,47,0.9224806201550387,/home/galetka/Documents/Programming/hi-csg-r/data/processed/school_notebooks/ocr_images/school_notebooks_train_0177663.png,word,,0.9224806201550387,,,1651.2,school_notebooks_train_0177663,train,foreground_heavy;probable_horizontal_ruling,6,1,пост;,5,120,0,0,0,0,0,129,25.8
9472,2.3125,,0.0,pupil_text,1,218.0,3e3f11155f4b0303,cfea8c37ba59872b2ee6ce48f77cd5a0690749e3,0.6248944256756757,37.0,255.0,80.81312809842008,64,0.9614799797263052,50,0.9324324324324325,/home/galetka/Documents/Programming/hi-csg-r/data/processed/school_notebooks/ocr_images/school_notebooks_train_0206727.png,word,,0.9054054054054054,,,3157.3333333333335,school_notebooks_train_0206727,train,foreground_heavy;probable_horizontal_ruling,6,1,сам,3,120,0,0,0,0,0,148,49.333333333333336
7296,1.78125,,0.0,pupil_text,1,203.0,3f4f4f256d6f7ec1,503fd8e7e7ebce7de60da56efbd5d980bb212eab,0.5863486842105263,52.0,255.0,81.22435498636895,64,0.9614305750350631,45,0.9122807017543859,/home/galetka/Documents/Programming/hi-csg-r/data/processed/school_notebooks/ocr_images/school_notebooks_train_0027493.png,word,,0.9122807017543859,,,1824.0,school_notebooks_train_0027493,train,foreground_heavy;probable_horizontal_ruling,6,1,"сущ,",4,120,0,0,0,0,0,114,28.5
10368,2.53125,,0.0,pupil_text,1,211.0,11814d2d33496b63,b564277eb2a223d76a3c5edd8be628ef82a243a7,0.5122492283950617,43.0,254.0,90.84132537213755,64,0.9614008661269065,44,0.9074074074074074,/home/galetka/Documents/Programming/hi-csg-r/data/processed/school_notebooks/ocr_images/school_notebooks_train_0007102.png,word,,0.8518518518518519,,,2592.0,school_notebooks_train_0007102,train,foreground_heavy;probable_horizontal_ruling,6,1,поле,4,120,0,0,0,0,0,162,40.5
12352,3.015625,,0.0,pupil_text,1,196.0,617e5b1b33190746,a50de4f269fc562c77a698a8f5a123e823021c1b,0.5301975388601037,59.0,255.0,81.43319951784707,64,0.9613681478088257,44,0.927461139896373,/home/galetka/Documents/Programming/hi-csg-r/data/processed/school_notebooks/ocr_images/school_notebooks_train_0044896.png,word,,0.9067357512953368,,,4117.333333333333,school_notebooks_train_0044896,train,foreground_heavy;probable_horizontal_ruling,6,1,что,3,120,0,0,0,0,0,193,64.33333333333333
12928,3.15625,,0.0,pupil_text,1,207.0,01015551494f7e70,b36ea98b0075576cdc716c41771081e037dd191e,0.6267017326732673,48.0,255.0,82.50954566175025,64,0.961367563564552,47,0.9603960396039604,/home/galetka/Documents/Programming/hi-csg-r/data/processed/school_notebooks/ocr_images/school_notebooks_train_0206855.png,word,,0.9455445544554455,,,1846.857142857143,school_notebooks_train_0206855,train,foreground_heavy;probable_horizontal_ruling,6,1,большой,7,120,0,0,0,0,0,202,28.857142857142858
10048,2.453125,,0.0,pupil_text,1,218.0,03696d6d6f661626,0db3163752f58abd48d62a4c95de1fcc38813e34,0.6076831210191083,36.0,254.0,79.10055980219956,64,0.9613494923026531,50,0.9235668789808917,/home/galetka/Documents/Programming/hi-csg-r/data/processed/school_notebooks/ocr_images/school_notebooks_train_0227151.png,word,,0.9171974522292994,,,2512.0,school_notebooks_train_0227151,train,foreground_heavy;probable_horizontal_ruling,6,1,и.п-,4,120,0,0,0,0,0,157,39.25
8128,1.984375,,0.0,pupil_comment,1,216.0,817e535b132b1f08,02fa5f600a4060d377a9859429df96cade3cab1e,0.5107037401574803,39.0,255.0,89.81493480229628,64,0.9612141652613828,41,0.8818897637795275,/home/galetka/Documents/Programming/hi-csg-r/data/processed/school_notebooks/ocr_images/school_notebooks_train_0239203.png,word,,0.8582677165354331,,,2709.3333333333335,school_notebooks_train_0239203,train,foreground_heavy;probable_horizontal_ruling,6,1,скл,3,120,0,0,0,0,0,127,42.333333333333336
7232,1.765625,,0.0,pupil_text,1,220.0,7c3f294b5b590303,b508ede55e322a7f8094f41654d3563937ef79a4,0.6254148230088495,35.0,255.0,82.19796103634478,64,0.9610877736015918,48,0.911504424778761,/home/galetka/Documents/Programming/hi-csg-r/data/processed/school_notebooks/ocr_images/school_notebooks_train_0236956.png,word,,0.8938053097345132,,,2410.6666666666665,school_notebooks_train_0236956,train,foreground_heavy;probable_horizontal_ruling,6,1,543,3,120,0,0,0,0,0,113,37.666666666666664
7872,1.921875,,0.0,pupil_text,1,208.0,03030b2b2b4b7f40,780a8e6d8a0d714068fb34067520db70ad237f6a,0.5148628048780488,47.0,255.0,86.3694199170844,64,0.9610165309647175,43,0.8780487804878049,/home/galetka/Documents/Programming/hi-csg-r/data/processed/school_notebooks/ocr_images/school_notebooks_train_0048342.png,word,,0.8292682926829268,,,2624.0,school_notebooks_train_0048342,train,foreground_heavy;probable_horizontal_ruling,6,1,нас,3,120,0,0,0,0,0,123,41.0
9536,2.328125,,0.0,pupil_text,1,229.0,7f0b476d595f7ee1,4eb1d53dd39bf138a95e3c8727aa3bf21a7e1269,0.5887164429530202,26.0,255.0,88.40667353857313,64,0.9609903811898824,46,0.9261744966442953,/home/galetka/Documents/Programming/hi-csg-r/data/processed/school_notebooks/ocr_images/school_notebooks_train_0230022.png,word,,0.8859060402684564,,,1362.2857142857142,school_notebooks_train_0230022,train,foreground_heavy;probable_horizontal_ruling,6,1,простые,7,120,0,0,0,0,0,149,21.285714285714285
5888,1.4375,,0.0,pupil_comment,1,222.64999999999998,00032b1b0b2f7f00,89cd79d9ff64b53e05fe70df86c22807fc73eeec,0.3999660326086957,32.35000000000002,255.0,90.14103692986926,64,0.9609341825902336,36,0.782608695652174,/home/galetka/Documents/Programming/hi-csg-r/data/processed/school_notebooks/ocr_images/school_notebooks_train_0178995.png,word,,0.782608695652174,,,1962.6666666666667,school_notebooks_train_0178995,train,foreground_heavy;probable_horizontal_ruling,6,1,скл,3,120,0,0,0,0,0,92,30.666666666666668
4672,1.140625,,0.0,pupil_comment,1,197.45,162f2f2f270e0e48,5da5848f41a6e0fcd09f171bd93a788686a2a6a2,0.4631849315068493,57.55000000000001,255.0,84.32181540553788,64,0.960720887245841,43,0.7808219178082192,/home/galetka/Documents/Programming/hi-csg-r/data/processed/school_notebooks/ocr_images/school_notebooks_train_0064888.png,word,,0.7808219178082192,,,1557.3333333333333,school_notebooks_train_0064888,train,foreground_heavy;probable_horizontal_ruling,6,1,ед.,3,120,0,0,0,0,0,73,24.333333333333332
9088,2.21875,,0.0,pupil_text,1,238.0,43785f3b1d45630d,2e16f7ba5fe52bf3b6ffd1c828edf665437c3f82,0.5673415492957746,17.0,255.0,89.92737411995255,64,0.9606283941039565,43,0.9154929577464789,/home/galetka/Documents/Programming/hi-csg-r/data/processed/school_notebooks/ocr_images/school_notebooks_train_0224185.png,word,,0.9154929577464789,,,3029.3333333333335,school_notebooks_train_0224185,train,foreground_heavy;probable_horizontal_ruling,6,1,эти,3,120,0,0,0,0,0,142,47.333333333333336
10240,2.5,,0.0,pupil_comment,1,217.0,26776b4b43233f20,897afdc97190edf354ca7ff827bf8eb369728928,0.5330078125,38.0,255.0,86.84154945245801,64,0.9606082814217662,45,0.9,/home/galetka/Documents/Programming/hi-csg-r/data/processed/school_notebooks/ocr_images/school_notebooks_train_0006749.png,word,,0.8,,,2560.0,school_notebooks_train_0006749,train,foreground_heavy;probable_horizontal_ruling,6,1,3-ел,4,120,0,0,0,0,0,160,40.0
10560,2.578125,,0.0,pupil_text,1,205.0,787f4d5757454501,cc4caec21f21da28cdea7fdcb26a113b1ee98eea,0.6511363636363636,50.0,255.0,76.68146329183554,64,0.9604421175101804,48,0.9272727272727272,/home/galetka/Documents/Programming/hi-csg-r/data/processed/school_notebooks/ocr_images/school_notebooks_train_0178109.png,word,,0.9272727272727272,,,2112.0,school_notebooks_train_0178109,train,foreground_heavy;probable_horizontal_ruling,6,1,пост:,5,120,0,0,0,0,0,165,33.0
11456,2.796875,,0.0,pupil_text,1,199.0,07016d6525495d59,2ea99f296626c771a2f530f21bd316d6dd4f8f67,0.6381808659217877,56.0,255.0,80.33503845907529,64,0.960333743673916,46,0.9106145251396648,/home/galetka/Documents/Programming/hi-csg-r/data/processed/school_notebooks/ocr_images/school_notebooks_train_0086852.png,word,,0.8994413407821229,,,2864.0,school_notebooks_train_0086852,train,foreground_heavy;probable_horizontal_ruling,6,1,моей,4,120,0,0,0,0,0,179,44.75
7872,1.921875,,0.0,pupil_comment,1,211.0,80010d5b5b550101,aaadc5f8b789922902d2e1fba33a18c07da7fcfe,0.5729166666666666,44.0,255.0,88.65676425722242,64,0.9603104212860311,44,0.9024390243902439,/home/galetka/Documents/Programming/hi-csg-r/data/processed/school_notebooks/ocr_images/school_notebooks_train_0177101.png,word,,0.8861788617886179,,,1574.4,school_notebooks_train_0177101,train,foreground_heavy;probable_horizontal_ruling,6,1,какой,5,120,0,0,0,0,0,123,24.6
14144,3.453125,,0.0,pupil_text,1,222.0,785f596747130706,ffa2e9dbc5cf6c39a22cd84324ec3483d5b4dadd,0.5860435520361991,32.0,254.0,88.75297012825072,64,0.9603088430449994,44,0.9457013574660633,/home/galetka/Documents/Programming/hi-csg-r/data/processed/school_notebooks/ocr_images/school_notebooks_train_0207566.png,word,,0.9276018099547512,,,2357.3333333333335,school_notebooks_train_0207566,train,foreground_heavy;probable_horizontal_ruling,6,1,синеют,6,120,0,0,0,0,0,221,36.833333333333336
14848,3.625,,0.0,pupil_text,1,220.0,0407074165457ff8,2ca30e692e56302f2b5b51e67564751035dab6fd,0.5212823275862069,34.0,254.0,91.32674574048838,64,0.9602067183462533,41,0.9568965517241379,/home/galetka/Documents/Programming/hi-csg-r/data/processed/school_notebooks/ocr_images/school_notebooks_train_0207494.png,word,,0.9568965517241379,,,1856.0,school_notebooks_train_0207494,train,foreground_heavy;probable_horizontal_ruling,6,1,человеке,8,120,0,0,0,0,0,232,29.0
8768,2.140625,,0.0,pupil_text,1,210.64999999999998,0d165353471d0101,2ee6828de4a9d7f2b5c20b04f2d1a7ee0790fee2,0.5846259124087592,44.35000000000002,255.0,87.70625086534321,64,0.9600078033554429,46,0.927007299270073,/home/galetka/Documents/Programming/hi-csg-r/data/processed/school_notebooks/ocr_images/school_notebooks_train_0207562.png,phrase,,0.8978102189781022,,,1753.6,school_notebooks_train_0207562,train,foreground_heavy;probable_horizontal_ruling,6,1,"(3 л,",5,120,0,0,0,0,0,137,27.4
8768,2.140625,,0.0,pupil_text,1,202.0,6101091917654501,db0f475f062c9451030cc6b549c2e747ced61301,0.5840556569343066,52.0,254.0,79.89540012356281,64,0.9599687561023238,45,0.927007299270073,/home/galetka/Documents/Programming/hi-csg-r/data/processed/school_notebooks/ocr_images/school_notebooks_train_0207484.png,word,,0.8978102189781022,,,2922.6666666666665,school_notebooks_train_0207484,train,foreground_heavy;probable_horizontal_ruling,6,1,мой,3,120,0,0,0,0,0,137,45.666666666666664
6848,1.671875,,0.0,pupil_comment,1,218.0,000b3b5b1b351540,da8c33dfa21a0c1dc93298df93058c9846afe76b,0.477803738317757,37.0,255.0,94.3201619501609,64,0.9599633251833741,39,0.8504672897196262,/home/galetka/Documents/Programming/hi-csg-r/data/processed/school_notebooks/ocr_images/school_notebooks_val_0271498.png,word,,0.822429906542056,,,2282.6666666666665,school_notebooks_val_0271498,val,foreground_heavy;probable_horizontal_ruling,6,1,скл,3,120,0,0,0,0,0,107,35.666666666666664
6336,1.546875,,0.0,pupil_text,1,223.0,7f7d3125773f7863,ee504171d731a650da7ec1c5c45949315a849efe,0.6134785353535354,31.0,254.0,86.19401271352949,64,0.9596089529199897,48,0.9393939393939394,/home/galetka/Documents/Programming/hi-csg-r/data/processed/school_notebooks/ocr_images/school_notebooks_train_0228796.png,word,,0.9292929292929293,,,1056.0,school_notebooks_train_0228796,train,foreground_heavy;probable_horizontal_ruling,6,1,третье,6,120,0,0,0,0,0,99,16.5
8512,2.078125,,0.0,pupil_comment,1,215.0,400307377f7f7801,9c9a1f30f8fd52e8054e048ac0142523a7bd3433,0.39039003759398494,40.0,255.0,89.8329978769438,64,0.9593740595847126,34,0.8345864661654135,/home/galetka/Documents/Programming/hi-csg-r/data/processed/school_notebooks/ocr_images/school_notebooks_train_0178332.png,word,,0.8345864661654135,,,2837.3333333333335,school_notebooks_train_0178332,train,foreground_heavy;probable_horizontal_ruling,6,1,мн.,3,120,0,0,0,0,0,133,44.333333333333336
8640,2.109375,,0.0,pupil_text,1,220.0,603c5d5953390b83,a21d84c571fc9a76e2596f89ee6aa152f1ab777d,0.5472222222222223,35.0,255.0,89.05675977789544,64,0.9589678510998308,44,0.9111111111111111,/home/galetka/Documents/Programming/hi-csg-r/data/processed/school_notebooks/ocr_images/school_notebooks_train_0177019.png,word,,0.9037037037037037,,,2160.0,school_notebooks_train_0177019,train,foreground_heavy;probable_horizontal_ruling,6,1,шого,4,120,0,0,0,0,0,135,33.75
7424,1.8125,,0.0,pupil_text,1,218.0,03234b4b45370e8d,e015155a3a7588d3e55789fb83d8ef8c7fa97365,0.5317887931034483,36.0,254.0,89.74584912999622,64,0.958966565349544,43,0.896551724137931,/home/galetka/Documents/Programming/hi-csg-r/data/processed/school_notebooks/ocr_images/school_notebooks_train_0027535.png,word,,0.896551724137931,,,1856.0,school_notebooks_train_0027535,train,foreground_heavy;probable_horizontal_ruling,6,1,согл,4,120,0,0,0,0,0,116,29.0
4672,1.140625,,0.0,pupil_text,1,222.0,13171b37274f1c1b,b7b56cbdebf04e68ab6aab5763a93e859a82b185,0.5475171232876712,33.0,255.0,88.29580229047868,64,0.9589523064894449,49,0.8904109589041096,/home/galetka/Documents/Programming/hi-csg-r/data/processed/school_notebooks/ocr_images/school_notebooks_train_0027521.png,word,,0.7808219178082192,,,1557.3333333333333,school_notebooks_train_0027521,train,foreground_heavy;probable_horizontal_ruling,6,1,удр,3,120,0,0,0,0,0,73,24.333333333333332
5824,1.421875,,0.0,pupil_text,1,222.84999999999997,303f5b554d693f38,5e309def12a0bec5b27388c6eec1273d702495a0,0.5602678571428571,32.150000000000034,255.0,84.62079631770142,64,0.9589334967821024,46,0.8461538461538461,/home/galetka/Documents/Programming/hi-csg-r/data/processed/school_notebooks/ocr_images/school_notebooks_train_0179414.png,word,,0.8241758241758241,,,1456.0,school_notebooks_train_0179414,train,foreground_heavy;probable_horizontal_ruling,6,1,(ем),4,120,0,0,0,0,0,91,22.75
5952,1.453125,,0.0,pupil_text,1,231.0,83031d5d39710706,e2a1362f3ea4e64a2eedbe4c6b6c07c9afbd961a,0.6053427419354839,24.0,255.0,86.99075604786135,64,0.9586455731334999,46,0.9139784946236559,/home/galetka/Documents/Programming/hi-csg-r/data/processed/school_notebooks/ocr_images/school_notebooks_train_0230029.png,word,,0.9139784946236559,,,850.2857142857143,school_notebooks_train_0230029,train,foreground_heavy;probable_horizontal_ruling,6,1,свбозна,7,120,0,0,0,0,0,93,13.285714285714286
6272,1.53125,,0.0,pupil_comment,1,228.45,81252d4959171f90,295b4b369f890e5b39b27f3013282eae532157d3,0.5358737244897959,25.55000000000001,254.0,90.13348345250543,64,0.9583457304373698,43,0.8775510204081632,/home/galetka/Documents/Programming/hi-csg-r/data/processed/school_notebooks/ocr_images/school_notebooks_train_0246358.png,word,,0.8469387755102041,,,2090.6666666666665,school_notebooks_train_0246358,train,foreground_heavy;probable_horizontal_ruling,6,1,скл,3,120,0,0,0,0,0,98,32.666666666666664
10112,2.46875,,0.0,pupil_text,1,211.0,0121235353694501,d6f241c1555c9c1acb2f709bedad65127eddb939,0.596815664556962,44.0,255.0,81.09052063805157,64,0.9580778790389395,46,0.8987341772151899,/home/galetka/Documents/Programming/hi-csg-r/data/processed/school_notebooks/ocr_images/school_notebooks_train_0085269.png,word,,0.8987341772151899,,,3370.6666666666665,school_notebooks_train_0085269,train,foreground_heavy;probable_horizontal_ruling,6,1,кем,3,120,0,0,0,0,0,158,52.666666666666664
10112,2.46875,,0.0,pupil_text,1,203.0,707f415f25010161,5cb759242f29d94df0efafb24c613a204efc0064,0.5466772151898734,51.0,254.0,82.38511484055903,64,0.9578509406657019,40,0.9113924050632911,/home/galetka/Documents/Programming/hi-csg-r/data/processed/school_notebooks/ocr_images/school_notebooks_train_0085148.png,word,,0.9113924050632911,,,1685.3333333333333,school_notebooks_train_0085148,train,foreground_heavy;probable_horizontal_ruling,6,1,"пение,",6,120,0,0,0,0,0,158,26.333333333333332
15168,3.703125,,0.0,pupil_text,1,223.0,787f43096941c1a0,ed69757b3c37c8ac792187fd55f148b42130b98e,0.5759493670886076,31.0,254.0,94.31292606594171,64,0.957760989010989,42,0.9324894514767933,/home/galetka/Documents/Programming/hi-csg-r/data/processed/school_notebooks/ocr_images/school_notebooks_train_0207475.png,word,,0.9324894514767933,,,1896.0,school_notebooks_train_0207475,train,foreground_heavy;probable_horizontal_ruling,6,1,ромашки.,8,120,0,0,0,0,0,237,29.625
6464,1.578125,,0.0,pupil_text,1,204.0,3c3f272b63150746,33df8dd653205f82c89b77f3049264e412bd9c08,0.5762685643564357,51.0,255.0,81.07380232737788,64,0.9575838926174497,46,0.9207920792079208,/home/galetka/Documents/Programming/hi-csg-r/data/processed/school_notebooks/ocr_images/school_notebooks_train_0229314.png,word,,0.8910891089108911,,,923.4285714285714,school_notebooks_train_0229314,train,foreground_heavy;probable_horizontal_ruling,6,1,"налету,",7,120,0,0,0,0,0,101,14.428571428571429
4096,1.0,,0.0,pupil_text,1,204.25,063626262e2e0606,0cbe95e759928b44ee365ca7b1dcbb5ac27ea42c,0.4072265625,50.75,255.0,83.68866540860866,64,0.9574340527577938,47,0.65625,/home/galetka/Documents/Programming/hi-csg-r/data/processed/school_notebooks/ocr_images/school_notebooks_train_0240602.png,word,,0.625,,,1365.3333333333333,school_notebooks_train_0240602,train,foreground_heavy;probable_horizontal_ruling,6,1,iii,3,120,0,0,0,0,0,64,21.333333333333332
7680,1.875,,0.0,pupil_text,1,232.0,0303737777070581,495a241d6ff6ea2da4117e21c8a732391f81fabe,0.6234375,23.0,255.0,87.5254585428196,64,0.9573934837092731,51,0.95,/home/galetka/Documents/Programming/hi-csg-r/data/processed/school_notebooks/ocr_images/school_notebooks_train_0166609.png,word,,0.95,,,2560.0,school_notebooks_train_0166609,train,foreground_heavy;probable_horizontal_ruling,6,1,"""а:",3,120,0,0,0,0,0,120,40.0
7168,1.75,,0.0,teacher_comment,1,194.0,090e373925450f03,b5f8ee1ffa9f7bbcd4df921f77c917885a942c42,0.5786830357142857,61.0,255.0,80.55511133611672,64,0.9573288331726133,47,0.9285714285714286,/home/galetka/Documents/Programming/hi-csg-r/data/processed/school_notebooks/ocr_images/school_notebooks_train_0065822.png,phrase,,0.8839285714285714,,,1194.6666666666667,school_notebooks_train_0065822,train,foreground_heavy;probable_horizontal_ruling,6,1,1/1 ош,6,120,0,0,0,0,0,112,18.666666666666668
7424,1.8125,,0.0,pupil_text,1,208.0,707f5357475d0101,86d1292fcc12a1f4b6283b171446d8c3d75af31c,0.5988685344827587,47.0,255.0,85.7653075126077,64,0.9570400359874044,46,0.9310344827586207,/home/galetka/Documents/Programming/hi-csg-r/data/processed/school_notebooks/ocr_images/school_notebooks_train_0207565.png,phrase,,0.9310344827586207,,,1484.8,school_notebooks_train_0207565,train,foreground_heavy;probable_horizontal_ruling,6,1,"(3 л,",5,120,0,0,0,0,0,116,23.2
11072,2.703125,,0.0,pupil_text,1,210.0,01014d4d1d5b7203,287e0163f765edd27437de592a2a6fd7c39bff88,0.5311596820809249,45.0,255.0,85.64201894127947,64,0.9564699880972624,39,0.9190751445086706,/home/galetka/Documents/Programming/hi-csg-r/data/processed/school_notebooks/ocr_images/school_notebooks_train_0103814.png,word,,0.9075144508670521,,,1845.3333333333333,school_notebooks_train_0103814,train,foreground_heavy;probable_horizontal_ruling,6,1,смотря,6,120,0,0,0,0,0,173,28.833333333333332
5504,1.34375,,0.0,pupil_comment,1,221.84999999999997,111c173333331303,0ede5c32c864d344949703f710a27992dc888d29,0.48328488372093026,33.150000000000034,255.0,88.1339358866225,64,0.956390977443609,42,0.8372093023255814,/home/galetka/Documents/Programming/hi-csg-r/data/processed/school_notebooks/ocr_images/school_notebooks_train_0239206.png,word,,0.8255813953488372,,,1834.6666666666667,school_notebooks_train_0239206,train,foreground_heavy;probable_horizontal_ruling,6,1,1-е,3,120,0,0,0,0,0,86,28.666666666666668
17024,4.15625,,0.0,pupil_text,1,221.0,40110d65454b77f0,a0eab8730791348c3a902ff4dc34429795346e48,0.543703007518797,34.0,255.0,91.64179926372898,64,0.956352636127917,41,0.9360902255639098,/home/galetka/Documents/Programming/hi-csg-r/data/processed/school_notebooks/ocr_images/school_notebooks_train_0007096.png,word,,0.8834586466165414,,,2432.0,school_notebooks_train_0007096,train,foreground_heavy;probable_horizontal_ruling,6,1,полянке,7,120,0,0,0,0,0,266,38.0
5504,1.34375,,0.0,pupil_text,1,213.0,8c0f1955594d1501,fdf2804dd3592b0a190f6f0f25095aaaad0a4810,0.6397165697674418,42.0,255.0,80.69352727382996,64,0.9562624254473161,48,0.9069767441860465,/home/galetka/Documents/Programming/hi-csg-r/data/processed/school_notebooks/ocr_images/school_notebooks_train_0193207.png,word,,0.8953488372093024,,,1376.0,school_notebooks_train_0193207,train,foreground_heavy;probable_horizontal_ruling,6,1,твой,4,120,0,0,0,0,0,86,21.5
9920,2.421875,,0.0,pupil_comment,1,213.0,00375357356b4700,58c6ba93e08e6560ccec183d7815424dc47593fb,0.49294354838709675,42.0,255.0,89.25179917617888,64,0.9562372188139059,39,0.8774193548387097,/home/galetka/Documents/Programming/hi-csg-r/data/processed/school_notebooks/ocr_images/school_notebooks_train_0239943.png,word,,0.8774193548387097,,,3306.6666666666665,school_notebooks_train_0239943,train,foreground_heavy;probable_horizontal_ruling,6,1,скл,3,120,0,0,0,0,0,155,51.666666666666664
5184,1.265625,,0.0,pupil_text,1,203.0,203f2f2d2d0d0302,472ce18f867ae6ba584b2419098cb9cef98dfda0,0.49363425925925924,52.0,255.0,84.98979401540953,64,0.9562329034779211,42,0.8271604938271605,/home/galetka/Documents/Programming/hi-csg-r/data/processed/school_notebooks/ocr_images/school_notebooks_train_0019440.png,word,,0.8271604938271605,,,1728.0,school_notebooks_train_0019440,train,foreground_heavy;probable_horizontal_ruling,6,1,it.,3,120,0,0,0,0,0,81,27.0
9088,2.21875,,0.0,pupil_text,1,211.0,387f574d47050d2c,8681a86513f89d63575ebecea185d91767281100,0.5273987676056338,43.0,254.0,84.31294248217863,64,0.9559774671395785,42,0.9295774647887324,/home/galetka/Documents/Programming/hi-csg-r/data/processed/school_notebooks/ocr_images/school_notebooks_train_0027525.png,word,,0.9225352112676056,,,1298.2857142857142,school_notebooks_train_0027525,train,foreground_heavy;probable_horizontal_ruling,6,1,которые,7,120,0,0,0,0,0,142,20.285714285714285
10304,2.515625,,0.0,pupil_text,1,229.0,8303475735673f30,8d97bacbb92d9a4a1f662d912302b48764eaa20a,0.5673524844720497,26.0,255.0,89.25631424544706,64,0.9556962025316456,44,0.937888198757764,/home/galetka/Documents/Programming/hi-csg-r/data/processed/school_notebooks/ocr_images/school_notebooks_train_0230019.png,word,,0.9254658385093167,,,1717.3333333333333,school_notebooks_train_0230019,train,foreground_heavy;probable_horizontal_ruling,6,1,"члены,",6,120,0,0,0,0,0,161,26.833333333333332
9472,2.3125,,0.0,pupil_text,1,220.0,8301316979634f3e,dadbf3b443b913ba0016ca3145a9ebf606f9fccc,0.6804265202702703,34.0,254.0,77.39056250372624,64,0.9554693560899923,52,0.9459459459459459,/home/galetka/Documents/Programming/hi-csg-r/data/processed/school_notebooks/ocr_images/school_notebooks_train_0206803.png,word,,0.9391891891891891,,,1578.6666666666667,school_notebooks_train_0206803,train,foreground_heavy;probable_horizontal_ruling,6,1,пример,6,120,0,0,0,0,0,148,24.666666666666668
8576,2.09375,,0.0,pupil_text,1,214.0,617c6f55555d0101,a30ab8f33c53e0ca02241fdc816c98aa78e93823,0.5760261194029851,41.0,255.0,84.62249856695561,64,0.9552631578947368,43,0.917910447761194,/home/galetka/Documents/Programming/hi-csg-r/data/processed/school_notebooks/ocr_images/school_notebooks_train_0019436.png,word,,0.917910447761194,,,1429.3333333333333,school_notebooks_train_0019436,train,foreground_heavy;probable_horizontal_ruling,6,1,kate's,6,120,0,0,0,0,0,134,22.333333333333332
